id,title_en,category,relevance,purpose,theme,monthly,n_rows,n_time,t_start,t_end,median,magnitude_order,top_entities
2402,Construction work volume (annual),construction,PRIMARY,CONSTRUCTION DRIVER (load growth proxy),national_with_regions,0,221,15,2010,2024,125.8,5,Republic of Uzbekistan | Republic of Karakalpakstan | Nukus city | Amudarya district | Beruniy  district
236,Population density (per km²),demography,PRIMARY,POPULATION DRIVER,national_with_regions,0,221,16,2010,2025,257.75,4,Republic of Uzbekistan | Republic of Karakalpakstan | Nukus city | Amudarya district | Beruniy  district
246,"Permanent population, total (thsd)",demography,PRIMARY,POPULATION DRIVER,national_with_regions,0,221,17,2010,2026,162.2,4,Republic of Uzbekistan | Republic of Karakalpakstan | Nukus city | Amudarya district | Beruniy  district
247,"Permanent population, rural (thsd)",demography,PRIMARY,POPULATION DRIVER,national_with_regions,0,221,17,2010,2026,80.2,4,Republic of Uzbekistan | Republic of Karakalpakstan | Nukus city | Amudarya district | Beruniy  district
248,"Permanent population, urban (thsd)",demography,PRIMARY,POPULATION DRIVER,national_with_regions,0,221,17,2010,2026,60.6,4,Republic of Uzbekistan | Republic of Karakalpakstan | Nukus city | Amudarya district | Beruniy  district
376,Thermal power capacity (MW),energy,PRIMARY,TARGET or PRIMARY ENERGY DRIVER (model spine),national_single,0,1,15,2010,2024,12276.5,4,Republic of Uzbekistan
380,Hydroelectric capacity (MW),energy,PRIMARY,TARGET or PRIMARY ENERGY DRIVER (model spine),national_single,0,1,15,2010,2024,1880.4,3,Republic of Uzbekistan
440,Electricity production by region (mln kWh),energy,PRIMARY,TARGET or PRIMARY ENERGY DRIVER (model spine),national_with_regions,0,15,15,2010,2024,658.1,4,Republic of Uzbekistan | Republic of Karakalpakstan | Andijan region | Bukhara region | Jizzakh region
446,Solar PV power output (mln kWh),energy,PRIMARY,TARGET or PRIMARY ENERGY DRIVER (model spine),national_single,0,1,10,2015,2024,0.5,3,Republic of Uzbekistan
458,Wind power output (mln kWh),energy,PRIMARY,TARGET or PRIMARY ENERGY DRIVER (model spine),national_single,0,1,11,2015,2024,0.0,2,Republic of Uzbekistan
588,Total installed power capacity (MW),energy,PRIMARY,TARGET or PRIMARY ENERGY DRIVER (model spine),national_single,0,1,15,2010,2024,14191.4,4,Republic of Uzbekistan
2680,Natural gas extraction (mln m3),energy,PRIMARY,TARGET or PRIMARY ENERGY DRIVER (model spine),national_single,0,1,15,2010,2024,56132.1,4,Republic of Uzbekistan
2681,Natural gas consumption (mln m3),energy,PRIMARY,TARGET or PRIMARY ENERGY DRIVER (model spine),national_single,0,1,15,2010,2024,47343.1,4,Republic of Uzbekistan
2682,Coal extraction (thsd tonnes),energy,PRIMARY,TARGET or PRIMARY ENERGY DRIVER (model spine),national_single,0,1,15,2010,2024,4090.0,3,Republic of Uzbekistan
2683,Coal consumption (thsd tonnes),energy,PRIMARY,TARGET or PRIMARY ENERGY DRIVER (model spine),national_single,0,1,15,2010,2024,5698.6,4,Republic of Uzbekistan
2684,Subscriber electricity consumption by region (mln kWh),energy,PRIMARY,TARGET or PRIMARY ENERGY DRIVER (model spine),national_with_regions,0,15,9,2016,2024,3945.1,4,Republic of Uzbekistan | Republic of Karakalpakstan | Andijan region | Bukhara region | Jizzakh region
2685,Enterprise / organisation electricity supply (mln kWh),energy,PRIMARY,TARGET or PRIMARY ENERGY DRIVER (model spine),national_single,0,1,15,2010,2024,4970.9,3,Republic of Uzbekistan
2686,Housing sector electricity supply (mln kWh),energy,PRIMARY,TARGET or PRIMARY ENERGY DRIVER (model spine),national_single,0,1,15,2010,2024,12779.8,4,Republic of Uzbekistan
3167,Total electricity supply (mln kWh),energy,PRIMARY,TARGET or PRIMARY ENERGY DRIVER (model spine),national_single,0,1,15,2010,2024,60180.8,4,Republic of Uzbekistan
3169,Industrial sector electricity supply (mln kWh),energy,PRIMARY,TARGET or PRIMARY ENERGY DRIVER (model spine),national_single,0,1,15,2010,2024,19469.0,4,Republic of Uzbekistan
3171,Agricultural sector electricity supply (mln kWh),energy,PRIMARY,TARGET or PRIMARY ENERGY DRIVER (model spine),national_single,0,1,15,2010,2024,9202.4,4,Republic of Uzbekistan
552,Industrial production volume (annual),industry,PRIMARY,INDUSTRIAL ACTIVITY DRIVER,national_with_regions,0,221,15,2010,2024,341.4,5,Republic of Uzbekistan | Republic of Karakalpakstan | Nukus city | Amudarya district | Beruniy  district
569,Industrial production index (annual),industry,PRIMARY,INDUSTRIAL ACTIVITY DRIVER,national_with_regions,0,221,15,2010,2024,107.3,3,Republic of Uzbekistan | Republic of Karakalpakstan | Nukus city | Amudarya district | Beruniy  district
1326,Fixed-capital investment volume (annual),investment,PRIMARY,INVESTMENT DRIVER (capacity buildout proxy),national_with_regions,0,221,15,2010,2024,242.9,5,Republic of Uzbekistan | Republic of Karakalpakstan | Nukus city | Amudarya district | Beruniy  district
567,Employed population (thsd),labour,PRIMARY,LABOUR DRIVER,national_with_regions,0,221,16,2010,2025,64.4,4,Republic of Uzbekistan | Republic of Karakalpakstan | Nukus city | Amudarya district | Beruniy  district
321,Total income of population (bln UZS),living,PRIMARY,living,national_single,0,1,16,2010,2025,290155.4,6,Republic of Uzbekistan
1291,Annual CPI YoY,prices,PRIMARY,PRICE / TARIFF DRIVER (for elasticity),international,0,27,11,2010,2020,108.3,2,Cumulative index | Food products | Non-food products | Services | Bakery products
1578,Annual industrial PPI YoY,prices,PRIMARY,PRICE / TARIFF DRIVER (for elasticity),national_single,0,1,26,2000,2025,117.15,2,Republic of Uzbekistan
2704,Retail trade volume (annual),trade,PRIMARY,HOUSEHOLD DEMAND PROXY,national_with_regions,0,221,15,2010,2024,362.8,5,Republic of Uzbekistan | Republic of Karakalpakstan | Nukus city | Amudarya district | Beruniy  district
1439,Total agricultural production (annual),agriculture,STRONG,agriculture,national_with_regions,0,15,15,2010,2024,9824.6,5,Republic of Uzbekistan | Republic of Karakalpakstan | Andijan region | Bukhara region | Jizzakh region
1451,Total crop production (annual),agriculture,STRONG,agriculture,national_with_regions,0,15,15,2010,2024,5267.1,5,Republic of Uzbekistan | Republic of Karakalpakstan | Andijan region | Bukhara region | Jizzakh region
1454,Total agricultural production growth rate,agriculture,STRONG,agriculture,national_with_regions,0,15,15,2010,2024,104.2,2,Republic of Uzbekistan | Republic of Karakalpakstan | Andijan region | Bukhara region | Jizzakh region
420,SME share of GDP,business,STRONG,INDUSTRIAL CONNECTIONS PROXY,national_with_regions,0,15,17,2010,2026-Q1,71.2,1,Republic of Uzbekistan | Republic of Karakalpakstan | Andijan region | Bukhara region | Jizzakh region
2403,Construction work volume (monthly),construction,STRONG,CONSTRUCTION DRIVER (load growth proxy),national_with_regions,1,15,64,2021-M01,2026-M04,3965.5,5,Republic of Uzbekistan | Republic of Karakalpakstan | Andijan region | Bukhara region | Jizzakh region
2404,Construction growth rate (annual),construction,STRONG,CONSTRUCTION DRIVER (load growth proxy),national_with_regions,0,221,15,2010,2024,111.6,3,Republic of Uzbekistan | Republic of Karakalpakstan | Nukus city | Amudarya district | Beruniy  district
2835,Working-age population (thsd),demography,STRONG,POPULATION DRIVER,national_with_regions,0,15,15,2011,2025,1541.4,4,Republic of Uzbekistan | Republic of Karakalpakstan | Andijan region | Bukhara region | Jizzakh region
1569,Pollutants emitted to atmosphere (kt),ecology,STRONG,EMISSIONS TARGET (CO2),national_with_regions,0,15,15,2010,2024,37.7,3,Republic of Uzbekistan | Republic of Karakalpakstan | Andijan region | Bukhara region | Jizzakh region
444,Heat (thermal) energy production by region (thsd Gcal),energy,STRONG,TARGET or PRIMARY ENERGY DRIVER (model spine),national_with_regions,0,15,15,2010,2024,267.1,4,Republic of Uzbekistan | Republic of Karakalpakstan | Andijan region | Bukhara region | Jizzakh region
474,Oil extraction (thsd tonnes),energy,STRONG,TARGET or PRIMARY ENERGY DRIVER (model spine),national_single,0,1,15,2010,2024,813.6,3,Republic of Uzbekistan
510,Gas condensate extraction (thsd tonnes),energy,STRONG,TARGET or PRIMARY ENERGY DRIVER (model spine),national_single,0,1,15,2010,2024,1765.4,3,Republic of Uzbekistan
2687,Per-capita subscriber electricity consumption (kWh),energy,STRONG,TARGET or PRIMARY ENERGY DRIVER (model spine),national_with_regions,0,15,9,2016,2024,1432.3,3,Republic of Uzbekistan | Republic of Karakalpakstan | Andijan region | Bukhara region | Jizzakh region
3168,Per-capita electricity supply,energy,STRONG,TARGET or PRIMARY ENERGY DRIVER (model spine),national_single,0,1,15,2010,2024,1.9,0,Republic of Uzbekistan
3170,Construction sector electricity supply (mln kWh),energy,STRONG,TARGET or PRIMARY ENERGY DRIVER (model spine),national_single,0,1,15,2010,2024,373.4,3,Republic of Uzbekistan
3172,Transport sector electricity supply (mln kWh),energy,STRONG,TARGET or PRIMARY ENERGY DRIVER (model spine),national_single,0,1,15,2010,2024,1214.4,3,Republic of Uzbekistan
1243,Apartments with natural gas (share),environment,STRONG,HOUSING / AC PENETRATION PROXY,national_with_regions,0,221,15,2010,2024,66.7,2,Republic of Uzbekistan | Republic of Karakalpakstan | Nukus city | Amudarya district | Beruniy  district
1244,Total housing stock area (mln m²),environment,STRONG,HOUSING / AC PENETRATION PROXY,national_with_regions,0,222,15,2010,2024,2532824.0,8,Republic of Uzbekistan | Republic of Karakalpakstan | Nukus city | Taxiatosh city | Amudarya district
1245,Number of residential apartments,environment,STRONG,HOUSING / AC PENETRATION PROXY,national_with_regions,0,221,15,2010,2024,29436.0,6,Republic of Uzbekistan | Republic of Karakalpakstan | Nukus city | Amudarya district | Beruniy  district
1143,Goods export FOB prices (annual),foreign_trade,STRONG,EXTERNAL DEMAND DRIVER (gas/oil exports = energy),national_single,0,1,15,2010,2024,11687.9,4,Republic of Uzbekistan
1151,Goods import CIF prices (annual),foreign_trade,STRONG,EXTERNAL DEMAND DRIVER (gas/oil exports = energy),national_single,0,1,15,2010,2024,12997.3,4,Republic of Uzbekistan
1176,Import volume by country (annual),foreign_trade,STRONG,EXTERNAL DEMAND DRIVER (gas/oil exports = energy),international,0,234,15,2010,2024,7.68,7,Cuba | Côte d’Ivoire | Papua New Guinea | Tuvalu | Chad
1189,Export by product categories (annual),foreign_trade,STRONG,EXTERNAL DEMAND DRIVER (gas/oil exports = energy),international,0,23,13,2010,2022,228.6,4,"Food and Beverage | Raw materials | Processed | Source products for industry, not elsewhere classified | Raw materials"
1501,Services export by type (annual),foreign_trade,STRONG,EXTERNAL DEMAND DRIVER (gas/oil exports = energy),international,0,10,15,2010,2024,80.2,3,Export of services | Maintenance and repair services not elsewhere classified | Transport | Trips (tourism) | Insurance and pension services
1502,Services import by type (annual),foreign_trade,STRONG,EXTERNAL DEMAND DRIVER (gas/oil exports = energy),international,0,10,15,2010,2024,74.0,3,Import Services | Maintenance and repair services not elsewhere classified | Transport | Trips (tourism) | Insurance and pension services
1506,Import by product categories (annual),foreign_trade,STRONG,EXTERNAL DEMAND DRIVER (gas/oil exports = energy),international,0,23,13,2010,2022,809.2,4,"Food and Beverage | Raw materials | Processed | Source products for industry, not elsewhere classified | Raw materials"
2358,Foreign trade volume (annual),foreign_trade,STRONG,EXTERNAL DEMAND DRIVER (gas/oil exports = energy),national_with_regions,0,221,15,2010,2024,26.7,4,Republic of Uzbekistan | Republic of Karakalpakstan | Nukus city | Amudarya district | Beruniy  district
3078,Goods export volume HS 2-digit (annual),foreign_trade,STRONG,EXTERNAL DEMAND DRIVER (gas/oil exports = energy),international,0,96,15,2010,2024,7966.15,6,"Articles of clothing and clothing accessories, other than knitted or crocheted | Cotton | Cork and its products | Tobacco and industrial tobacco substitutes; products containing or not containing nicotine intended to be inhaled without burning; other products containing nicotine and intended for the intake of nicotine into the human body | Salt; sulphur; earths and stone; plastering materials, lime and cement"
3087,Goods import volume HS 2-digit (annual),foreign_trade,STRONG,EXTERNAL DEMAND DRIVER (gas/oil exports = energy),international,0,96,15,2010,2024,30555.85,6,"Articles of clothing and clothing accessories, other than knitted or crocheted | Cotton | Cork and its products | Tobacco and industrial tobacco substitutes; products containing or not containing nicotine intended to be inhaled without burning; other products containing nicotine and intended for the intake of nicotine into the human body | Salt; sulphur; earths and stone; plastering materials, lime and cement"
555,Mining and quarrying production volume,industry,STRONG,INDUSTRIAL ACTIVITY DRIVER,national_with_regions,0,15,15,2010,2024,175.0,4,Republic of Uzbekistan | Republic of Karakalpakstan | Andijan region | Bukhara region | Jizzakh region
558,Manufacturing production growth (monthly),industry,STRONG,INDUSTRIAL ACTIVITY DRIVER,national_single,0,1,16,2010,2025,54.5,1,Republic of Uzbekistan
559,Manufacturing production volume,industry,STRONG,INDUSTRIAL ACTIVITY DRIVER,national_single,0,1,16,2010,2025,51.0,1,Republic of Uzbekistan
562,Industrial production index by activity (monthly),industry,STRONG,INDUSTRIAL ACTIVITY DRIVER,international,1,29,87,2019-M01,2026-M03,105.5,2,"Industrial production | Mining and quarrying | Manufacturing industry | Electricity, gas, steam and air conditioning | Water supply; sewerage, waste collection and disposal"
568,Heavy industry output,industry,STRONG,INDUSTRIAL ACTIVITY DRIVER,national_single,0,1,16,2010,2025,259.5,2,Republic of Uzbekistan
571,Industrial production index by activity (annual),industry,STRONG,INDUSTRIAL ACTIVITY DRIVER,international,0,29,15,2010,2024,107.2,2,"Industrial production | Mining and quarrying | Manufacturing industry | Electricity, gas, steam and air conditioning | Water supply; sewerage, waste collection and disposal"
590,Industrial production by activity (monthly),industry,STRONG,INDUSTRIAL ACTIVITY DRIVER,international,1,29,87,2019-M01,2026-M03,3865.7,6,"Industrial production | Mining and quarrying | Manufacturing industry | Electricity, gas, steam and air conditioning | Water supply; sewerage, waste collection and disposal"
604,Industrial production by activity (annual),industry,STRONG,INDUSTRIAL ACTIVITY DRIVER,international,0,29,15,2010,2024,3402.0,5,"Industrial production | Mining and quarrying | Manufacturing industry | Electricity, gas, steam and air conditioning | Water supply; sewerage, waste collection and disposal"
406,Fixed-capital investment growth rate (annual),investment,STRONG,INVESTMENT DRIVER (capacity buildout proxy),national_with_regions,0,221,15,2010,2024,110.4,3,Republic of Uzbekistan | Republic of Karakalpakstan | Nukus city | Amudarya district | Beruniy  district
432,Fixed-capital investment by asset type,investment,STRONG,INVESTMENT DRIVER (capacity buildout proxy),international,0,16,6,2019,2024,2056.3,5,"Residential buildings | Non-residential buildings | Other facilities | Land improvement | Machinery and equipment, total"
1328,Per-capita fixed-capital investment,investment,STRONG,INVESTMENT DRIVER (capacity buildout proxy),national_with_regions,0,221,15,2010,2024,1537.6,5,Republic of Uzbekistan | Republic of Karakalpakstan | Nukus city | Amudarya district | Beruniy  district
1331,Fixed-capital investment growth (quarterly),investment,STRONG,INVESTMENT DRIVER (capacity buildout proxy),national_with_regions,0,15,25,2020-Q1,2026-Q1,113.4,2,Republic of Uzbekistan | Republic of Karakalpakstan | Andijan region | Bukhara region | Jizzakh region
1336,FDI + credits share in fixed-capital investment,investment,STRONG,INVESTMENT DRIVER (capacity buildout proxy),national_with_regions,0,15,25,2000,2024,19.8,1,Republic of Uzbekistan | Republic of Karakalpakstan | Andijan region | Bukhara region | Jizzakh region
1340,Fixed-capital investment as % of GDP,investment,STRONG,INVESTMENT DRIVER (capacity buildout proxy),national_single,0,1,25,2000,2024,20.9,1,Republic of Uzbekistan
1561,Fixed-capital investment (quarterly),investment,STRONG,INVESTMENT DRIVER (capacity buildout proxy),national_with_regions,0,15,25,2020-Q1,2026-Q1,11172.4,5,Republic of Uzbekistan | Republic of Karakalpakstan | Andijan region | Bukhara region | Jizzakh region
1905,New residential floor space (annual),investment,STRONG,INVESTMENT DRIVER (capacity buildout proxy),national_with_regions,0,221,15,2010,2024,55.7,4,Republic of Uzbekistan | Republic of Karakalpakstan | Nukus city | Amudarya district | Beruniy  district
500,"Average nominal monthly wage, annual (UZS)",labour,STRONG,LABOUR DRIVER,national_with_regions,0,221,8,2017,2024,1968021.45,7,Republic of Uzbekistan | Republic of Karakalpakstan | Nukus city | Amudarya district | Beruniy  district
506,Average wage by economic activity (quarterly),labour,STRONG,LABOUR DRIVER,international,0,19,37,2017-Q1,2026-Q1,3085721.5,7,"Agriculture, forestry and fisheries | Mining and quarrying | Manufacturing industry | Electricity, gas, steam and air conditioning | Water supply; sewerage, waste collection and disposal"
515,Labour resources count (thsd),labour,STRONG,LABOUR DRIVER,national_with_regions,0,221,16,2010,2025,90.9,4,Republic of Uzbekistan | Republic of Karakalpakstan | Nukus city | Amudarya district | Beruniy  district
521,Working-age population (thsd),labour,STRONG,LABOUR DRIVER,national_with_regions,0,15,16,2010,2025,1505.2,4,Republic of Uzbekistan | Republic of Karakalpakstan | Andijan region | Bukhara region | Jizzakh region
522,Average nominal monthly wage (quarterly),labour,STRONG,LABOUR DRIVER,national_with_regions,0,221,37,2017-Q1,2026-Q1,2377216.6,7,Republic of Uzbekistan | Republic of Karakalpakstan | Nukus city | Amudarya district | Beruniy  district
532,Economic activity rate (%),labour,STRONG,LABOUR DRIVER,national_with_regions,0,15,16,2010,2025,72.65,1,Republic of Uzbekistan | Republic of Karakalpakstan | Andijan region | Bukhara region | Jizzakh region
554,Economically active population (thsd),labour,STRONG,LABOUR DRIVER,national_with_regions,0,221,16,2010,2025,69.0,4,Republic of Uzbekistan | Republic of Karakalpakstan | Nukus city | Amudarya district | Beruniy  district
1311,Employment rate (%),labour,STRONG,LABOUR DRIVER,national_with_regions,0,15,16,2010,2025,67.1,1,Republic of Uzbekistan | Republic of Karakalpakstan | Andijan region | Bukhara region | Jizzakh region
1315,Employed by economic activity (thsd),labour,STRONG,LABOUR DRIVER,international,0,19,16,2010,2025,305.4,3,"Agriculture, forestry and fisheries | Mining and quarrying | Manufacturing industry | Electricity, gas, steam and air conditioning | Water supply; sewerage, waste collection and disposal"
329,Per capita income by region (UZS),living,STRONG,living,national_with_regions,0,15,16,2010,2025,8771.15,4,Republic of Uzbekistan | Republic of Karakalpakstan | Andijan region | Bukhara region | Jizzakh region
334,Total income growth rate (% YoY),living,STRONG,living,national_single,0,1,16,2010,2025,121.2,2,Republic of Uzbekistan
403,Real per-capita income by region,living,STRONG,living,national_with_regions,0,15,16,2010,2025,7739.5,4,Republic of Uzbekistan | Republic of Karakalpakstan | Andijan region | Bukhara region | Jizzakh region
410,Real total income volume,living,STRONG,living,national_single,0,1,16,2010,2025,254939.0,6,Republic of Uzbekistan
434,Real income growth by region,living,STRONG,living,national_with_regions,0,15,16,2010,2025,108.2,2,Republic of Uzbekistan | Republic of Karakalpakstan | Andijan region | Bukhara region | Jizzakh region
443,Real income growth rate,living,STRONG,living,national_single,0,1,16,2010,2025,110.15,2,Republic of Uzbekistan
543,Televisions per 100 households,living,STRONG,living,national_single,0,1,16,2010,2025,154.5,2,Republic of Uzbekistan
1317,Per-capita income growth by region,living,STRONG,living,national_single,0,1,16,2010,2025,7.05,0,Republic of Uzbekistan
1325,Average household size,living,STRONG,living,national_with_regions,0,15,16,2010,2025,5.1,0,Republic of Uzbekistan | Republic of Karakalpakstan | Andijan region | Bukhara region | Jizzakh region
1333,Per-capita income growth rate,living,STRONG,living,national_with_regions,0,15,16,2010,2025,118.25,2,Republic of Uzbekistan | Republic of Karakalpakstan | Andijan region | Bukhara region | Jizzakh region
1285,"CPI dynamics, month-on-month",prices,STRONG,PRICE / TARIFF DRIVER (for elasticity),international,0,28,132,2010-М01,2020-М12,100.45,2,Cumulative index | Food products | Non-food products | Services | Bakery products
1289,Annual CPI vs prior December,prices,STRONG,PRICE / TARIFF DRIVER (for elasticity),international,0,27,11,2010,2020,108.6,2,Cumulative index | Food products | Non-food products | Services | Bakery products
1294,Transport service tariff index (annual),prices,STRONG,PRICE / TARIFF DRIVER (for elasticity),national_single,0,1,26,2000,2025,115.265,2,Republic of Uzbekistan
1295,Transport service tariff index (YoY),prices,STRONG,PRICE / TARIFF DRIVER (for elasticity),national_single,0,1,26,2000,2025,116.1,2,Republic of Uzbekistan
1301,PPI composite by construction component (monthly),prices,STRONG,PRICE / TARIFF DRIVER (for elasticity),international,0,64,196,2010-М01,2026-M04,100.0,2,Composite index | Construction and installation works | Material costs | Electricity | Electricity
1305,Regional CPI (quarterly),prices,STRONG,PRICE / TARIFF DRIVER (for elasticity),national_with_regions,0,15,17,2022-Q1,2026-Q1,101.7,2,Republic of Uzbekistan | Republic of Karakalpakstan | Andijan region | Bukhara region | Jizzakh region
1308,Agricultural product prices (monthly),prices,STRONG,PRICE / TARIFF DRIVER (for elasticity),international,0,41,64,2021-М01,2026-M04,10521.35,5,Rice | Barley | Wheat | Corn | Bran
1314,PPI by HS classification (monthly),prices,STRONG,PRICE / TARIFF DRIVER (for elasticity),international,0,116,87,2019-М01,2026-M03,100.0,2,"Composite index | LIVE ANIMALS; ANIMAL PRODUCTS | LIVE ANIMALS | MEAT AND  MEAT PREPARATIONS | FISH, CRUSTACEANS, MOLLUSCS AND AQUATIC INVERTEBRATES, AND PREPARATIONS THEREOF"
1321,PPI by HS classification (annual),prices,STRONG,PRICE / TARIFF DRIVER (for elasticity),international,0,115,7,2019,2025,108.4,2,"Composite index | LIVE ANIMALS; ANIMAL PRODUCTS | LIVE ANIMALS | MEAT AND  MEAT PREPARATIONS | FISH, CRUSTACEANS, MOLLUSCS AND AQUATIC INVERTEBRATES, AND PREPARATIONS THEREOF"
1577,Annual industrial PPI vs prior Dec,prices,STRONG,PRICE / TARIFF DRIVER (for elasticity),national_single,0,1,26,2000,2025,116.7,2,Republic of Uzbekistan
2959,Annual industrial PPI by category,prices,STRONG,PRICE / TARIFF DRIVER (for elasticity),international,0,16,10,2016,2025,113.15,2,"Composite index | Mining and quarrying | Manufacturing industry | Electricity, gas, steam and air conditioning | Water supply; sewerage, waste collection and disposal"
2960,Annual industrial PPI YoY by category,prices,STRONG,PRICE / TARIFF DRIVER (for elasticity),international,0,16,10,2016,2025,114.9,2,"Composite index | Mining and quarrying | Manufacturing industry | Electricity, gas, steam and air conditioning | Water supply; sewerage, waste collection and disposal"
3003,Annual CPI dynamics vs prior Dec,prices,STRONG,PRICE / TARIFF DRIVER (for elasticity),national_single,0,1,26,2000,2025,107.7,2,Republic of Uzbekistan
325,Mobile communication revenue share,services,STRONG,SECTORAL ACTIVITY DRIVER,national_single,0,1,25,2000,2024,51.1,1,Republic of Uzbekistan
1206,Market services growth rate by type (annual),services,STRONG,SECTORAL ACTIVITY DRIVER,international,0,13,16,2010,2025,114.75,2,Trade | Information and communication | Transport activities | Accommodation and food service activities | Financial activities
1207,Motor transport services volume,services,STRONG,SECTORAL ACTIVITY DRIVER,national_with_regions,0,15,16,2010,2025,1543.0500000000002,5,Republic of Uzbekistan | Republic of Karakalpakstan | Andijan region | Bukhara region | Jizzakh region
1208,Information & communication services volume,services,STRONG,SECTORAL ACTIVITY DRIVER,national_with_regions,0,15,16,2010,2025,404.6,4,Republic of Uzbekistan | Republic of Karakalpakstan | Andijan region | Bukhara region | Jizzakh region
1210,Market services by region (annual),services,STRONG,SECTORAL ACTIVITY DRIVER,national_with_regions,0,15,16,2010,2025,10053.2,6,Republic of Uzbekistan | Republic of Karakalpakstan | Andijan region | Bukhara region | Jizzakh region
1213,Transport services volume,services,STRONG,SECTORAL ACTIVITY DRIVER,national_with_regions,0,15,16,2010,2025,1822.25,5,Republic of Uzbekistan | Republic of Karakalpakstan | Andijan region | Bukhara region | Jizzakh region
1222,Trade services volume,services,STRONG,SECTORAL ACTIVITY DRIVER,national_with_regions,0,15,16,2010,2025,2417.9,5,Republic of Uzbekistan | Republic of Karakalpakstan | Andijan region | Bukhara region | Jizzakh region
1223,Accommodation and food services volume,services,STRONG,SECTORAL ACTIVITY DRIVER,national_with_regions,0,15,16,2010,2025,1781.3,5,Republic of Uzbekistan | Republic of Karakalpakstan | Andijan region | Bukhara region | Jizzakh region
1269,Internet subscribers per 100 pop,services,STRONG,SECTORAL ACTIVITY DRIVER,national_with_regions,0,15,10,2015,2024,48.95,2,Republic of Uzbekistan | Republic of Karakalpakstan | Andijan region | Bukhara region | Jizzakh region
2522,Market services volume by type (annual),services,STRONG,SECTORAL ACTIVITY DRIVER,international,0,13,16,2010,2025,7086.8,5,Wholesale and retail trade; repair of motor vehicles and motorcycles | Transportation and storage | Accommodation and food services | Information and communication | Financial and insurance activities
3178,Broadband internet subscribers,services,STRONG,SECTORAL ACTIVITY DRIVER,national_single,0,1,10,2015,2024,902.7,3,Republic of Uzbekistan
1494,Wholesale trade volume (annual),trade,STRONG,HOUSEHOLD DEMAND PROXY,national_with_regions,0,15,15,2010,2024,2198747.1,8,Republic of Uzbekistan | Republic of Karakalpakstan | Andijan region | Bukhara region | Jizzakh region
2699,Retail trade volume (monthly),trade,STRONG,HOUSEHOLD DEMAND PROXY,national_with_regions,1,15,75,2020-M01,2026-M03,7625302.2,8,Republic of Uzbekistan | Republic of Karakalpakstan | Andijan region | Bukhara region | Jizzakh region
2705,Retail trade growth (annual),trade,STRONG,HOUSEHOLD DEMAND PROXY,national_with_regions,0,15,15,2010,2024,112.0,2,Republic of Uzbekistan | Republic of Karakalpakstan | Andijan region | Bukhara region | Jizzakh region
563,Metro passenger turnover,transport,STRONG,TRANSPORT ENERGY / FREIGHT,national_single,0,1,25,2000,2024,0.5,0,Republic of Uzbekistan
573,Rail passenger turnover (annual),transport,STRONG,TRANSPORT ENERGY / FREIGHT,national_single,0,1,25,2000,2024,3.0,0,Republic of Uzbekistan
592,Tram passenger turnover,transport,STRONG,TRANSPORT ENERGY / FREIGHT,national_single,0,1,25,2000,2024,0.1,-1,Republic of Uzbekistan
594,Trolleybus passenger turnover,transport,STRONG,TRANSPORT ENERGY / FREIGHT,national_single,0,1,25,2000,2024,0.02,-1,Republic of Uzbekistan
622,Metro passengers transported,transport,STRONG,TRANSPORT ENERGY / FREIGHT,national_single,0,1,25,2000,2024,70.5,2,Republic of Uzbekistan
634,Rail passengers transported,transport,STRONG,TRANSPORT ENERGY / FREIGHT,national_single,0,1,25,2000,2024,14.9,1,Republic of Uzbekistan
644,Pipeline freight volume (annual),transport,STRONG,TRANSPORT ENERGY / FREIGHT,national_single,0,1,25,2000,2024,64.5,1,Republic of Uzbekistan
645,Tram passengers transported,transport,STRONG,TRANSPORT ENERGY / FREIGHT,national_single,0,1,25,2000,2024,14.9,1,Republic of Uzbekistan
646,Trolleybus passengers transported,transport,STRONG,TRANSPORT ENERGY / FREIGHT,national_single,0,1,25,2000,2024,0.8,1,Republic of Uzbekistan
648,Pipeline freight turnover (annual),transport,STRONG,TRANSPORT ENERGY / FREIGHT,national_single,0,1,25,2000,2024,31.1,1,Republic of Uzbekistan
666,Metro track length,transport,STRONG,TRANSPORT ENERGY / FREIGHT,national_single,0,1,25,2000,2024,36.1,1,Republic of Uzbekistan
673,"Main pipeline length, total (km)",transport,STRONG,TRANSPORT ENERGY / FREIGHT,national_single,0,1,25,2000,2024,13.9,1,Republic of Uzbekistan
675,Gas pipeline length (km),transport,STRONG,TRANSPORT ENERGY / FREIGHT,national_single,0,1,25,2000,2024,13.8,1,Republic of Uzbekistan
685,Tram track length,transport,STRONG,TRANSPORT ENERGY / FREIGHT,national_single,0,1,25,2000,2024,89.1,2,Republic of Uzbekistan
686,Trolleybus line length,transport,STRONG,TRANSPORT ENERGY / FREIGHT,national_single,0,1,25,2000,2024,38.0,2,Republic of Uzbekistan
3264,Rail freight volume (quarterly),transport,STRONG,TRANSPORT ENERGY / FREIGHT,national_single,0,1,9,2024-Q1,2026-Q1,51.6,2,Republic of Uzbekistan
3265,Pipeline freight volume (quarterly),transport,STRONG,TRANSPORT ENERGY / FREIGHT,national_single,0,1,9,2024-Q1,2026-Q1,31.4,1,Republic of Uzbekistan
3268,Rail freight turnover (quarterly),transport,STRONG,TRANSPORT ENERGY / FREIGHT,national_single,0,1,9,2024-Q1,2026-Q1,13.1,1,Republic of Uzbekistan
3270,Pipeline freight turnover (quarterly),transport,STRONG,TRANSPORT ENERGY / FREIGHT,national_single,0,1,9,2024-Q1,2026-Q1,14.3,1,Republic of Uzbekistan
3273,Rail passengers (quarterly),transport,STRONG,TRANSPORT ENERGY / FREIGHT,national_single,0,1,9,2024-Q1,2026-Q1,5.3,1,Republic of Uzbekistan
3274,Trolleybus passengers (quarterly),transport,STRONG,TRANSPORT ENERGY / FREIGHT,national_single,0,1,9,2024-Q1,2026-Q1,0.3,-1,Republic of Uzbekistan
3275,Tram passengers (quarterly),transport,STRONG,TRANSPORT ENERGY / FREIGHT,national_single,0,1,9,2024-Q1,2026-Q1,1.8,0,Republic of Uzbekistan
3276,Metro passengers (quarterly),transport,STRONG,TRANSPORT ENERGY / FREIGHT,national_single,0,1,8,2024-Q1,2025-Q4,167.75,2,Republic of Uzbekistan
3279,Rail passenger turnover (quarterly),transport,STRONG,TRANSPORT ENERGY / FREIGHT,national_single,0,1,9,2024-Q1,2026-Q1,2.1,0,Republic of Uzbekistan
3281,Trolleybus passenger turnover (quarterly),transport,STRONG,TRANSPORT ENERGY / FREIGHT,national_single,0,1,9,2024-Q1,2026-Q1,8.8,1,Republic of Uzbekistan
3282,Tram passenger turnover (quarterly),transport,STRONG,TRANSPORT ENERGY / FREIGHT,national_single,0,1,9,2024-Q1,2026-Q1,6.2,1,Republic of Uzbekistan
3283,Metro passenger turnover (quarterly),transport,STRONG,TRANSPORT ENERGY / FREIGHT,national_single,0,1,9,2024-Q1,2026-Q1,1060.1,3,Republic of Uzbekistan
275,"Grain crops total, all farm types",agriculture,POSSIBLE,agriculture,national_with_regions,0,15,15,2010,2024,614.0,3,Republic of Uzbekistan | Republic of Karakalpakstan | Andijan region | Bukhara region | Jizzakh region
294,Rice production,agriculture,POSSIBLE,agriculture,national_with_regions,0,15,15,2010,2024,9.6,2,Republic of Uzbekistan | Republic of Karakalpakstan | Andijan region | Bukhara region | Jizzakh region
323,Potato production,agriculture,POSSIBLE,agriculture,national_with_regions,0,15,15,2010,2024,181.8,3,Republic of Uzbekistan | Republic of Karakalpakstan | Andijan region | Bukhara region | Jizzakh region
324,Vegetables total,agriculture,POSSIBLE,agriculture,national_with_regions,0,15,15,2010,2024,615.0,4,Republic of Uzbekistan | Republic of Karakalpakstan | Andijan region | Bukhara region | Jizzakh region
341,Fruits and berries total,agriculture,POSSIBLE,agriculture,national_with_regions,0,15,15,2010,2024,147.2,3,Republic of Uzbekistan | Republic of Karakalpakstan | Andijan region | Bukhara region | Jizzakh region
360,Per-capita milk production (kg),agriculture,POSSIBLE,agriculture,national_single,0,1,16,2010,2025,76.25,1,Republic of Uzbekistan
365,Per-capita egg production (units),agriculture,POSSIBLE,agriculture,national_single,0,1,16,2010,2025,2.2,0,Republic of Uzbekistan
412,Grape production,agriculture,POSSIBLE,agriculture,national_with_regions,0,15,15,2010,2024,83.7,3,Republic of Uzbekistan | Republic of Karakalpakstan | Andijan region | Bukhara region | Jizzakh region
413,Livestock for slaughter (live weight),agriculture,POSSIBLE,agriculture,national_with_regions,0,15,15,2010,2024,166.0,3,Republic of Uzbekistan | Republic of Karakalpakstan | Andijan region | Bukhara region | Jizzakh region
457,Per-capita meat production (kg),agriculture,POSSIBLE,agriculture,national_single,0,1,16,2010,2025,6.0,0,Republic of Uzbekistan
482,Poultry for slaughter (live weight),agriculture,POSSIBLE,agriculture,national_with_regions,0,15,15,2010,2024,4.7,2,Republic of Uzbekistan | Republic of Karakalpakstan | Andijan region | Bukhara region | Jizzakh region
490,Total milk produced,agriculture,POSSIBLE,agriculture,national_with_regions,0,15,15,2010,2024,735.7,4,Republic of Uzbekistan | Republic of Karakalpakstan | Andijan region | Bukhara region | Jizzakh region
494,Total eggs collected,agriculture,POSSIBLE,agriculture,national_with_regions,0,15,15,2010,2024,379.7,3,Republic of Uzbekistan | Republic of Karakalpakstan | Andijan region | Bukhara region | Jizzakh region
1453,Total livestock production (annual),agriculture,POSSIBLE,agriculture,national_with_regions,0,15,15,2010,2024,4773.5,5,Republic of Uzbekistan | Republic of Karakalpakstan | Andijan region | Bukhara region | Jizzakh region
1455,Crop production growth rate,agriculture,POSSIBLE,agriculture,national_with_regions,0,15,15,2010,2024,104.5,2,Republic of Uzbekistan | Republic of Karakalpakstan | Andijan region | Bukhara region | Jizzakh region
1456,Livestock production growth rate,agriculture,POSSIBLE,agriculture,national_with_regions,0,15,15,2010,2024,105.2,2,Republic of Uzbekistan | Republic of Karakalpakstan | Andijan region | Bukhara region | Jizzakh region
1458,Wheat production,agriculture,POSSIBLE,agriculture,national_with_regions,0,15,15,2010,2024,496.8,3,Republic of Uzbekistan | Republic of Karakalpakstan | Andijan region | Bukhara region | Jizzakh region
1459,Farm enterprise ag growth rate,agriculture,POSSIBLE,agriculture,national_with_regions,0,15,15,2010,2024,103.3,2,Republic of Uzbekistan | Republic of Karakalpakstan | Andijan region | Bukhara region | Jizzakh region
1460,Household plot ag growth rate,agriculture,POSSIBLE,agriculture,national_with_regions,0,15,15,2010,2024,104.1,2,Republic of Uzbekistan | Republic of Karakalpakstan | Andijan region | Bukhara region | Jizzakh region
1461,Ag organisation production growth rate,agriculture,POSSIBLE,agriculture,national_with_regions,0,15,15,2010,2024,108.1,2,Republic of Uzbekistan | Republic of Karakalpakstan | Andijan region | Bukhara region | Jizzakh region
1463,Farm enterprise crop growth rate,agriculture,POSSIBLE,agriculture,national_with_regions,0,15,15,2010,2024,102.9,2,Republic of Uzbekistan | Republic of Karakalpakstan | Andijan region | Bukhara region | Jizzakh region
1464,Household plot crop growth rate,agriculture,POSSIBLE,agriculture,national_with_regions,0,15,15,2010,2024,103.0,2,Republic of Uzbekistan | Republic of Karakalpakstan | Andijan region | Bukhara region | Jizzakh region
1465,Ag organisation crop growth rate,agriculture,POSSIBLE,agriculture,national_with_regions,0,15,15,2010,2024,109.0,2,Republic of Uzbekistan | Republic of Karakalpakstan | Andijan region | Bukhara region | Jizzakh region
1469,Farm enterprise livestock growth rate,agriculture,POSSIBLE,agriculture,national_with_regions,0,15,15,2010,2024,108.6,2,Republic of Uzbekistan | Republic of Karakalpakstan | Andijan region | Bukhara region | Jizzakh region
1470,Household plot livestock growth rate,agriculture,POSSIBLE,agriculture,national_with_regions,0,15,15,2010,2024,104.8,2,Republic of Uzbekistan | Republic of Karakalpakstan | Andijan region | Bukhara region | Jizzakh region
1474,Ag organisation livestock growth rate,agriculture,POSSIBLE,agriculture,national_with_regions,0,220,15,2010,2024,0.0,2,Republic of Uzbekistan | Republic of Karakalpakstan | Nukus city | Amudarya district | Beruniy  district
1476,Ag/forestry/fishery output growth rate,agriculture,POSSIBLE,agriculture,national_with_regions,0,15,15,2010,2024,104.2,2,Republic of Uzbekistan | Republic of Karakalpakstan | Andijan region | Bukhara region | Jizzakh region
1479,Farm enterprise share of total ag,agriculture,POSSIBLE,agriculture,national_with_regions,0,15,15,2010,2024,29.2,1,Republic of Uzbekistan | Republic of Karakalpakstan | Andijan region | Bukhara region | Jizzakh region
1481,Ag/forestry/fishery total volume,agriculture,POSSIBLE,agriculture,national_with_regions,0,220,15,2010,2024,0.0,5,Republic of Uzbekistan | Republic of Karakalpakstan | Nukus city | Amudarya district | Beruniy  district
1482,Household plot share of total ag,agriculture,POSSIBLE,agriculture,national_with_regions,0,15,15,2010,2024,66.5,1,Republic of Uzbekistan | Republic of Karakalpakstan | Andijan region | Bukhara region | Jizzakh region
1484,Ag organisation share of total ag,agriculture,POSSIBLE,agriculture,national_with_regions,0,15,15,2010,2024,2.7,1,Republic of Uzbekistan | Republic of Karakalpakstan | Andijan region | Bukhara region | Jizzakh region
1485,Farm enterprise share of crop production,agriculture,POSSIBLE,agriculture,national_with_regions,0,15,15,2010,2024,53.6,1,Republic of Uzbekistan | Republic of Karakalpakstan | Andijan region | Bukhara region | Jizzakh region
1486,Household plot share of crop production,agriculture,POSSIBLE,agriculture,national_with_regions,0,15,15,2010,2024,40.6,1,Republic of Uzbekistan | Republic of Karakalpakstan | Andijan region | Bukhara region | Jizzakh region
1488,Ag organisation share of crop production,agriculture,POSSIBLE,agriculture,national_with_regions,0,15,15,2010,2024,2.4,1,Republic of Uzbekistan | Republic of Karakalpakstan | Andijan region | Bukhara region | Jizzakh region
1490,Farm enterprise share of livestock,agriculture,POSSIBLE,agriculture,national_with_regions,0,15,15,2010,2024,4.2,1,Republic of Uzbekistan | Republic of Karakalpakstan | Andijan region | Bukhara region | Jizzakh region
1491,Ag organisation share of livestock,agriculture,POSSIBLE,agriculture,national_with_regions,0,15,15,2010,2024,2.3,1,Republic of Uzbekistan | Republic of Karakalpakstan | Andijan region | Bukhara region | Jizzakh region
1492,Household plot share of livestock,agriculture,POSSIBLE,agriculture,national_with_regions,0,15,15,2010,2024,92.7,2,Republic of Uzbekistan | Republic of Karakalpakstan | Andijan region | Bukhara region | Jizzakh region
2943,Ag/forestry/fishery output (quarterly),agriculture,POSSIBLE,agriculture,national_with_regions,0,15,14,2022-Q4,2025-Q4,16829.15,5,Republic of Uzbekistan | Republic of Karakalpakstan | Andijan region | Bukhara region | Jizzakh region
2944,Ag/forestry/fishery growth (quarterly),agriculture,POSSIBLE,agriculture,national_with_regions,0,15,14,2022-Q4,2026-Q1,104.0,2,Republic of Uzbekistan | Republic of Karakalpakstan | Andijan region | Bukhara region | Jizzakh region
2945,Total ag production (quarterly),agriculture,POSSIBLE,agriculture,national_with_regions,0,15,14,2022-Q4,2026-Q1,16216.55,5,Republic of Uzbekistan | Republic of Karakalpakstan | Andijan region | Bukhara region | Jizzakh region
2946,Total ag production growth (quarterly),agriculture,POSSIBLE,agriculture,national_with_regions,0,15,14,2022-Q4,2026-Q1,104.0,2,Republic of Uzbekistan | Republic of Karakalpakstan | Andijan region | Bukhara region | Jizzakh region
2947,Farm enterprise ag (quarterly),agriculture,POSSIBLE,agriculture,national_with_regions,0,15,14,2022-Q4,2026-Q1,3268.0,5,Republic of Uzbekistan | Republic of Karakalpakstan | Andijan region | Bukhara region | Jizzakh region
2948,Household plot ag (quarterly),agriculture,POSSIBLE,agriculture,national_with_regions,0,15,14,2022-Q4,2026-Q1,11685.6,5,Republic of Uzbekistan | Republic of Karakalpakstan | Andijan region | Bukhara region | Jizzakh region
2949,Ag organisation ag (quarterly),agriculture,POSSIBLE,agriculture,national_with_regions,0,15,14,2022-Q4,2026-Q1,845.25,4,Republic of Uzbekistan | Republic of Karakalpakstan | Andijan region | Bukhara region | Jizzakh region
2950,Farm enterprise share (quarterly),agriculture,POSSIBLE,agriculture,national_with_regions,0,15,14,2022-Q4,2026-Q1,20.6,1,Republic of Uzbekistan | Republic of Karakalpakstan | Andijan region | Bukhara region | Jizzakh region
2951,Household plot share (quarterly),agriculture,POSSIBLE,agriculture,national_with_regions,0,15,14,2022-Q4,2026-Q1,71.2,1,Republic of Uzbekistan | Republic of Karakalpakstan | Andijan region | Bukhara region | Jizzakh region
2952,Ag organisation share (quarterly),agriculture,POSSIBLE,agriculture,national_with_regions,0,15,14,2022-Q4,2026-Q1,4.9,1,Republic of Uzbekistan | Republic of Karakalpakstan | Andijan region | Bukhara region | Jizzakh region
274,SME share of total employment,business,POSSIBLE,INDUSTRIAL CONNECTIONS PROXY,national_with_regions,0,15,15,2010,2024,78.2,1,Republic of Uzbekistan | Republic of Karakalpakstan | Andijan region | Bukhara region | Jizzakh region
276,SME share of total imports,business,POSSIBLE,INDUSTRIAL CONNECTIONS PROXY,national_with_regions,0,15,17,2010,2026-Q1,54.0,2,Republic of Uzbekistan | Republic of Karakalpakstan | Andijan region | Bukhara region | Jizzakh region
357,SME share of construction,business,POSSIBLE,INDUSTRIAL CONNECTIONS PROXY,national_with_regions,0,15,17,2010,2026-Q1,82.7,2,Republic of Uzbekistan | Republic of Karakalpakstan | Andijan region | Bukhara region | Jizzakh region
374,SME share of industrial production,business,POSSIBLE,INDUSTRIAL CONNECTIONS PROXY,national_with_regions,0,15,17,2010,2026-Q1*,36.6,1,Republic of Uzbekistan | Republic of Karakalpakstan | Andijan region | Bukhara region | Jizzakh region
402,SME share of exports,business,POSSIBLE,INDUSTRIAL CONNECTIONS PROXY,national_with_regions,0,15,17,2010,2026-Q1,37.3,1,Republic of Uzbekistan | Republic of Karakalpakstan | Andijan region | Bukhara region | Jizzakh region
425,SME employees count,business,POSSIBLE,INDUSTRIAL CONNECTIONS PROXY,national_with_regions,0,15,15,2010,2024,720.6,4,Republic of Uzbekistan | Republic of Karakalpakstan | Andijan region | Bukhara region | Jizzakh region
430,SME imports volume,business,POSSIBLE,INDUSTRIAL CONNECTIONS PROXY,national_with_regions,0,15,17,2010,2026-Q1,266.4,4,Republic of Uzbekistan | Republic of Karakalpakstan | Andijan region | Bukhara region | Jizzakh region
433,SME passenger transport volume,business,POSSIBLE,INDUSTRIAL CONNECTIONS PROXY,national_with_regions,0,15,17,2010,2026-Q1,296.5,3,Republic of Uzbekistan | Republic of Karakalpakstan | Andijan region | Bukhara region | Jizzakh region
435,SME construction work volume,business,POSSIBLE,INDUSTRIAL CONNECTIONS PROXY,national_with_regions,0,15,17,2010,2026-Q1,2492.2,5,Republic of Uzbekistan | Republic of Karakalpakstan | Andijan region | Bukhara region | Jizzakh region
454,SME retail trade turnover,business,POSSIBLE,INDUSTRIAL CONNECTIONS PROXY,national_with_regions,0,15,17,2010,2026-Q1,6899.7,5,Republic of Uzbekistan | Republic of Karakalpakstan | Andijan region | Bukhara region | Jizzakh region
456,SME industrial production,business,POSSIBLE,INDUSTRIAL CONNECTIONS PROXY,national_with_regions,0,15,17,2010,2026-Q1*,3677.2,5,Republic of Uzbekistan | Republic of Karakalpakstan | Andijan region | Bukhara region | Jizzakh region
461,SME ag/forestry/fishery production,business,POSSIBLE,INDUSTRIAL CONNECTIONS PROXY,national_with_regions,0,15,17,2010,2026-Q1,10217.5,5,Republic of Uzbekistan | Republic of Karakalpakstan | Andijan region | Bukhara region | Jizzakh region
466,SME services volume,business,POSSIBLE,INDUSTRIAL CONNECTIONS PROXY,national_with_regions,0,15,17,2010,2026-Q1,4993.2,5,Republic of Uzbekistan | Republic of Karakalpakstan | Andijan region | Bukhara region | Jizzakh region
469,SME exports volume,business,POSSIBLE,INDUSTRIAL CONNECTIONS PROXY,national_with_regions,0,15,17,2010,2026-Q1,134.8,4,Republic of Uzbekistan | Republic of Karakalpakstan | Andijan region | Bukhara region | Jizzakh region
476,SME cargo turnover,business,POSSIBLE,INDUSTRIAL CONNECTIONS PROXY,national_with_regions,0,15,17,2010,2026-Q1,774.8,4,Republic of Uzbekistan | Republic of Karakalpakstan | Andijan region | Bukhara region | Jizzakh region
491,SME cargo volume,business,POSSIBLE,INDUSTRIAL CONNECTIONS PROXY,national_with_regions,0,15,17,2010,2026-Q1,34.5,2,Republic of Uzbekistan | Republic of Karakalpakstan | Andijan region | Bukhara region | Jizzakh region
2693,SME passenger turnover,business,POSSIBLE,INDUSTRIAL CONNECTIONS PROXY,national_with_regions,0,15,17,2010,2026-Q1,7558.6,5,Republic of Uzbekistan | Republic of Karakalpakstan | Andijan region | Bukhara region | Jizzakh region
3253,ICT sector enterprises by activity,business,POSSIBLE,INDUSTRIAL CONNECTIONS PROXY,international,0,27,11,2016,2026,212.0,4,"Book publishing | Web portals | The post-production stage of the production of film-video films and television programs | Distribution of films, videos and television programs | Activities for the publication of phonograms and music recordings"
3377,Terminated SMEs by activity,business,POSSIBLE,INDUSTRIAL CONNECTIONS PROXY,international,0,21,13,2013,2025,407.0,4,"Agriculture, forestry and fisheries | Mining and quarrying | Manufacturing industry | Electricity, gas, steam and air conditioning | Water supply; sewerage, waste collection and disposal"
565,Construction output growth (monthly),construction,POSSIBLE,CONSTRUCTION DRIVER (load growth proxy),national_single,0,1,16,2010,2025,80.5,2,Republic of Uzbekistan
2406,Construction growth rate (monthly),construction,POSSIBLE,CONSTRUCTION DRIVER (load growth proxy),national_with_regions,1,15,64,2021-M01,2026-M04,108.6,2,Republic of Uzbekistan | Republic of Karakalpakstan | Andijan region | Bukhara region | Jizzakh region
223,"Births, total",demography,POSSIBLE,POPULATION DRIVER,national_with_regions,0,221,16,2010,2025,3736.0,6,Republic of Uzbekistan | Republic of Karakalpakstan | Nukus city | Amudarya district | Beruniy  district
226,"Deaths, total",demography,POSSIBLE,POPULATION DRIVER,national_with_regions,0,222,16,2010,2025,760.5,5,Republic of Uzbekistan | Republic of Karakalpakstan | Nukus city | Taxiatosh city | Amudarya district
244,"Permanent population, female (thsd)",demography,POSSIBLE,POPULATION DRIVER,national_with_regions,0,221,13,2014,2026,83.6,4,Republic of Uzbekistan | Republic of Karakalpakstan | Nukus city | Amudarya district | Beruniy  district
245,"Permanent population, male (thsd)",demography,POSSIBLE,POPULATION DRIVER,national_with_regions,0,221,17,2010,2026,81.2,4,Republic of Uzbekistan | Republic of Karakalpakstan | Nukus city | Amudarya district | Beruniy  district
280,Rural settlements count,demography,POSSIBLE,POPULATION DRIVER,national_with_regions,0,221,16,2010,2025,45.0,4,Republic of Uzbekistan | Republic of Karakalpakstan | Nukus city | Amudarya district | Beruniy  district
287,Towns count,demography,POSSIBLE,POPULATION DRIVER,national_with_regions,0,221,16,2010,2025,4.0,3,Republic of Uzbekistan | Republic of Karakalpakstan | Nukus city | Amudarya district | Beruniy  district
307,Districts count,demography,POSSIBLE,POPULATION DRIVER,national_with_regions,0,221,16,2010,2025,1.0,2,Republic of Uzbekistan | Republic of Karakalpakstan | Nukus city | Amudarya district | Beruniy  district
561,Population 0-2 yr (thsd),demography,POSSIBLE,POPULATION DRIVER,national_with_regions,0,222,13,2013,2025,10917.5,6,Republic of Uzbekistan | Republic of Karakalpakstan | Nukus city | Taxiatosh city | Amudarya district
589,Population 6-7 yr (thsd),demography,POSSIBLE,POPULATION DRIVER,national_with_regions,0,222,13,2013,2025,6308.0,6,Republic of Uzbekistan | Republic of Karakalpakstan | Nukus city | Taxiatosh city | Amudarya district
600,Population 8-15 yr (thsd),demography,POSSIBLE,POPULATION DRIVER,national_with_regions,0,222,13,2013,2025,22790.0,6,Republic of Uzbekistan | Republic of Karakalpakstan | Nukus city | Taxiatosh city | Amudarya district
607,Population 16-17 yr (thsd),demography,POSSIBLE,POPULATION DRIVER,national_with_regions,0,222,13,2013,2025,5370.0,6,Republic of Uzbekistan | Republic of Karakalpakstan | Nukus city | Taxiatosh city | Amudarya district
617,Population 18-19 yr (thsd),demography,POSSIBLE,POPULATION DRIVER,national_with_regions,0,222,13,2013,2025,5344.0,6,Republic of Uzbekistan | Republic of Karakalpakstan | Nukus city | Taxiatosh city | Amudarya district
626,Population 20-24 yr (thsd),demography,POSSIBLE,POPULATION DRIVER,national_with_regions,0,222,13,2013,2025,14145.0,6,Republic of Uzbekistan | Republic of Karakalpakstan | Nukus city | Taxiatosh city | Amudarya district
632,Population 25-29 yr (thsd),demography,POSSIBLE,POPULATION DRIVER,national_with_regions,0,222,13,2013,2025,15207.0,6,Republic of Uzbekistan | Republic of Karakalpakstan | Nukus city | Taxiatosh city | Amudarya district
638,Population 30-34 yr (thsd),demography,POSSIBLE,POPULATION DRIVER,national_with_regions,0,222,13,2013,2025,14048.0,6,Republic of Uzbekistan | Republic of Karakalpakstan | Nukus city | Taxiatosh city | Amudarya district
643,Population 35-39 yr (thsd),demography,POSSIBLE,POPULATION DRIVER,national_with_regions,0,222,13,2013,2025,11820.5,6,Republic of Uzbekistan | Republic of Karakalpakstan | Nukus city | Taxiatosh city | Amudarya district
647,Population 40-49 yr (thsd),demography,POSSIBLE,POPULATION DRIVER,national_with_regions,0,222,13,2013,2025,19076.0,6,Republic of Uzbekistan | Republic of Karakalpakstan | Nukus city | Taxiatosh city | Amudarya district
650,Population 50-59 yr (thsd),demography,POSSIBLE,POPULATION DRIVER,national_with_regions,0,222,13,2013,2025,14689.5,6,Republic of Uzbekistan | Republic of Karakalpakstan | Nukus city | Taxiatosh city | Amudarya district
1190,Population 60-64 yr (thsd),demography,POSSIBLE,POPULATION DRIVER,national_with_regions,0,222,13,2013,2025,4844.0,6,Republic of Uzbekistan | Republic of Karakalpakstan | Nukus city | Taxiatosh city | Amudarya district
1191,Population 65+ yr (thsd),demography,POSSIBLE,POPULATION DRIVER,national_with_regions,0,222,13,2013,2025,7027.0,6,Republic of Uzbekistan | Republic of Karakalpakstan | Nukus city | Taxiatosh city | Amudarya district
516,Gasoline production (thsd tonnes),energy,POSSIBLE,TARGET or PRIMARY ENERGY DRIVER (model spine),national_single,0,1,15,2010,2024,1147.0,3,Republic of Uzbekistan
2676,Diesel production (thsd tonnes),energy,POSSIBLE,TARGET or PRIMARY ENERGY DRIVER (model spine),national_single,0,1,15,2010,2024,1030.5,3,Republic of Uzbekistan
2677,Aviation kerosene production (thsd tonnes),energy,POSSIBLE,TARGET or PRIMARY ENERGY DRIVER (model spine),national_single,0,1,15,2010,2024,184.9,2,Republic of Uzbekistan
2678,Aviation gasoline production (thsd tonnes),energy,POSSIBLE,TARGET or PRIMARY ENERGY DRIVER (model spine),national_single,0,1,15,2010,2024,0.8,0,Republic of Uzbekistan
2679,Fuel oil (mazut) production (thsd tonnes),energy,POSSIBLE,TARGET or PRIMARY ENERGY DRIVER (model spine),national_single,0,1,15,2010,2024,164.1,2,Republic of Uzbekistan
2688,Per-capita primary fuel-energy production,energy,POSSIBLE,TARGET or PRIMARY ENERGY DRIVER (model spine),national_single,0,1,15,2010,2024,1.57,0,Republic of Uzbekistan
2689,Per-capita oil + condensate production,energy,POSSIBLE,TARGET or PRIMARY ENERGY DRIVER (model spine),national_single,0,1,15,2010,2024,0.09,-1,Republic of Uzbekistan
2690,Per-capita natural gas production,energy,POSSIBLE,TARGET or PRIMARY ENERGY DRIVER (model spine),national_single,0,1,15,2010,2024,1.43,0,Republic of Uzbekistan
2691,Per-capita coal production,energy,POSSIBLE,TARGET or PRIMARY ENERGY DRIVER (model spine),national_single,0,1,15,2010,2024,0.04,-2,Republic of Uzbekistan
2692,Per-capita hydroelectric production,energy,POSSIBLE,TARGET or PRIMARY ENERGY DRIVER (model spine),national_single,0,1,15,2010,2024,0.02,-2,Republic of Uzbekistan
1242,Apartments with sewage (share),environment,POSSIBLE,HOUSING / AC PENETRATION PROXY,national_with_regions,0,221,15,2010,2024,12.0,2,Republic of Uzbekistan | Republic of Karakalpakstan | Nukus city | Amudarya district | Beruniy  district
1247,1-room apartments,environment,POSSIBLE,HOUSING / AC PENETRATION PROXY,national_with_regions,0,222,15,2010,2024,1267.5,5,Republic of Uzbekistan | Republic of Karakalpakstan | Nukus city | Taxiatosh city | Amudarya district
1248,2-room apartments,environment,POSSIBLE,HOUSING / AC PENETRATION PROXY,national_with_regions,0,222,15,2010,2024,5390.5,6,Republic of Uzbekistan | Republic of Karakalpakstan | Nukus city | Taxiatosh city | Amudarya district
1249,3-room apartments,environment,POSSIBLE,HOUSING / AC PENETRATION PROXY,national_with_regions,0,222,15,2010,2024,9321.0,6,Republic of Uzbekistan | Republic of Karakalpakstan | Nukus city | Taxiatosh city | Amudarya district
1250,4-room apartments,environment,POSSIBLE,HOUSING / AC PENETRATION PROXY,national_with_regions,0,222,15,2010,2024,7672.5,6,Republic of Uzbekistan | Republic of Karakalpakstan | Nukus city | Taxiatosh city | Amudarya district
1251,5-room apartments,environment,POSSIBLE,HOUSING / AC PENETRATION PROXY,national_with_regions,0,221,6,2019,2024,3005.0,5,Republic of Uzbekistan | Republic of Karakalpakstan | Nukus city | Amudarya district | Beruniy  district
1252,6+-room apartments,environment,POSSIBLE,HOUSING / AC PENETRATION PROXY,national_with_regions,0,221,6,2019,2024,1984.5,5,Republic of Uzbekistan | Republic of Karakalpakstan | Nukus city | Amudarya district | Beruniy  district
1253,Housing distribution by ownership type,environment,POSSIBLE,HOUSING / AC PENETRATION PROXY,national_with_regions,0,15,11,2014,2024,42501.5,5,Republic of Uzbekistan | Republic of Karakalpakstan | Andijan region | Bukhara region | Jizzakh region
1254,Public ownership housing distribution,environment,POSSIBLE,HOUSING / AC PENETRATION PROXY,national_with_regions,0,15,11,2014,2024,196.6,3,Republic of Uzbekistan | Republic of Karakalpakstan | Andijan region | Bukhara region | Jizzakh region
1255,Private ownership housing distribution,environment,POSSIBLE,HOUSING / AC PENETRATION PROXY,national_with_regions,0,15,11,2014,2024,42309.2,5,Republic of Uzbekistan | Republic of Karakalpakstan | Andijan region | Bukhara region | Jizzakh region
1256,Brick wall materials housing share,environment,POSSIBLE,HOUSING / AC PENETRATION PROXY,national_with_regions,0,15,15,2010,2024,8829.5,5,Republic of Uzbekistan | Republic of Karakalpakstan | Andijan region | Bukhara region | Jizzakh region
1257,Raw brick wall materials housing share,environment,POSSIBLE,HOUSING / AC PENETRATION PROXY,national_with_regions,0,15,15,2010,2024,11871.4,5,Republic of Uzbekistan | Republic of Karakalpakstan | Andijan region | Bukhara region | Jizzakh region
1258,Panel/concrete wall housing share,environment,POSSIBLE,HOUSING / AC PENETRATION PROXY,national_with_regions,0,15,15,2010,2024,1841.4,4,Republic of Uzbekistan | Republic of Karakalpakstan | Andijan region | Bukhara region | Jizzakh region
1259,Other wall materials housing share,environment,POSSIBLE,HOUSING / AC PENETRATION PROXY,national_with_regions,0,15,15,2010,2024,1813.4,4,Republic of Uzbekistan | Republic of Karakalpakstan | Andijan region | Bukhara region | Jizzakh region
2629,Multi-apartment building apartments count,environment,POSSIBLE,HOUSING / AC PENETRATION PROXY,national_with_regions,0,221,15,2010,2024,1559.0,6,Republic of Uzbekistan | Republic of Karakalpakstan | Nukus city | Amudarya district | Beruniy  district
2630,Single-family houses count,environment,POSSIBLE,HOUSING / AC PENETRATION PROXY,national_with_regions,0,221,15,2010,2024,24661.0,6,Republic of Uzbekistan | Republic of Karakalpakstan | Nukus city | Amudarya district | Beruniy  district
2631,Drinking water provision for apartments,environment,POSSIBLE,HOUSING / AC PENETRATION PROXY,national_with_regions,0,221,15,2010,2024,77.1,2,Republic of Uzbekistan | Republic of Karakalpakstan | Nukus city | Amudarya district | Beruniy  district
3098,Households with wired broadband internet,environment,POSSIBLE,HOUSING / AC PENETRATION PROXY,national_single,0,1,8,2017,2024,2.3499999999999996,0,Republic of Uzbekistan
3099,Households with wireless broadband internet,environment,POSSIBLE,HOUSING / AC PENETRATION PROXY,national_single,0,1,8,2017,2024,9.15,1,Republic of Uzbekistan
3100,Households with satellite broadband,environment,POSSIBLE,HOUSING / AC PENETRATION PROXY,national_single,0,1,8,2017,2024,4.25,0,Republic of Uzbekistan
3101,Households with mobile broadband (portable),environment,POSSIBLE,HOUSING / AC PENETRATION PROXY,national_single,0,1,8,2017,2024,74.3,1,Republic of Uzbekistan
3102,Households with mobile broadband (SIM/USB),environment,POSSIBLE,HOUSING / AC PENETRATION PROXY,national_single,0,1,8,2017,2024,5.7,1,Republic of Uzbekistan
3103,Households with wired narrowband internet,environment,POSSIBLE,HOUSING / AC PENETRATION PROXY,national_single,0,1,8,2017,2024,1.05,0,Republic of Uzbekistan
1105,Export volume by country (annual),foreign_trade,POSSIBLE,EXTERNAL DEMAND DRIVER (gas/oil exports = energy),international,0,228,15,2010,2024,10.5,7,Cuba | Côte d’Ivoire | Papua New Guinea | Tuvalu | Chad
1141,Goods export FOB prices (monthly),foreign_trade,POSSIBLE,EXTERNAL DEMAND DRIVER (gas/oil exports = energy),national_single,1,1,59,2021-M01,2025-M11,9376.8,4,Republic of Uzbekistan
1166,Goods import CIF prices (monthly),foreign_trade,POSSIBLE,EXTERNAL DEMAND DRIVER (gas/oil exports = energy),national_single,1,1,59,2021-M01,2025-M11,15562.3,4,Republic of Uzbekistan
1170,Export volume by country (monthly),foreign_trade,POSSIBLE,EXTERNAL DEMAND DRIVER (gas/oil exports = energy),international,1,233,63,2021-M01,2026-M03,3.0,7,Cuba | Côte d’Ivoire | Papua New Guinea | Tuvalu | Chad
1173,Import volume by country (monthly),foreign_trade,POSSIBLE,EXTERNAL DEMAND DRIVER (gas/oil exports = energy),international,1,200,66,2021-M01,2026-M03,67.9,7,Cuba | Côte d’Ivoire | Tuvalu | Chad | Albania
1496,Services export by type (monthly),foreign_trade,POSSIBLE,EXTERNAL DEMAND DRIVER (gas/oil exports = energy),international,1,10,63,2021-M01,2026-M03,51.25,4,Export of services | Maintenance and repair services not elsewhere classified | Transport | Trips (tourism) | Insurance and pension services
1498,Services import by type (monthly),foreign_trade,POSSIBLE,EXTERNAL DEMAND DRIVER (gas/oil exports = energy),international,1,11,63,2021-M01,2026-M3,81.3,3,Export of services | Import Services | Maintenance and repair services not elsewhere classified | Transport | Trips (tourism)
1503,ICT services import (annual),foreign_trade,POSSIBLE,EXTERNAL DEMAND DRIVER (gas/oil exports = energy),international,0,5,15,2010,2024,6206.4,5,Telecommunication services | Computer software | Other computer services | Information agency services | Other information services
1504,ICT services export,foreign_trade,POSSIBLE,EXTERNAL DEMAND DRIVER (gas/oil exports = energy),international,0,5,15,2010,2024,3165.4,5,Telecommunication services | Computer software | Other computer services | Information agency services | Other information services
2364,Foreign trade volume by country (annual),foreign_trade,POSSIBLE,EXTERNAL DEMAND DRIVER (gas/oil exports = energy),international,0,237,16,2009,2024,46.0,7,Cuba | Côte d’Ivoire | Papua New Guinea | Tuvalu | Chad
2365,Export composition SITC-2008 (annual),foreign_trade,POSSIBLE,EXTERNAL DEMAND DRIVER (gas/oil exports = energy),international,0,11,15,2010,2024,983.9,3,Machines and transport equipment | Various finished products | Other goods | Services | Beverages and tobacco
2366,Import composition SITC-2008 (annual),foreign_trade,POSSIBLE,EXTERNAL DEMAND DRIVER (gas/oil exports = energy),international,0,11,15,2010,2024,970.2,4,Machines and transport equipment | Various finished products | Other goods | Services | Beverages and tobacco
2401,Foreign trade volume (monthly),foreign_trade,POSSIBLE,EXTERNAL DEMAND DRIVER (gas/oil exports = energy),national_with_regions,1,221,75,2020-M01,2026-M03,21.8,4,Republic of Uzbekistan | Republic of Karakalpakstan | Nukus city | Amudarya district | Beruniy  district
2407,Export volume (monthly),foreign_trade,POSSIBLE,EXTERNAL DEMAND DRIVER (gas/oil exports = energy),national_with_regions,1,221,75,2020-M01,2026-M03,9.1,4,Republic of Uzbekistan | Republic of Karakalpakstan | Nukus city | Amudarya district | Beruniy  district
2414,Import volume (monthly),foreign_trade,POSSIBLE,EXTERNAL DEMAND DRIVER (gas/oil exports = energy),national_with_regions,1,221,75,2020-M01,2026-M03,10.5,4,Republic of Uzbekistan | Republic of Karakalpakstan | Nukus city | Amudarya district | Beruniy  district
2418,Foreign trade volume by country (monthly),foreign_trade,POSSIBLE,EXTERNAL DEMAND DRIVER (gas/oil exports = energy),international,1,224,63,2021-M01,2026-M03,99.0,7,Cuba | Côte d’Ivoire | Papua New Guinea | Tuvalu | Chad
3079,Goods export HS 2-digit (monthly),foreign_trade,POSSIBLE,EXTERNAL DEMAND DRIVER (gas/oil exports = energy),international,1,96,39,2023-M01,2026-M03,9166.1,7,"Articles of clothing and clothing accessories, other than knitted or crocheted | Cotton | Cork and its products | Tobacco and industrial tobacco substitutes; products containing or not containing nicotine intended to be inhaled without burning; other products containing nicotine and intended for the intake of nicotine into the human body | Salt; sulphur; earths and stone; plastering materials, lime and cement"
3080,Goods export HS 2-digit change (monthly),foreign_trade,POSSIBLE,EXTERNAL DEMAND DRIVER (gas/oil exports = energy),international,1,96,39,2023-M01,2026-M03,1990.75,6,"Articles of clothing and clothing accessories, other than knitted or crocheted | Cotton | Cork and its products | Tobacco and industrial tobacco substitutes; products containing or not containing nicotine intended to be inhaled without burning; other products containing nicotine and intended for the intake of nicotine into the human body | Salt; sulphur; earths and stone; plastering materials, lime and cement"
3082,Export composition SITC (monthly),foreign_trade,POSSIBLE,EXTERNAL DEMAND DRIVER (gas/oil exports = energy),international,1,11,63,2021-M01,2026-M03,491.4,4,Machines and transport equipment | Various finished products | Other goods | Services | Beverages and tobacco
3083,ICT goods export (annual),foreign_trade,POSSIBLE,EXTERNAL DEMAND DRIVER (gas/oil exports = energy),international,0,76,15,2010,2024,0.0,4,"851762 Machines for the reception, conversion & transmission/regeneration of voice,images/other data, incl. switching & routing apparatus | 851829 Loudspeakers n.e.s. in 85.18, whether/not mounted in their enclosures | 854130 Thyristors, diacs & triacs (excl. photosensitive devices) | 852841 Cathode-ray tube monitors , of a kind solely/principally used in an automaticdata processing system of heading 84.71 | 852990 Other parts suitable for use solely/principally with the apparatus of headings85.25 to 85.28., other than aerials & aerial reflectors of all kinds"
3086,Import composition SITC (monthly),foreign_trade,POSSIBLE,EXTERNAL DEMAND DRIVER (gas/oil exports = energy),international,1,11,63,2021-M01,2026-M03,823.7,4,Machines and transport equipment | Various finished products | Other goods | Services | Beverages and tobacco
3088,Goods import HS 2-digit (monthly),foreign_trade,POSSIBLE,EXTERNAL DEMAND DRIVER (gas/oil exports = energy),international,1,96,39,2023-M01,2026-M03,33474.45,6,"Articles of clothing and clothing accessories, other than knitted or crocheted | Cotton | Cork and its products | Tobacco and industrial tobacco substitutes; products containing or not containing nicotine intended to be inhaled without burning; other products containing nicotine and intended for the intake of nicotine into the human body | Salt; sulphur; earths and stone; plastering materials, lime and cement"
3089,Goods import HS 2-digit change (monthly),foreign_trade,POSSIBLE,EXTERNAL DEMAND DRIVER (gas/oil exports = energy),international,1,96,39,2023-M01,2026-M03,7272.7,5,"Articles of clothing and clothing accessories, other than knitted or crocheted | Cotton | Cork and its products | Tobacco and industrial tobacco substitutes; products containing or not containing nicotine intended to be inhaled without burning; other products containing nicotine and intended for the intake of nicotine into the human body | Salt; sulphur; earths and stone; plastering materials, lime and cement"
3090,ICT goods import (annual),foreign_trade,POSSIBLE,EXTERNAL DEMAND DRIVER (gas/oil exports = energy),international,0,89,15,2010,2024,384.4,5,"851762 Machines for the reception, conversion & transmission/regeneration of voice,images/other data, incl. switching & routing apparatus | 851829 Loudspeakers n.e.s. in 85.18, whether/not mounted in their enclosures | 854130 Thyristors, diacs & triacs (excl. photosensitive devices) | 852841 Cathode-ray tube monitors , of a kind solely/principally used in an automaticdata processing system of heading 84.71 | 852990 Other parts suitable for use solely/principally with the apparatus of headings85.25 to 85.28., other than aerials & aerial reflectors of all kinds"
3165,Export volume by continent (annual),foreign_trade,POSSIBLE,EXTERNAL DEMAND DRIVER (gas/oil exports = energy),international,0,6,15,2010,2024,44.55,4,Europe | Asia | North America | South America | Africa
3166,Import volume by continent (annual),foreign_trade,POSSIBLE,EXTERNAL DEMAND DRIVER (gas/oil exports = energy),international,0,6,15,2010,2024,343.55,4,Europe | Asia | North America | South America | Africa
3438,Software expenditure share of GDP,gdp,POSSIBLE,MACRO DRIVER (sectoral GDP / GVA),national_single,0,1,4,2021,2024,0.135,-1,Republic of Uzbekistan
460,Industrial product per-capita (annual),industry,POSSIBLE,INDUSTRIAL ACTIVITY DRIVER,national_single,0,1,16,2010,2025,10.65,1,Republic of Uzbekistan
463,Consumer goods per-capita (annual),industry,POSSIBLE,INDUSTRIAL ACTIVITY DRIVER,national_single,0,1,16,2010,2025,19.1,1,Republic of Uzbekistan
545,Industrial production growth rate (monthly),industry,POSSIBLE,INDUSTRIAL ACTIVITY DRIVER,national_single,0,1,16,2010,2025,102.5,2,Republic of Uzbekistan
549,Mining output growth (monthly),industry,POSSIBLE,INDUSTRIAL ACTIVITY DRIVER,national_single,0,1,16,2010,2025,34.5,1,Republic of Uzbekistan
581,Consumer goods production (annual),industry,POSSIBLE,INDUSTRIAL ACTIVITY DRIVER,national_with_regions,0,221,13,2010,2022,117.7,5,Republic of Uzbekistan | Republic of Karakalpakstan | Nukus city | Amudarya district | Beruniy  district
602,Consumer goods growth rate,industry,POSSIBLE,INDUSTRIAL ACTIVITY DRIVER,national_with_regions,0,221,13,2010,2022,108.6,3,Republic of Uzbekistan | Republic of Karakalpakstan | Nukus city | Amudarya district | Beruniy  district
611,Per-capita consumer goods composition,industry,POSSIBLE,INDUSTRIAL ACTIVITY DRIVER,international,0,4,13,2010,2022,657.4,3,Consumer products | Wine-vodka products and beer | Non-food products | Food products
623,Consumer goods composition,industry,POSSIBLE,INDUSTRIAL ACTIVITY DRIVER,international,0,4,13,2010,2022,20288.1,5,Consumer products | Wine-vodka products and beer | Non-food products | Food products
630,Per-capita consumer goods growth,industry,POSSIBLE,INDUSTRIAL ACTIVITY DRIVER,national_with_regions,0,15,13,2010,2022,107.5,2,Republic of Uzbekistan | Republic of Karakalpakstan | Andijan region | Bukhara region | Jizzakh region
1177,Consumer goods growth composition,industry,POSSIBLE,INDUSTRIAL ACTIVITY DRIVER,international,0,4,13,2010,2022,108.1,2,Consumer products | Wine-vodka products and beer | Non-food products | Food products
1178,Per-capita industrial production volume,industry,POSSIBLE,INDUSTRIAL ACTIVITY DRIVER,national_with_regions,0,15,15,2010,2024,4170.8,5,Republic of Uzbekistan | Republic of Karakalpakstan | Andijan region | Bukhara region | Jizzakh region
1180,Per-capita industrial production growth,industry,POSSIBLE,INDUSTRIAL ACTIVITY DRIVER,national_with_regions,0,15,15,2010,2024,104.6,2,Republic of Uzbekistan | Republic of Karakalpakstan | Andijan region | Bukhara region | Jizzakh region
1182,Per-capita consumer goods volume,industry,POSSIBLE,INDUSTRIAL ACTIVITY DRIVER,national_with_regions,0,15,13,2010,2022,1251.3,4,Republic of Uzbekistan | Republic of Karakalpakstan | Andijan region | Bukhara region | Jizzakh region
1332,Per-capita fixed-capital investment (quarterly),investment,POSSIBLE,INVESTMENT DRIVER (capacity buildout proxy),national_with_regions,0,15,25,2020-Q1,2026-Q1,4361.1,4,Republic of Uzbekistan | Republic of Karakalpakstan | Andijan region | Bukhara region | Jizzakh region
1334,State-budget share in fixed-capital investment,investment,POSSIBLE,INVESTMENT DRIVER (capacity buildout proxy),national_with_regions,0,15,25,2000,2024,8.0,1,Republic of Uzbekistan | Republic of Karakalpakstan | Andijan region | Bukhara region | Jizzakh region
1337,Self-financed share in fixed-capital investment,investment,POSSIBLE,INVESTMENT DRIVER (capacity buildout proxy),national_with_regions,0,15,25,2000,2024,49.1,1,Republic of Uzbekistan | Republic of Karakalpakstan | Andijan region | Bukhara region | Jizzakh region
1338,Bank-credit share in fixed-capital investment,investment,POSSIBLE,INVESTMENT DRIVER (capacity buildout proxy),national_with_regions,0,15,25,2000,2024,7.1,1,Republic of Uzbekistan | Republic of Karakalpakstan | Andijan region | Bukhara region | Jizzakh region
1339,Attracted-funds share in investment,investment,POSSIBLE,INVESTMENT DRIVER (capacity buildout proxy),national_with_regions,0,15,25,2000,2024,50.9,1,Republic of Uzbekistan | Republic of Karakalpakstan | Andijan region | Bukhara region | Jizzakh region
1341,Investment in vocational colleges (student places),investment,POSSIBLE,INVESTMENT DRIVER (capacity buildout proxy),national_single,0,1,25,2000,2024,8.9,2,Republic of Uzbekistan
1342,Investment in academic lyceums (student places),investment,POSSIBLE,INVESTMENT DRIVER (capacity buildout proxy),national_single,0,1,25,2000,2024,1.5,1,Republic of Uzbekistan
1907,New schools commissioned (student places),investment,POSSIBLE,INVESTMENT DRIVER (capacity buildout proxy),national_with_regions,0,221,15,2010,2024,0.3,2,Republic of Uzbekistan | Republic of Karakalpakstan | Nukus city | Amudarya district | Beruniy  district
1910,New hospitals commissioned (bed count),investment,POSSIBLE,INVESTMENT DRIVER (capacity buildout proxy),national_with_regions,0,221,15,2010,2024,0.0,4,Republic of Uzbekistan | Republic of Karakalpakstan | Nukus city | Amudarya district | Beruniy  district
1913,New polyclinics commissioned (visits),investment,POSSIBLE,INVESTMENT DRIVER (capacity buildout proxy),national_with_regions,0,221,15,2010,2024,0.0,4,Republic of Uzbekistan | Republic of Karakalpakstan | Nukus city | Amudarya district | Beruniy  district
551,Young/elderly workers (thsd),labour,POSSIBLE,LABOUR DRIVER,national_with_regions,0,15,16,2010,2025,6.4,2,Republic of Uzbekistan | Republic of Karakalpakstan | Andijan region | Bukhara region | Jizzakh region
566,Economically inactive population (thsd),labour,POSSIBLE,LABOUR DRIVER,national_with_regions,0,221,16,2010,2025,19.7,3,Republic of Uzbekistan | Republic of Karakalpakstan | Nukus city | Amudarya district | Beruniy  district
1310,Officially registered unemployed (thsd),labour,POSSIBLE,LABOUR DRIVER,national_with_regions,0,15,16,2010,2025,910.5,5,Republic of Uzbekistan | Republic of Karakalpakstan | Andijan region | Bukhara region | Jizzakh region
1313,Unemployment count (thsd),labour,POSSIBLE,LABOUR DRIVER,national_with_regions,0,221,16,2010,2025,4.2,3,Republic of Uzbekistan | Republic of Karakalpakstan | Nukus city | Amudarya district | Beruniy  district
1872,State sector employment (thsd),labour,POSSIBLE,LABOUR DRIVER,national_with_regions,0,15,16,2010,2025,172.8,3,Republic of Uzbekistan | Republic of Karakalpakstan | Andijan region | Bukhara region | Jizzakh region
1873,Non-state sector employment (thsd),labour,POSSIBLE,LABOUR DRIVER,national_with_regions,0,15,16,2010,2025,822.6500000000001,4,Republic of Uzbekistan | Republic of Karakalpakstan | Andijan region | Bukhara region | Jizzakh region
2816,"Labour resources, urban (thsd)",labour,POSSIBLE,LABOUR DRIVER,national_with_regions,0,15,15,2010,2024,770.1,4,Republic of Uzbekistan | Republic of Karakalpakstan | Andijan region | Bukhara region | Jizzakh region
2962,Construction sector wages (quarterly),labour,POSSIBLE,LABOUR DRIVER,national_with_regions,1,15,75,2020-M01,2026-M03,3800240.9,7,Republic of Uzbekistan | Republic of Karakalpakstan | Andijan region | Bukhara region | Jizzakh region
352,Income composition share (primary),living,POSSIBLE,living,national_single,0,1,16,2010,2025,78.6,1,Republic of Uzbekistan
372,Income composition share (transfers),living,POSSIBLE,living,national_single,0,1,16,2010,2025,21.4,1,Republic of Uzbekistan
449,Households with 1 person,living,POSSIBLE,living,national_single,0,1,16,2010,2025,2.8,0,Republic of Uzbekistan
467,Households with 5+ persons,living,POSSIBLE,living,national_single,0,1,16,2010,2025,61.75,1,Republic of Uzbekistan
508,Households without children <16,living,POSSIBLE,living,national_single,0,1,16,2010,2025,25.85,1,Republic of Uzbekistan
514,Households with children <16,living,POSSIBLE,living,national_single,0,1,16,2010,2025,74.15,1,Republic of Uzbekistan
523,Single-child households,living,POSSIBLE,living,national_single,0,1,16,2010,2025,24.15,1,Republic of Uzbekistan
528,Two-child households,living,POSSIBLE,living,national_single,0,1,16,2010,2025,26.200000000000003,1,Republic of Uzbekistan
538,Three-child households,living,POSSIBLE,living,national_single,0,1,16,2010,2025,16.65,1,Republic of Uzbekistan
579,Mobile phones per 100 households,living,POSSIBLE,living,national_single,0,1,16,2010,2025,44.0,1,Republic of Uzbekistan
585,Basic drinking water (urban),living,POSSIBLE,living,national_single,0,1,16,2010,2025,94.6,2,Republic of Uzbekistan
596,Basic drinking water (rural),living,POSSIBLE,living,national_single,0,1,16,2010,2025,83.55000000000001,2,Republic of Uzbekistan
603,Basic drinking water (total),living,POSSIBLE,living,national_single,0,1,16,2010,2025,89.1,2,Republic of Uzbekistan
606,Safe drinking water (urban),living,POSSIBLE,living,national_single,0,1,16,2010,2025,99.1,2,Republic of Uzbekistan
612,Safe drinking water (rural),living,POSSIBLE,living,national_single,0,1,16,2010,2025,97.05,2,Republic of Uzbekistan
619,Safe drinking water (total),living,POSSIBLE,living,national_single,0,1,16,2010,2025,98.2,2,Republic of Uzbekistan
624,Gini coefficient (income inequality),living,POSSIBLE,living,national_single,0,1,16,2010,2025,0.2795,-1,Republic of Uzbekistan
1737,Share of low-income population (%),living,POSSIBLE,living,national_with_regions,0,15,11,2010,2020,13.5,1,Republic of Uzbekistan | Republic of Karakalpakstan | Andijan region | Bukhara region | Jizzakh region
3495,Poverty rate (%),living,POSSIBLE,living,national_with_regions,0,15,5,2021,2025,10.6,1,Republic of Uzbekistan | Republic of Karakalpakstan | Andijan region | Bukhara region | Jizzakh region
1286,CPI dynamics by COICOP-2018,prices,POSSIBLE,PRICE / TARIFF DRIVER (for elasticity),international,1,17,64,2021-M01,2026-M04,100.57,2,Cumulative index | Food products | Non-food products | Services | Food and non-alcoholic drinks
1287,CPI weights,prices,POSSIBLE,PRICE / TARIFF DRIVER (for elasticity),international,0,28,11,2010,2020,0.02897,0,Cumulative index | Food products | Non-food products | Services | Bakery products
1288,CPI weights by COICOP-2018,prices,POSSIBLE,PRICE / TARIFF DRIVER (for elasticity),international,0,17,6,2021,2026,0.06906,0,Cumulative index | Food products | Non-food products | Services | Food and non-alcoholic drinks
1290,Annual CPI by COICOP vs prior December,prices,POSSIBLE,PRICE / TARIFF DRIVER (for elasticity),international,0,17,5,2021,2025,108.8,2,Cumulative index | Food products | Non-food products | Services | Food and non-alcoholic drinks
1292,Annual CPI by COICOP YoY,prices,POSSIBLE,PRICE / TARIFF DRIVER (for elasticity),international,0,17,5,2021,2025,109.5,2,Cumulative index | Food products | Non-food products | Services | Food and non-alcoholic drinks
1296,Communication service tariff (monthly),prices,POSSIBLE,PRICE / TARIFF DRIVER (for elasticity),international,0,3,124,2016-М01,2026-M04,100.0,2,J. INFORMATION AND COMMUNICATION | Wired communication services | Provision of wireless services
1297,Communication service tariff (annual),prices,POSSIBLE,PRICE / TARIFF DRIVER (for elasticity),national_single,0,1,26,2000,2025,108.535,2,Republic of Uzbekistan
1298,Communication service tariff (YoY),prices,POSSIBLE,PRICE / TARIFF DRIVER (for elasticity),national_single,0,1,26,2000,2025,109.85,2,Republic of Uzbekistan
1302,CPI quarter-on-quarter dynamics,prices,POSSIBLE,PRICE / TARIFF DRIVER (for elasticity),national_single,0,1,16,2010,2025,111.6,2,Republic of Uzbekistan
1303,Annual CPI sub-component,prices,POSSIBLE,PRICE / TARIFF DRIVER (for elasticity),national_single,0,1,16,2010,2025,111.85,2,Republic of Uzbekistan
1306,Regional CPI variant 1 (quarterly),prices,POSSIBLE,PRICE / TARIFF DRIVER (for elasticity),national_with_regions,0,15,24,2020-Q2,2026-Q1,100.95,2,Republic of Uzbekistan | Republic of Karakalpakstan | Andijan region | Bukhara region | Jizzakh region
1307,Regional CPI variant 2 (quarterly),prices,POSSIBLE,PRICE / TARIFF DRIVER (for elasticity),national_with_regions,0,15,24,2020-Q2,2026-Q1,101.1,2,Republic of Uzbekistan | Republic of Karakalpakstan | Andijan region | Bukhara region | Jizzakh region
1320,"PPI by HS classification, growth (monthly)",prices,POSSIBLE,PRICE / TARIFF DRIVER (for elasticity),international,0,116,87,2019-М01,2026-M03,100.2,3,"Composite index | LIVE ANIMALS; ANIMAL PRODUCTS | LIVE ANIMALS | MEAT AND  MEAT PREPARATIONS | FISH, CRUSTACEANS, MOLLUSCS AND AQUATIC INVERTEBRATES, AND PREPARATIONS THEREOF"
1323,"PPI by HS classification, growth (annual)",prices,POSSIBLE,PRICE / TARIFF DRIVER (for elasticity),international,0,116,7,2019,2025,110.05,3,"Composite index | LIVE ANIMALS; ANIMAL PRODUCTS | LIVE ANIMALS | MEAT AND  MEAT PREPARATIONS | FISH, CRUSTACEANS, MOLLUSCS AND AQUATIC INVERTEBRATES, AND PREPARATIONS THEREOF"
1327,"Agricultural product prices, annual basis (monthly)",prices,POSSIBLE,PRICE / TARIFF DRIVER (for elasticity),international,0,41,160,2013-М01,2026-М04,4010.25,5,Rice | Barley | Wheat | Corn | Bran
1329,Agricultural product price growth (monthly),prices,POSSIBLE,PRICE / TARIFF DRIVER (for elasticity),international,0,42,64,2021-М01,2026-M04,10364.55,5,Rice | Barley | Wheat | Corn | Bran
1576,Industrial PPI weights,prices,POSSIBLE,PRICE / TARIFF DRIVER (for elasticity),international,0,16,5,2022,2026,0.0884185,-1,"Mining and quarrying | Manufacturing industry | Electricity, gas, steam and air conditioning | Water supply; sewerage, waste collection and disposal | Manufacturing of food products"
1579,Transport/storage PPI by sub-mode (monthly),prices,POSSIBLE,PRICE / TARIFF DRIVER (for elasticity),international,0,15,124,2016-М01,2026-M04,100.0,2,H. TRANSPORT AND STORAGE | Land and pipeline transport | Intercity passenger rail | Goods train | Other passenger land transport
1581,Monthly industrial PPI,prices,POSSIBLE,PRICE / TARIFF DRIVER (for elasticity),international,1,16,160,2013-M01,2026-M04,100.4,2,"Composite index | Mining and quarrying | Manufacturing industry | Electricity, gas, steam and air conditioning | Water supply; sewerage, waste collection and disposal"
2961,Agriculture/forestry/fishery PPI (quarterly),prices,POSSIBLE,PRICE / TARIFF DRIVER (for elasticity),international,0,4,16,2022-Q2,2026-Q1,102.6,2,"Agriculture, forestry and fisheries | Agricultural, hunting products and services in these areas | Forestry, wood products and related services | Fish and other fishery products; fishery products; fishing and related services"
3771,Ag product prices variant 1,prices,POSSIBLE,PRICE / TARIFF DRIVER (for elasticity),international,1,42,160,2013-M01,2026-M04,3603.5,5,Rice | Barley | Wheat | Corn | Bran
3772,Ag product prices variant 2,prices,POSSIBLE,PRICE / TARIFF DRIVER (for elasticity),international,1,42,160,2013-M01,2026-M04,3427.0,5,Rice | Barley | Wheat | Corn | Bran
3773,Ag product prices variant 3,prices,POSSIBLE,PRICE / TARIFF DRIVER (for elasticity),international,1,42,160,2013-M01,2026-M04,3449.5,5,Rice | Barley | Wheat | Corn | Bran
3774,Ag product prices variant 4,prices,POSSIBLE,PRICE / TARIFF DRIVER (for elasticity),international,1,42,160,2013-M01,2026-M04,3511.0,5,Rice | Barley | Wheat | Corn | Bran
3775,Ag product prices variant 5,prices,POSSIBLE,PRICE / TARIFF DRIVER (for elasticity),international,1,42,160,2013-M01,2026-M04,3505.0,5,Rice | Barley | Wheat | Corn | Bran
3776,Ag product prices variant 6,prices,POSSIBLE,PRICE / TARIFF DRIVER (for elasticity),international,1,42,160,2013-M01,2026-M04,3526.5,5,Rice | Barley | Wheat | Corn | Bran
3777,Ag product prices variant 7,prices,POSSIBLE,PRICE / TARIFF DRIVER (for elasticity),international,1,42,160,2013-M01,2026-M04,3548.0,5,Rice | Barley | Wheat | Corn | Bran
3778,Ag product prices variant 8,prices,POSSIBLE,PRICE / TARIFF DRIVER (for elasticity),international,1,42,160,2013-M01,2026-M04,3440.0,5,Rice | Barley | Wheat | Corn | Bran
3779,Ag product prices variant 9,prices,POSSIBLE,PRICE / TARIFF DRIVER (for elasticity),international,1,41,160,2013-M01,2026-M04,3488.0,5,Rice | Barley | Wheat | Corn | Bran
3780,Ag product prices variant 10,prices,POSSIBLE,PRICE / TARIFF DRIVER (for elasticity),international,1,41,160,2013-M01,2026-M04,4660.0,5,Rice | Barley | Wheat | Corn | Bran
3781,Ag product prices variant 11,prices,POSSIBLE,PRICE / TARIFF DRIVER (for elasticity),international,1,42,160,2013-M01,2026-M04,3839.0,5,Rice | Barley | Wheat | Corn | Bran
3782,Ag product prices variant 12,prices,POSSIBLE,PRICE / TARIFF DRIVER (for elasticity),international,1,42,160,2013-M01,2026-M04,3699.5,5,Rice | Barley | Wheat | Corn | Bran
3783,Ag product prices variant 13,prices,POSSIBLE,PRICE / TARIFF DRIVER (for elasticity),international,1,42,160,2013-M01,2026-M04,3658.5,5,Rice | Barley | Wheat | Corn | Bran
3784,Ag product prices variant 14,prices,POSSIBLE,PRICE / TARIFF DRIVER (for elasticity),international,1,41,160,2013-M01,2026-M04,3556.5,5,Rice | Barley | Wheat | Corn | Bran
4500,"Regional all-goods CPI (region 1, monthly)",prices,POSSIBLE,PRICE / TARIFF DRIVER (for elasticity),international,0,36,16,2025-М01,2026-М04,100.33,2,COMPOSITE INDEX | FOOD PRODUCTS | Round grain rice | First grade wheat flour | Beef (except boneless meat)
4501,"Regional all-goods CPI (region 2, monthly)",prices,POSSIBLE,PRICE / TARIFF DRIVER (for elasticity),international,0,36,16,2025-М01,2026-M04,100.2,2,COMPOSITE INDEX | FOOD PRODUCTS | Round grain rice | First grade wheat flour | Beef (except boneless meat)
4502,"Regional all-goods CPI (region 3, monthly)",prices,POSSIBLE,PRICE / TARIFF DRIVER (for elasticity),international,0,36,16,2025-М01,2026-M04,100.17,2,COMPOSITE INDEX | FOOD PRODUCTS | Round grain rice | First grade wheat flour | Beef (except boneless meat)
4503,"Regional all-goods CPI (region 4, monthly)",prices,POSSIBLE,PRICE / TARIFF DRIVER (for elasticity),international,0,36,16,2025-М01,2026-M04,100.2,2,COMPOSITE INDEX | FOOD PRODUCTS | Round grain rice | First grade wheat flour | Beef (except boneless meat)
4504,"Regional all-goods CPI (region 5, monthly)",prices,POSSIBLE,PRICE / TARIFF DRIVER (for elasticity),international,0,36,16,2025-М01,2026-M04,100.165,2,COMPOSITE INDEX | FOOD PRODUCTS | Round grain rice | First grade wheat flour | Beef (except boneless meat)
4505,"Regional all-goods CPI (region 6, monthly)",prices,POSSIBLE,PRICE / TARIFF DRIVER (for elasticity),international,0,36,16,2025-М01,2026-M04,100.235,2,COMPOSITE INDEX | FOOD PRODUCTS | Round grain rice | First grade wheat flour | Beef (except boneless meat)
4506,"Regional all-goods CPI (region 7, monthly)",prices,POSSIBLE,PRICE / TARIFF DRIVER (for elasticity),international,0,36,16,2025-М01,2026-M04,100.26,2,COMPOSITE INDEX | FOOD PRODUCTS | Round grain rice | First grade wheat flour | Beef (except boneless meat)
4507,"Regional all-goods CPI (region 8, monthly)",prices,POSSIBLE,PRICE / TARIFF DRIVER (for elasticity),international,0,36,16,2025-М01,2026-M04,100.14,2,COMPOSITE INDEX | FOOD PRODUCTS | Round grain rice | First grade wheat flour | Beef (except boneless meat)
4508,"Regional all-goods CPI (region 9, monthly)",prices,POSSIBLE,PRICE / TARIFF DRIVER (for elasticity),international,0,36,16,2025-М01,2026-M04,100.235,2,COMPOSITE INDEX | FOOD PRODUCTS | Round grain rice | First grade wheat flour | Beef (except boneless meat)
4509,"Regional all-goods CPI (region 10, monthly)",prices,POSSIBLE,PRICE / TARIFF DRIVER (for elasticity),international,0,36,16,2025-М01,2026-M04,100.18,2,COMPOSITE INDEX | FOOD PRODUCTS | Round grain rice | First grade wheat flour | Beef (except boneless meat)
4510,"Regional all-goods CPI (region 11, monthly)",prices,POSSIBLE,PRICE / TARIFF DRIVER (for elasticity),international,0,36,16,2025-М01,2026-M04,100.155,2,COMPOSITE INDEX | FOOD PRODUCTS | Round grain rice | First grade wheat flour | Beef (except boneless meat)
4511,"Regional all-goods CPI (region 12, monthly)",prices,POSSIBLE,PRICE / TARIFF DRIVER (for elasticity),international,0,36,16,2025-М01,2026-M04,100.2,2,COMPOSITE INDEX | FOOD PRODUCTS | Round grain rice | First grade wheat flour | Beef (except boneless meat)
4512,"Regional all-goods CPI (region 13, monthly)",prices,POSSIBLE,PRICE / TARIFF DRIVER (for elasticity),international,0,36,16,2025-М01,2026-M04,100.215,2,COMPOSITE INDEX | FOOD PRODUCTS | Round grain rice | First grade wheat flour | Beef (except boneless meat)
4513,"Regional all-goods CPI (region 14, monthly)",prices,POSSIBLE,PRICE / TARIFF DRIVER (for elasticity),international,0,36,16,2025-М01,2026-M04,100.19,2,COMPOSITE INDEX | FOOD PRODUCTS | Round grain rice | First grade wheat flour | Beef (except boneless meat)
4514,"Regional all-goods CPI (region 15, monthly)",prices,POSSIBLE,PRICE / TARIFF DRIVER (for elasticity),international,0,36,16,2025-М01,2026-M04,100.155,2,COMPOSITE INDEX | FOOD PRODUCTS | Round grain rice | First grade wheat flour | Beef (except boneless meat)
4585,Regional socially-important goods CPI (1),prices,POSSIBLE,PRICE / TARIFF DRIVER (for elasticity),international,0,540,28,2024-М01,2026-М04,100.23,2,COMPOSITE INDEX | FOOD PRODUCTS | Long-grain rice | Round grain rice | Chopped rice
4586,Regional socially-important goods CPI (2),prices,POSSIBLE,PRICE / TARIFF DRIVER (for elasticity),international,0,540,28,2024-М01,2026-М04,100.0,2,COMPOSITE INDEX | FOOD PRODUCTS | Long-grain rice | Round grain rice | Chopped rice
4587,Regional socially-important goods CPI (3),prices,POSSIBLE,PRICE / TARIFF DRIVER (for elasticity),international,0,540,28,2024-М01,2026-М04,100.0,2,COMPOSITE INDEX | FOOD PRODUCTS | Long-grain rice | Round grain rice | Chopped rice
4588,Regional socially-important goods CPI (4),prices,POSSIBLE,PRICE / TARIFF DRIVER (for elasticity),international,0,540,28,2024-М01,2026-М04,100.0,2,COMPOSITE INDEX | FOOD PRODUCTS | Long-grain rice | Round grain rice | Chopped rice
4589,Regional socially-important goods CPI (5),prices,POSSIBLE,PRICE / TARIFF DRIVER (for elasticity),international,0,540,28,2024-М01,2026-М04,100.0,2,COMPOSITE INDEX | FOOD PRODUCTS | Long-grain rice | Round grain rice | Chopped rice
4590,Regional socially-important goods CPI (6),prices,POSSIBLE,PRICE / TARIFF DRIVER (for elasticity),international,0,540,28,2024-М01,2026-М04,100.0,2,COMPOSITE INDEX | FOOD PRODUCTS | Long-grain rice | Round grain rice | Chopped rice
4591,Regional socially-important goods CPI (7),prices,POSSIBLE,PRICE / TARIFF DRIVER (for elasticity),international,0,540,28,2024-М01,2026-М04,100.0,2,COMPOSITE INDEX | FOOD PRODUCTS | Long-grain rice | Round grain rice | Chopped rice
4592,Regional socially-important goods CPI (8),prices,POSSIBLE,PRICE / TARIFF DRIVER (for elasticity),international,0,540,28,2024-М01,2026-М04,100.0,2,COMPOSITE INDEX | FOOD PRODUCTS | Long-grain rice | Round grain rice | Chopped rice
4593,Regional socially-important goods CPI (9),prices,POSSIBLE,PRICE / TARIFF DRIVER (for elasticity),international,0,540,28,2024-М01,2026-М04,100.0,2,COMPOSITE INDEX | FOOD PRODUCTS | Long-grain rice | Round grain rice | Chopped rice
4594,Regional socially-important goods CPI (10),prices,POSSIBLE,PRICE / TARIFF DRIVER (for elasticity),international,0,540,28,2024-М01,2026-М04,100.0,2,COMPOSITE INDEX | FOOD PRODUCTS | Long-grain rice | Round grain rice | Chopped rice
4595,Regional socially-important goods CPI (11),prices,POSSIBLE,PRICE / TARIFF DRIVER (for elasticity),international,0,540,28,2024-М01,2026-М04,100.0,2,COMPOSITE INDEX | FOOD PRODUCTS | Long-grain rice | Round grain rice | Chopped rice
4596,Regional socially-important goods CPI (12),prices,POSSIBLE,PRICE / TARIFF DRIVER (for elasticity),international,0,540,28,2024-М01,2026-М04,100.0,2,COMPOSITE INDEX | FOOD PRODUCTS | Long-grain rice | Round grain rice | Chopped rice
4597,Regional socially-important goods CPI (13),prices,POSSIBLE,PRICE / TARIFF DRIVER (for elasticity),international,0,540,28,2024-М01,2026-М04,100.0,2,COMPOSITE INDEX | FOOD PRODUCTS | Long-grain rice | Round grain rice | Chopped rice
4598,Regional socially-important goods CPI (14),prices,POSSIBLE,PRICE / TARIFF DRIVER (for elasticity),international,0,540,28,2024-М01,2026-М04,100.0,2,COMPOSITE INDEX | FOOD PRODUCTS | Long-grain rice | Round grain rice | Chopped rice
4599,Regional socially-important goods CPI (15),prices,POSSIBLE,PRICE / TARIFF DRIVER (for elasticity),international,0,540,28,2024-М01,2026-М04,100.0,2,COMPOSITE INDEX | FOOD PRODUCTS | Long-grain rice | Round grain rice | Chopped rice
301,Total communication/info services volume,services,POSSIBLE,SECTORAL ACTIVITY DRIVER,national_single,0,1,25,2000,2024,3219.3,4,Republic of Uzbekistan
327,Data network revenue share,services,POSSIBLE,SECTORAL ACTIVITY DRIVER,national_single,0,1,25,2000,2024,3.9,0,Republic of Uzbekistan
417,Mobile subscribers individuals (regions),services,POSSIBLE,SECTORAL ACTIVITY DRIVER,national_with_regions,0,15,10,2015,2024,66.25,2,Republic of Uzbekistan | Republic of Karakalpakstan | Andijan region | Bukhara region | Jizzakh region
422,"Internet subscribers, individuals (regions)",services,POSSIBLE,SECTORAL ACTIVITY DRIVER,national_with_regions,0,15,13,2012,2024,38.5,2,Republic of Uzbekistan | Republic of Karakalpakstan | Andijan region | Bukhara region | Jizzakh region
1212,Financial services volume,services,POSSIBLE,SECTORAL ACTIVITY DRIVER,national_with_regions,0,15,16,2010,2025,1011.85,5,Republic of Uzbekistan | Republic of Karakalpakstan | Andijan region | Bukhara region | Jizzakh region
1214,Other services volume,services,POSSIBLE,SECTORAL ACTIVITY DRIVER,national_with_regions,0,15,16,2010,2025,363.6,4,Republic of Uzbekistan | Republic of Karakalpakstan | Andijan region | Bukhara region | Jizzakh region
1215,Rental services volume,services,POSSIBLE,SECTORAL ACTIVITY DRIVER,national_with_regions,0,15,16,2010,2025,161.75,4,Republic of Uzbekistan | Republic of Karakalpakstan | Andijan region | Bukhara region | Jizzakh region
1216,Computer repair services volume,services,POSSIBLE,SECTORAL ACTIVITY DRIVER,national_with_regions,0,15,16,2010,2025,216.3,4,Republic of Uzbekistan | Republic of Karakalpakstan | Andijan region | Bukhara region | Jizzakh region
1217,Architectural/engineering services volume,services,POSSIBLE,SECTORAL ACTIVITY DRIVER,national_with_regions,0,15,16,2010,2025,95.45,4,Republic of Uzbekistan | Republic of Karakalpakstan | Andijan region | Bukhara region | Jizzakh region
1218,Personal services volume (variant),services,POSSIBLE,SECTORAL ACTIVITY DRIVER,national_with_regions,0,15,16,2010,2025,244.7,4,Republic of Uzbekistan | Republic of Karakalpakstan | Andijan region | Bukhara region | Jizzakh region
1219,Health services volume,services,POSSIBLE,SECTORAL ACTIVITY DRIVER,national_with_regions,0,15,16,2010,2025,141.95,4,Republic of Uzbekistan | Republic of Karakalpakstan | Andijan region | Bukhara region | Jizzakh region
1220,Education services volume,services,POSSIBLE,SECTORAL ACTIVITY DRIVER,national_with_regions,0,15,16,2010,2025,311.1,4,Republic of Uzbekistan | Republic of Karakalpakstan | Andijan region | Bukhara region | Jizzakh region
1221,Real estate services volume,services,POSSIBLE,SECTORAL ACTIVITY DRIVER,national_with_regions,0,15,16,2010,2025,222.75,4,Republic of Uzbekistan | Republic of Karakalpakstan | Andijan region | Bukhara region | Jizzakh region
1224,Info/communication services growth rate,services,POSSIBLE,SECTORAL ACTIVITY DRIVER,national_with_regions,0,15,16,2010,2025,120.9,2,Republic of Uzbekistan | Republic of Karakalpakstan | Andijan region | Bukhara region | Jizzakh region
1225,Financial services growth rate,services,POSSIBLE,SECTORAL ACTIVITY DRIVER,national_with_regions,0,15,16,2010,2025,124.65,2,Republic of Uzbekistan | Republic of Karakalpakstan | Andijan region | Bukhara region | Jizzakh region
1226,Transport services growth rate,services,POSSIBLE,SECTORAL ACTIVITY DRIVER,national_with_regions,0,15,16,2010,2025,113.0,2,Republic of Uzbekistan | Republic of Karakalpakstan | Andijan region | Bukhara region | Jizzakh region
1227,Motor transport services growth rate,services,POSSIBLE,SECTORAL ACTIVITY DRIVER,national_with_regions,0,15,16,2010,2025,114.3,2,Republic of Uzbekistan | Republic of Karakalpakstan | Andijan region | Bukhara region | Jizzakh region
1228,Accom/food services growth rate,services,POSSIBLE,SECTORAL ACTIVITY DRIVER,national_with_regions,0,15,16,2010,2025,113.45,2,Republic of Uzbekistan | Republic of Karakalpakstan | Andijan region | Bukhara region | Jizzakh region
1229,Trade services growth rate,services,POSSIBLE,SECTORAL ACTIVITY DRIVER,national_with_regions,0,15,16,2010,2025,112.95,2,Republic of Uzbekistan | Republic of Karakalpakstan | Andijan region | Bukhara region | Jizzakh region
1230,Real estate services growth rate,services,POSSIBLE,SECTORAL ACTIVITY DRIVER,national_with_regions,0,15,16,2010,2025,115.5,2,Republic of Uzbekistan | Republic of Karakalpakstan | Andijan region | Bukhara region | Jizzakh region
1231,Education services growth rate,services,POSSIBLE,SECTORAL ACTIVITY DRIVER,national_with_regions,0,15,16,2010,2025,109.7,2,Republic of Uzbekistan | Republic of Karakalpakstan | Andijan region | Bukhara region | Jizzakh region
1232,Health services growth rate,services,POSSIBLE,SECTORAL ACTIVITY DRIVER,national_with_regions,0,15,16,2010,2025,117.75,2,Republic of Uzbekistan | Republic of Karakalpakstan | Andijan region | Bukhara region | Jizzakh region
1233,Rental services growth rate,services,POSSIBLE,SECTORAL ACTIVITY DRIVER,national_with_regions,0,15,16,2010,2025,114.15,2,Republic of Uzbekistan | Republic of Karakalpakstan | Andijan region | Bukhara region | Jizzakh region
1234,Computer repair services growth rate,services,POSSIBLE,SECTORAL ACTIVITY DRIVER,national_with_regions,0,15,16,2010,2025,112.6,2,Republic of Uzbekistan | Republic of Karakalpakstan | Andijan region | Bukhara region | Jizzakh region
1235,Personal services growth rate,services,POSSIBLE,SECTORAL ACTIVITY DRIVER,national_with_regions,0,15,16,2010,2025,110.9,2,Republic of Uzbekistan | Republic of Karakalpakstan | Andijan region | Bukhara region | Jizzakh region
1236,Architectural services growth rate,services,POSSIBLE,SECTORAL ACTIVITY DRIVER,national_with_regions,0,15,16,2010,2025,113.45,2,Republic of Uzbekistan | Republic of Karakalpakstan | Andijan region | Bukhara region | Jizzakh region
1237,Other services growth rate,services,POSSIBLE,SECTORAL ACTIVITY DRIVER,national_with_regions,0,15,16,2010,2025,114.2,2,Republic of Uzbekistan | Republic of Karakalpakstan | Andijan region | Bukhara region | Jizzakh region
1238,Market services growth rate by region,services,POSSIBLE,SECTORAL ACTIVITY DRIVER,national_with_regions,0,15,16,2010,2025,115.15,2,Republic of Uzbekistan | Republic of Karakalpakstan | Andijan region | Bukhara region | Jizzakh region
1239,Per-capita market services by region,services,POSSIBLE,SECTORAL ACTIVITY DRIVER,national_with_regions,0,220,16,2010,2025,0.0,5,Republic of Uzbekistan | Republic of Karakalpakstan | Nukus city | Amudarya district | Beruniy  district
1240,Per-capita market services growth by region,services,POSSIBLE,SECTORAL ACTIVITY DRIVER,national_with_regions,0,220,16,2010,2025,0.0,2,Republic of Uzbekistan | Republic of Karakalpakstan | Nukus city | Amudarya district | Beruniy  district
1261,Internet services revenue share,services,POSSIBLE,SECTORAL ACTIVITY DRIVER,national_single,0,1,25,2000,2024,8.6,1,Republic of Uzbekistan
1262,Information sector services volume,services,POSSIBLE,SECTORAL ACTIVITY DRIVER,national_single,0,1,15,2010,2024,151.6,3,Republic of Uzbekistan
1263,Telecommunication services volume,services,POSSIBLE,SECTORAL ACTIVITY DRIVER,national_single,0,1,15,2010,2024,6946.8,4,Republic of Uzbekistan
1264,TV/radio broadcasting services (annual),services,POSSIBLE,SECTORAL ACTIVITY DRIVER,national_single,0,1,15,2010,2024,257.3,3,Republic of Uzbekistan
1265,Computer programming services (annual),services,POSSIBLE,SECTORAL ACTIVITY DRIVER,national_single,0,1,15,2010,2024,325.5,4,Republic of Uzbekistan
1266,Publishing services (annual),services,POSSIBLE,SECTORAL ACTIVITY DRIVER,national_single,0,1,15,2010,2024,468.6,3,Republic of Uzbekistan
1267,Film/video/sound production services (annual),services,POSSIBLE,SECTORAL ACTIVITY DRIVER,national_single,0,1,15,2010,2024,46.9,2,Republic of Uzbekistan
1268,"Internet subscribers, total (regions)",services,POSSIBLE,SECTORAL ACTIVITY DRIVER,national_with_regions,0,15,10,2015,2024,1100.8000000000002,4,Republic of Uzbekistan | Republic of Karakalpakstan | Andijan region | Bukhara region | Jizzakh region
1270,Mobile subscribers (total),services,POSSIBLE,SECTORAL ACTIVITY DRIVER,national_with_regions,0,15,10,2015,2024,1661.4,4,Republic of Uzbekistan | Republic of Karakalpakstan | Andijan region | Bukhara region | Jizzakh region
1271,Mobile subscribers (regions),services,POSSIBLE,SECTORAL ACTIVITY DRIVER,national_with_regions,0,15,10,2015,2024,68.5,2,Republic of Uzbekistan | Republic of Karakalpakstan | Andijan region | Bukhara region | Jizzakh region
1272,Local telephone network capacity,services,POSSIBLE,SECTORAL ACTIVITY DRIVER,national_single,0,1,10,2015,2024,2145.6000000000004,3,Republic of Uzbekistan
1279,Enterprise PCs available,services,POSSIBLE,SECTORAL ACTIVITY DRIVER,national_with_regions,0,15,10,2015,2024,55663.0,6,Republic of Uzbekistan | Republic of Karakalpakstan | Andijan region | Bukhara region | Jizzakh region
1280,Enterprises with PCs share,services,POSSIBLE,SECTORAL ACTIVITY DRIVER,national_with_regions,0,15,10,2015,2024,50.0,1,Republic of Uzbekistan | Republic of Karakalpakstan | Andijan region | Bukhara region | Jizzakh region
1281,Enterprise LAN PCs,services,POSSIBLE,SECTORAL ACTIVITY DRIVER,national_with_regions,0,15,10,2015,2024,19225.0,5,Republic of Uzbekistan | Republic of Karakalpakstan | Andijan region | Bukhara region | Jizzakh region
1282,Enterprises with LAN share,services,POSSIBLE,SECTORAL ACTIVITY DRIVER,national_with_regions,0,15,10,2015,2024,4.8,1,Republic of Uzbekistan | Republic of Karakalpakstan | Andijan region | Bukhara region | Jizzakh region
1283,Enterprise internet PCs,services,POSSIBLE,SECTORAL ACTIVITY DRIVER,national_with_regions,0,15,10,2015,2024,20409.5,5,Republic of Uzbekistan | Republic of Karakalpakstan | Andijan region | Bukhara region | Jizzakh region
1284,Enterprises with internet share,services,POSSIBLE,SECTORAL ACTIVITY DRIVER,national_with_regions,0,15,10,2015,2024,21.6,1,Republic of Uzbekistan | Republic of Karakalpakstan | Andijan region | Bukhara region | Jizzakh region
3176,Internet subscribers individuals (regions),services,POSSIBLE,SECTORAL ACTIVITY DRIVER,national_with_regions,0,15,10,2015,2024,1094.3000000000002,4,Republic of Uzbekistan | Republic of Karakalpakstan | Andijan region | Bukhara region | Jizzakh region
3177,"Internet subscribers, legal entities",services,POSSIBLE,SECTORAL ACTIVITY DRIVER,national_single,0,1,10,2015,2024,687.55,3,Republic of Uzbekistan
3179,Mobile internet subscribers,services,POSSIBLE,SECTORAL ACTIVITY DRIVER,national_single,0,1,10,2015,2024,16798.85,4,Republic of Uzbekistan
3180,All-network internet subscribers,services,POSSIBLE,SECTORAL ACTIVITY DRIVER,national_single,0,1,10,2015,2024,24447.550000000003,4,Republic of Uzbekistan
3215,Market services by region (monthly),services,POSSIBLE,SECTORAL ACTIVITY DRIVER,national_with_regions,1,15,27,2024-M01,2026-M03,18238.2,6,Republic of Uzbekistan | Republic of Karakalpakstan | Andijan region | Bukhara region | Jizzakh region
3216,Market services growth by region (monthly),services,POSSIBLE,SECTORAL ACTIVITY DRIVER,national_with_regions,1,15,27,2024-M01,2026-M03,113.0,2,Republic of Uzbekistan | Republic of Karakalpakstan | Andijan region | Bukhara region | Jizzakh region
3217,Market services by type (monthly),services,POSSIBLE,SECTORAL ACTIVITY DRIVER,international,1,14,27,2024-M01,2026-M03,13219.45,5,Trade | Information and communication | Transport activities | of which: motor transport | Accommodation and food service activities
3218,Market services growth by type (monthly),services,POSSIBLE,SECTORAL ACTIVITY DRIVER,international,1,14,27,2024-M01,2026-M03,111.4,2,Trade | Information and communication | Transport activities | of which: motor transport | Accommodation and food service activities
3247,Per-capita market services by region (monthly),services,POSSIBLE,SECTORAL ACTIVITY DRIVER,national_with_regions,1,15,27,2024-M01,2026-M03,6038.8,5,Republic of Uzbekistan | Republic of Karakalpakstan | Andijan region | Bukhara region | Jizzakh region
3248,Per-capita market services growth (monthly),services,POSSIBLE,SECTORAL ACTIVITY DRIVER,national_with_regions,1,15,27,2024-M01,2026-M03,110.7,2,Republic of Uzbekistan | Republic of Karakalpakstan | Andijan region | Bukhara region | Jizzakh region
964,Wholesale trade volume (monthly),trade,POSSIBLE,HOUSEHOLD DEMAND PROXY,national_with_regions,1,15,75,2020-M01,2026-M03,3343616.5,8,Republic of Uzbekistan | Republic of Karakalpakstan | Andijan region | Bukhara region | Jizzakh region
2695,Wholesale trade growth (annual),trade,POSSIBLE,HOUSEHOLD DEMAND PROXY,national_with_regions,0,15,15,2010,2024,112.8,2,Republic of Uzbekistan | Republic of Karakalpakstan | Andijan region | Bukhara region | Jizzakh region
2696,Wholesale trade growth rate (monthly),trade,POSSIBLE,HOUSEHOLD DEMAND PROXY,national_with_regions,1,15,75,2020-M01,2026-M03,107.9,2,Republic of Uzbekistan | Republic of Karakalpakstan | Andijan region | Bukhara region | Jizzakh region
2700,Retail trade growth (monthly),trade,POSSIBLE,HOUSEHOLD DEMAND PROXY,national_with_regions,1,15,75,2020-M01,2026-M03,108.2,2,Republic of Uzbekistan | Republic of Karakalpakstan | Andijan region | Bukhara region | Jizzakh region
2821,Retail comparison monthly,trade,POSSIBLE,HOUSEHOLD DEMAND PROXY,national_with_regions,1,15,75,2023-M01,2026-M03,7625302.2,8,Republic of Uzbekistan | Republic of Karakalpakstan | Andijan region | Bukhara region | Jizzakh region
2822,Retail growth comparison monthly,trade,POSSIBLE,HOUSEHOLD DEMAND PROXY,national_with_regions,1,15,39,2023-M01,2026-M03,108.3,2,Republic of Uzbekistan | Republic of Karakalpakstan | Andijan region | Bukhara region | Jizzakh region
2826,Food service establishments (annual),trade,POSSIBLE,HOUSEHOLD DEMAND PROXY,national_with_regions,0,15,15,2010,2024,161.9,5,Republic of Uzbekistan | Republic of Karakalpakstan | Andijan region | Bukhara region | Jizzakh region
2827,Food service establishments (monthly),trade,POSSIBLE,HOUSEHOLD DEMAND PROXY,national_with_regions,1,15,39,2023-M01,2026-M03,2863.4,5,Republic of Uzbekistan | Republic of Karakalpakstan | Andijan region | Bukhara region | Jizzakh region
2828,Food service growth (annual),trade,POSSIBLE,HOUSEHOLD DEMAND PROXY,national_with_regions,0,15,15,2010,2024,111.2,2,Republic of Uzbekistan | Republic of Karakalpakstan | Andijan region | Bukhara region | Jizzakh region
2829,Food service growth (monthly),trade,POSSIBLE,HOUSEHOLD DEMAND PROXY,national_with_regions,1,15,39,2023-M01,2026-M03,109.8,2,Republic of Uzbekistan | Republic of Karakalpakstan | Andijan region | Bukhara region | Jizzakh region
2830,Auto+spare parts trade (annual),trade,POSSIBLE,HOUSEHOLD DEMAND PROXY,national_with_regions,0,15,11,2014,2024,1417.2,5,Republic of Uzbekistan | Republic of Karakalpakstan | Andijan region | Bukhara region | Jizzakh region
2831,Auto+spare parts growth (annual),trade,POSSIBLE,HOUSEHOLD DEMAND PROXY,national_with_regions,0,15,11,2014,2024,110.1,2,Republic of Uzbekistan | Republic of Karakalpakstan | Andijan region | Bukhara region | Jizzakh region
2833,E-commerce trade volume (annual),trade,POSSIBLE,HOUSEHOLD DEMAND PROXY,national_single,0,1,9,2016,2024,1002.5,4,Republic of Uzbekistan
3075,"Wholesale trade volume comparison (2023-24, monthly)",trade,POSSIBLE,HOUSEHOLD DEMAND PROXY,national_single,1,1,39,2023-M01,2026-M03,154922150.9,8,Republic of Uzbekistan
3076,"Wholesale trade growth comparison (2023-24, monthly)",trade,POSSIBLE,HOUSEHOLD DEMAND PROXY,national_single,1,1,39,2023-M01,2026-M03,111.4,2,Republic of Uzbekistan
472,Auto transport freight turnover (annual),transport,POSSIBLE,TRANSPORT ENERGY / FREIGHT,national_with_regions,0,15,25,2000,2024,947.6,4,Republic of Uzbekistan | Republic of Karakalpakstan | Andijan region | Bukhara region | Jizzakh region
479,Auto transport freight volume (annual),transport,POSSIBLE,TRANSPORT ENERGY / FREIGHT,national_with_regions,0,15,25,2000,2024,38.0,3,Republic of Uzbekistan | Republic of Karakalpakstan | Andijan region | Bukhara region | Jizzakh region
487,Air transport freight turnover (annual),transport,POSSIBLE,TRANSPORT ENERGY / FREIGHT,national_single,0,1,25,2000,2024,123.5,2,Republic of Uzbekistan
498,Air transport freight volume (annual),transport,POSSIBLE,TRANSPORT ENERGY / FREIGHT,national_single,0,1,25,2000,2024,10.4,1,Republic of Uzbekistan
507,Total freight turnover (annual),transport,POSSIBLE,TRANSPORT ENERGY / FREIGHT,national_single,0,1,25,2000,2024,66.9,1,Republic of Uzbekistan
517,Total freight volume (annual),transport,POSSIBLE,TRANSPORT ENERGY / FREIGHT,national_single,0,1,25,2000,2024,950.4,3,Republic of Uzbekistan
525,Rail freight volume (annual),transport,POSSIBLE,TRANSPORT ENERGY / FREIGHT,national_single,0,1,25,2000,2024,63.7,1,Republic of Uzbekistan
536,Rail freight turnover (annual),transport,POSSIBLE,TRANSPORT ENERGY / FREIGHT,national_single,0,1,25,2000,2024,22.9,1,Republic of Uzbekistan
541,Auto passenger turnover (annual),transport,POSSIBLE,TRANSPORT ENERGY / FREIGHT,national_with_regions,0,15,25,2000,2024,5100.4,5,Republic of Uzbekistan | Republic of Karakalpakstan | Andijan region | Bukhara region | Jizzakh region
560,Total passenger turnover (annual),transport,POSSIBLE,TRANSPORT ENERGY / FREIGHT,national_single,0,1,25,2000,2024,100.2,2,Republic of Uzbekistan
599,Auto passengers transported,transport,POSSIBLE,TRANSPORT ENERGY / FREIGHT,national_with_regions,0,15,26,2000,2024,267.04999999999995,3,Republic of Uzbekistan | Republic of Karakalpakstan | Andijan region | Bukhara region | Jizzakh region
618,Total passengers transported,transport,POSSIBLE,TRANSPORT ENERGY / FREIGHT,national_single,0,1,25,2000,2024,5169.9,3,Republic of Uzbekistan
668,Total hard-surface road length (km),transport,POSSIBLE,TRANSPORT ENERGY / FREIGHT,national_single,0,1,25,2000,2024,44.2,1,Republic of Uzbekistan
677,Oil pipeline length (km),transport,POSSIBLE,TRANSPORT ENERGY / FREIGHT,national_single,0,1,25,2000,2024,0.1,-1,Republic of Uzbekistan
679,Public railway length (km),transport,POSSIBLE,TRANSPORT ENERGY / FREIGHT,national_single,0,1,25,2000,2024,4.2,0,Republic of Uzbekistan
683,Total rail length,transport,POSSIBLE,TRANSPORT ENERGY / FREIGHT,national_single,0,1,25,2000,2024,6.1,0,Republic of Uzbekistan
3249,Auto transport freight volume (quarterly),transport,POSSIBLE,TRANSPORT ENERGY / FREIGHT,national_with_regions,0,15,9,2024-Q1,2026-Q1,36.1,3,Republic of Uzbekistan | Republic of Karakalpakstan | Andijan region | Bukhara region | Jizzakh region
3250,Auto transport passengers (quarterly),transport,POSSIBLE,TRANSPORT ENERGY / FREIGHT,national_with_regions,0,15,9,2024-Q1,2026-Q1,192.8,3,Republic of Uzbekistan | Republic of Karakalpakstan | Andijan region | Bukhara region | Jizzakh region
3263,Total freight volume (quarterly),transport,POSSIBLE,TRANSPORT ENERGY / FREIGHT,national_single,0,1,9,2024-Q1,2026-Q1,762.4,3,Republic of Uzbekistan
3267,Total freight turnover (quarterly),transport,POSSIBLE,TRANSPORT ENERGY / FREIGHT,national_single,0,1,9,2024-Q1,2026-Q1,41.0,1,Republic of Uzbekistan
3269,Auto freight turnover (quarterly),transport,POSSIBLE,TRANSPORT ENERGY / FREIGHT,national_with_regions,0,15,9,2024-Q1,2026-Q1,851.3,4,Republic of Uzbekistan | Republic of Karakalpakstan | Andijan region | Bukhara region | Jizzakh region
3272,Total passengers (quarterly),transport,POSSIBLE,TRANSPORT ENERGY / FREIGHT,national_single,0,1,9,2024-Q1,2026-Q1,3389.4,3,Republic of Uzbekistan
3278,Total passenger turnover (quarterly),transport,POSSIBLE,TRANSPORT ENERGY / FREIGHT,national_single,0,1,9,2024-Q1,2026-Q1,80.9,2,Republic of Uzbekistan
3280,Auto passenger turnover (quarterly),transport,POSSIBLE,TRANSPORT ENERGY / FREIGHT,national_with_regions,0,15,9,2024-Q1,2026-Q1,4.6,2,Republic of Uzbekistan | Republic of Karakalpakstan | Andijan region | Bukhara region | Jizzakh region
