Code,Klassifikator,Klassifikator_ru,Klassifikator_en,Klassifikator_uzc,2024-М01,2024-М02,2024-М03,2024-М04,2024-М05,2024-М06,2024-М07,2024-М08,2024-М09,2024-М10,2024-М11,2024-М12,2025-М01,2025-М02,2025-М03,2025-М04,2025-М05,2025-М06,2025-М07,2025-М08,2025-М09,2025-М10,2025-М11,2025-М12,2026-М01,2026-М02,2026-М03,2026-М04
1,YIGʻMA INDEKS,СВОДНЫЙ ИНДЕКС,COMPOSITE INDEX,ЙИҒМА ИНДEКС,100.58,100.28,100.59,100.64,102.35,99.87,99.86,100.61,101.26,100.79,100.84,101.05,100.65,100.54,100.76,100.63,101.88,100.07,99.61,100.45,100.5,100.55,100.6,101.06,100.6,100.6,100.6,100.5
1.02,OZIQ-OVQAT MAHSULOTLARI,ПРОДОВОЛЬСТВЕННЫЕ ПРОДУКТЫ,FOOD PRODUCTS,ОЗИҚ-ОВҚАТ МАҲСУЛОТЛАРИ,100.76,100.15,100.72,100.38,97.3,97.76,98.83,100.49,101.42,100.94,100.89,102.07,100.77,100.57,101.28,100.85,99.19,98.97,99.02,100.64,100.88,100.94,100.95,101.51,100.8,100.9,101.2,100.9
01.1,Uzun boshoqli guruch,Рис длиннозерный,Long-grain rice,Узун бошоқли гуруч,99.83,99.53,101.26,103.94,103.91,100.9,101.78,101.15,100.89,94.74,85.68,99.42,98.66,94.35,97.11,99.75,99.67,100.62,99.61,100.3,100.43,96.33,93.6,99.15,98.5,99.4,99.3,99.7
01.2,Yumaloq boshoqli guruch,Рис круглозерный,Round grain rice,Юмалоқ бошоқли гуруч,98.15,98.88,101.0,99.27,100.07,100.4,99.92,101.08,100.19,96.08,87.03,99.7,97.59,93.7,96.82,99.77,100.03,99.94,99.23,99.84,99.78,98.96,95.56,98.89,98.3,99.1,99.2,99.4
01.3,Guruch oqshogʻi,Рисовая сечка,Chopped rice,Гуруч оқшоғи,100.47,99.27,100.01,100.3,100.0,100.0,99.07,99.22,101.89,96.62,87.17,99.1,97.45,95.03,94.44,100.43,98.73,99.88,100.15,99.58,99.91,97.0,96.31,99.58,99.0,100.6,99.4,98.1
01.4,Manniy yormasi,Крупа манная,Semolina groats,Манний ёрмаси,98.22,99.66,99.12,100.0,99.83,100.0,100.23,100.62,100.24,102.6,100.69,99.49,99.93,99.43,101.27,100.08,100.63,100.47,100.17,100.28,100.46,101.0,100.43,100.31,100.0,100.0,100.3,100.6
01.5,Grechixa (doni),Гречиха (зерно),Buckwheat (grain),Гречиха (дони),98.98,98.12,98.59,98.78,98.22,99.25,97.79,100.66,99.42,98.97,99.61,98.98,100.58,99.57,99.3,100.72,100.29,99.05,99.52,100.82,100.22,100.38,99.82,100.49,100.9,100.0,101.0,101.0
01.6,Suli yormasi,Крупа овсяная,Oat groats,Сули ёрмаси,100.0,101.08,99.61,100.48,102.17,100.0,98.27,99.9,101.68,99.88,99.85,99.14,100.8,99.9,99.37,101.69,100.58,98.0,101.65,99.78,100.74,101.63,100.0,100.0,100.2,100.4,100.3,100.9
01.7,Arpa yormasi,Перловка,Pearl barley,Арпа ёрмаси,103.86,100.97,100.54,100.51,103.42,100.69,100.61,98.08,100.74,98.76,97.0,101.21,101.59,98.74,99.66,101.5,100.0,100.0,100.0,100.0,100.87,100.8,100.0,100.7,100.3,101.4,100.3,100.9
01.8,"Soʻk (yorma), jumladan briketlarda","Пшено (крупа), в том числе в брикетах","Millet (groats), including in briquettes","Сўк (ёрма), жумладан брикетларда",99.59,99.73,100.97,100.0,100.65,100.0,98.94,99.85,100.86,100.63,101.0,99.86,100.0,100.85,100.81,101.28,100.0,100.0,100.0,100.0,100.0,100.42,100.0,100.0,100.0,100.7,100.2,100.8
01.9,Oliy navli bugʻdoy uni,Мука пшеничная высшего сорта,Premium wheat flour,Олий навли буғдой уни,98.84,99.53,101.11,98.15,101.59,100.28,100.83,99.19,100.95,101.32,100.55,101.08,100.68,95.03,99.89,100.71,100.82,100.21,101.19,100.4,100.16,100.27,100.34,100.36,100.5,100.2,100.7,101.1
01.10,Birinchi navli bugʻdoy uni,Мука пшеничная первого сорта,First grade wheat flour,Биринчи навли буғдой уни,98.13,98.49,100.65,100.48,99.45,99.83,99.1,99.55,100.38,99.64,98.54,97.5,100.54,93.47,98.68,100.47,100.0,100.93,99.85,100.32,100.3,100.71,100.49,100.0,100.9,101.1,100.5,100.9
01.11,Oliy navli bugʻdoy unidan tayyorlangan non,Хлеб пшеничный из муки высшего сорта,Wheat bread made from premium flour,Олий навли буғдой унидан тайёрланган нон,100.0,100.0,100.0,100.0,101.67,98.36,104.17,100.0,100.0,99.04,100.0,100.0,100.0,100.0,100.0,100.0,100.0,100.0,100.0,100.0,100.1,100.0,100.32,100.59,100.1,100.0,100.0,100.0
01.12,Birinchi navli bugʻdoy unidan tayyorlangan non,Хлеб пшеничный из муки первого сорта,Wheat bread made from first grade flour,Биринчи навли буғдой унидан тайёрланган нон,100.96,100.27,100.0,99.91,100.0,98.7,100.48,100.0,100.0,101.02,99.64,100.0,100.0,100.0,100.0,100.0,100.0,100.0,100.0,100.0,100.0,100.0,101.01,100.0,100.0,100.0,100.0,100.2
01.13,Obinon,Лепешки,Flatbreads,Обинон,101.73,100.0,100.0,99.98,100.0,100.0,100.12,100.0,100.0,100.0,100.46,100.0,100.0,100.18,100.0,100.22,100.0,100.0,100.0,100.0,99.88,100.0,100.0,100.0,100.0,100.0,101.1,100.3
01.14,Javdar va javdar-bugʻdoy noni,Хлеб ржаной и ржано-пшеничный,Rye and rye-wheat bread,Жавдар ва жавдар-буғдой нони,100.23,100.41,100.0,100.0,100.0,100.0,101.54,100.0,100.0,100.0,100.0,100.0,100.3,100.0,100.0,100.0,100.0,100.0,100.0,100.19,100.0,100.0,100.0,100.3,100.5,100.0,100.0,99.9
01.15,"Bulochka, bublik va boshqa yogʻli mahsulotlar","Булочки, бублики и другие сдобные изделия","Buns, bagels, and other pastry items","Булочка, бублик ва бошқа ёғли маҳсулотлар",101.24,100.66,100.0,100.0,100.0,100.0,100.0,100.57,100.0,100.0,100.0,100.96,100.0,100.31,99.89,100.0,100.0,100.0,100.0,101.48,100.16,101.0,100.1,100.0,100.0,101.0,100.3,99.6
01.16,"Suxari (qoq non), qarsillama non, galeta","Сухари, хрустящие хлебцы, галеты","Rusks, crispbread, crackers","Сухари (қоқ нон), қарсиллама нон, галета",101.31,100.61,99.81,100.0,100.0,100.0,100.0,100.0,100.0,100.97,100.01,101.47,100.21,101.29,101.52,100.0,102.27,100.0,99.87,100.2,100.42,100.97,100.1,100.29,100.3,100.6,100.5,100.1
01.16.1,"Pirojki, ponchik (goʻshtli pirojkidan tashqari)","Пирожки, пончики (кроме пирожков с мясом)",Pirozhki and doughnuts (excluding meat pirozhki),"Пирожки, пончик (гўштли пирожкидан ташқари)",0.0,0.0,0.0,0.0,0.0,0.0,0.0,0.0,0.0,0.0,0.0,0.0,0.0,0.0,0.0,0.0,0.0,0.0,0.0,0.0,0.0,0.0,0.0,0.0,100.0,100.0,100.0,100.0
01.17,Pechenye,Печенье,Cookies,Печене,103.21,99.95,100.24,100.22,100.0,100.93,99.23,100.13,100.47,100.19,100.77,99.79,101.27,99.45,98.88,101.29,100.38,99.77,99.92,99.39,100.35,101.0,100.87,99.9,100.3,99.8,100.7,100.2
01.18,Vafli,Вафли,Wafers,Вафли,102.57,100.0,99.74,100.0,100.4,100.23,100.44,100.24,100.0,101.27,100.24,100.9,101.3,100.13,100.81,100.59,100.01,100.0,99.28,100.24,99.66,100.23,100.14,100.33,100.1,100.4,100.1,100.2
01.19,Pryaniklar,Пряники,Gingerbread,Пряниклар,104.1,101.02,99.98,100.13,100.0,100.08,100.53,100.53,100.24,100.29,100.58,100.67,100.13,100.85,100.5,100.13,100.03,100.0,99.87,100.42,100.3,100.49,100.0,100.0,101.1,100.7,100.0,100.7
01.20,Tortlar,Торты,Cakes,Тортлар,101.69,100.55,101.99,100.98,100.45,100.0,101.62,102.07,100.72,98.02,100.01,100.58,101.57,100.4,100.36,100.34,100.19,100.26,99.27,100.42,101.05,100.72,99.96,99.52,100.5,100.6,100.6,101.3
01.21,Turli xil pirojniylar,Пирожные разных видов,Pastries of various types,Турли хил пирожнийлар,100.0,101.01,98.33,100.88,100.1,100.0,102.12,99.86,101.21,100.17,103.24,100.33,100.01,100.83,100.72,100.14,99.54,101.09,100.0,99.85,100.04,100.68,100.09,100.73,100.1,101.0,100.0,99.5
01.22,Kekslar,Кексы,Cupcakes,Кекслар,100.31,100.0,98.96,100.48,100.29,100.13,100.52,99.88,100.7,100.51,101.09,100.5,100.31,100.98,101.17,100.27,99.56,100.71,100.12,101.27,100.52,100.24,100.85,100.47,100.0,100.0,101.1,100.6
01.23,Korjiklar,Коржики,Biscuits,Коржиклар,100.0,100.0,100.0,100.0,100.0,100.13,97.65,101.34,101.06,102.63,100.61,100.81,100.0,100.84,100.17,101.76,100.9,100.0,100.0,101.95,100.0,100.0,101.04,100.67,0.0,0.0,0.0,0.0
01.24,Chak chak,Чак чак,Chak-chak,Чак чак,101.77,102.2,100.0,101.59,100.87,100.47,100.42,101.12,100.0,100.4,99.01,99.71,103.3,100.0,100.48,100.28,100.0,100.0,100.11,99.18,101.52,101.55,100.0,99.94,100.0,100.0,101.0,101.0
01.25,"Tayyor nonushtalar shaklidagi boshoqli donlar (""quruq nonushtalar"")","Зерна злаков в виде готовых завтраков (""сухие завтраки"")","Ready-to-eat cereal grains (""breakfast cereals"")","Тайёр нонушталар шаклидаги бошоқли донлар (""қуруқ нонушталар"")",100.39,100.0,100.07,100.18,100.0,100.0,100.46,100.12,100.25,100.24,100.0,100.07,100.26,100.0,99.63,100.0,100.78,100.0,100.28,101.82,100.37,100.75,100.0,100.55,100.0,100.1,100.2,101.7
01.26,Vermishel,Вермишель,Vermicelli,Вермишел,101.33,99.8,101.15,98.71,99.18,98.09,99.56,99.7,99.16,104.96,101.54,99.33,99.04,98.52,100.7,101.87,100.2,100.0,100.12,100.13,99.5,100.51,101.25,100.0,99.8,100.4,100.0,100.0
01.27,Ugra (shu jumladan lagʻmon uchun),Лапша (в том числе для лагмана),Noodles (including for lagman),Угра (шу жумладан лағмон учун),100.0,100.2,99.27,100.42,100.58,98.12,102.02,100.21,100.39,99.93,102.24,100.28,100.39,99.78,98.71,100.0,101.37,100.69,99.75,100.13,100.74,100.27,99.72,101.0,100.7,100.4,100.0,101.6
01.28,"Makaronlar, spagetti","Макароны, спагетти","Pasta, spaghetti","Макаронлар, спагетти",100.0,99.31,101.82,100.0,101.06,99.82,98.3,99.32,100.0,102.51,101.54,99.13,101.01,99.5,99.83,100.0,100.11,100.0,99.97,100.33,100.33,100.87,100.12,99.85,99.8,101.5,99.9,100.4
01.29,"Shakldor mahsulotlar (chigʻanoqlar, yulduzchalar va shu kabilar)","Фигурные изделия (ракушки, звездочки и аналогичные)","Shaped products (shells, stars and similar)","Шаклдор маҳсулотлар (чиғаноқлар, юлдузчалар ва шу кабилар)",100.0,99.61,99.35,100.0,102.94,100.35,100.11,99.1,100.38,101.22,101.67,100.1,99.21,100.26,100.6,100.0,99.61,100.0,99.89,99.94,100.43,100.43,99.77,100.5,100.0,101.1,100.7,100.2
01.30,"Chuchvaralar va shu kabi mahsulotlar, xom","Пельмени и аналогичные изделия, сырые","Dumplings and similar products, raw","Чучваралар ва шу каби маҳсулотлар, хом",100.95,100.0,100.35,100.14,102.65,100.82,99.41,100.83,100.83,100.53,100.99,99.49,100.17,100.98,100.18,100.31,101.58,100.13,99.87,100.0,101.05,100.27,100.0,101.08,100.3,100.3,100.2,100.6
01.31,Boshqa toifalarga kiritilmagan makaron mahsulotlari (tez tayyorlanadigan ugra),"Прочие макаронные изделия, не отнесенные к другим категориям",Other noodle products not elsewhere classified,Бошқа тоифаларга киритилмаган макарон маҳсулотлари (тез тайёрланадиган угра),101.41,100.44,101.26,100.0,100.0,102.58,99.4,100.23,101.3,99.26,100.0,99.53,103.75,100.12,100.71,100.2,100.0,100.13,100.34,100.38,100.36,100.39,100.62,100.59,100.4,100.5,100.8,100.8
01.32,Pop-korn,Поп-корн,Popcorn,Поп-корн,100.13,100.0,100.0,100.0,100.0,100.0,100.0,100.14,100.0,102.94,100.0,100.17,100.25,100.41,100.38,100.0,100.27,100.0,100.0,100.71,100.83,100.81,100.22,100.0,100.1,100.3,100.0,100.4
01.33,Non-bulka mahsulotlarini tayyorlash uchun aralashmalar va xamir,Смеси и тесто для приготовления хлебобулочных изделий,Mixes and dough for bakery products,Нон-булка маҳсулотларини тайёрлаш учун аралашмалар ва хамир,100.45,100.0,99.54,99.18,100.0,100.0,101.44,100.87,100.0,100.47,100.88,100.0,100.41,100.78,101.07,100.0,99.76,100.19,100.0,100.3,100.0,100.19,100.14,101.0,100.4,100.4,99.6,100.0
01.34,Mol goʻshti (suyaksiz goʻshtidan tashqari),Говядина (кроме бескостного мяса),Beef (except boneless meat),Мол гўшти (суяксиз гўштидан ташқари),99.75,99.26,99.73,100.38,100.15,100.83,100.9,105.14,103.7,100.87,99.88,100.95,101.04,102.99,106.48,101.98,100.98,100.94,102.25,100.5,101.22,101.75,100.28,100.5,100.8,101.4,101.9,103.2
01.35,Suyaksiz mol goʻshti,Говядина бескостная,Boneless beef,Суяксиз мол гўшти,99.92,99.34,99.7,100.6,100.12,100.48,101.51,104.71,101.81,103.19,102.07,100.49,100.26,102.74,107.34,101.7,100.98,101.44,102.51,100.78,101.87,101.27,100.43,100.43,100.9,101.1,101.9,103.0
01.36,Qoʻy goʻshti,Баранина,Mutton,Қўй гўшти,99.65,99.55,99.65,100.57,100.24,100.7,100.89,103.86,102.4,101.03,103.42,100.0,102.13,102.23,106.19,101.88,101.12,101.23,102.28,101.61,101.03,101.94,100.66,100.53,101.6,101.4,101.6,103.1
01.37,Choʻchqa goʻshti,Свинина,Pork,Чўчқа гўшти,100.0,104.0,98.72,100.0,100.0,100.0,100.0,101.3,100.0,98.08,103.96,100.59,100.0,102.5,103.66,100.0,100.0,100.0,100.0,100.0,100.88,100.0,102.45,102.74,0.0,0.0,0.0,0.0
01.38,Parranda goʻshti (butun tana),Мясо птицы (тушка),Poultry meat (whole carcass),Парранда гўшти (бутун тана),103.38,97.45,99.04,98.45,99.01,97.01,99.61,100.78,99.82,102.02,100.49,103.27,99.22,99.73,98.57,100.0,99.02,104.16,100.47,102.11,102.16,98.33,97.92,100.62,101.7,101.1,98.6,96.7
01.39,"Tovuq boldiri, son va tovuqning boshqa qismlari","Голень куриная, окорочка и другие части курицы","Chicken drumsticks, leg quarters, and other chicken parts","Товуқ болдири, сон ва товуқнинг бошқа қисмлари",102.4,99.27,99.61,99.29,99.16,99.04,98.91,101.36,99.69,101.02,100.91,99.02,99.3,100.64,98.85,101.23,100.35,102.23,100.76,102.73,101.69,97.91,98.98,100.55,101.8,101.7,99.6,98.7
01.40,"Qiyma (yogʻli, yarim yogʻli)","Мясной фарш (жирный, полужирный)","Meat mince (fatty, semi-fatty)","Қийма (ёғли, ярим ёғли)",99.96,99.49,99.92,99.4,100.0,100.0,100.98,102.37,102.44,102.54,100.06,101.56,100.05,101.14,105.25,101.96,100.44,101.0,101.85,100.43,100.0,101.18,100.7,100.67,101.5,101.7,101.6,102.6
01.41,"Yangi soʻyilgan, sovitilgan yoki muzlatilgan, quritilgan, tuzlangan, namakobga solingan  yoki dudlangan mol va qoʻy jigari","Печень говяжья, баранья, парная, охлажденная или мороженая, сушеная, соленая, в рассоле  или копченая","Beef/lamb liver (fresh, chilled or frozen, dried, salted, brined or smoked)","Янги сўйилган, совитилган ёки музлатилган, қуритилган, тузланган, намакобга солинган  ёки дудланган мол ва қўй жигари",100.14,99.24,100.0,99.33,100.0,99.24,100.77,102.05,102.87,102.78,102.29,100.0,100.0,101.24,101.98,102.64,101.03,101.13,101.76,100.92,102.04,101.62,100.0,100.91,101.9,101.0,101.5,100.7
01.42,"Yangi soʻyilgan, sovitilgan yoki muzlatilgan, quritilgan, tuzlangan, namakobga solingan  yoki dudlangan mol oyoqlari","Ножки говяжьи, парные, охлажденные или мороженые, сушеные, соленые, в рассоле  или копченые","Beef feet (fresh, chilled or frozen, dried, salted, brined or smoked)","Янги сўйилган, совитилган ёки музлатилган, қуритилган, тузланган, намакобга солинган  ёки дудланган мол оёқлари",100.07,104.69,99.59,100.09,99.53,100.0,98.22,100.3,100.62,102.87,103.15,103.33,100.24,101.63,104.18,102.66,101.31,99.41,99.29,100.0,100.43,102.13,101.16,103.13,101.3,101.6,101.5,101.2
01.43,"Yangi soʻyilgan, sovitilgan yoki muzlatilgan, quritilgan, tuzlangan, namakobga solingan  yoki dudlangan til","Язык, парной, охлажденный или мороженый, сушеный, соленый, в рассоле  или копченый","Tongue (fresh, chilled or frozen, dried, salted, brined or smoked)","Янги сўйилган, совитилган ёки музлатилган, қуритилган, тузланган, намакобга солинган  ёки дудланган тил",100.0,98.93,99.5,99.5,100.0,100.0,100.0,103.74,101.5,103.98,101.05,100.0,100.0,101.13,102.0,102.87,101.05,100.09,100.0,100.52,101.38,100.0,100.5,101.33,100.1,100.4,103.3,101.7
01.44,Pishirilgan kolbasa,Колбаса вареная,Cooked sausage,Пиширилган колбаса,101.91,100.6,100.06,100.0,100.33,100.86,100.62,100.63,101.08,100.12,100.2,101.53,99.43,101.35,100.37,101.32,100.24,100.56,100.01,100.66,100.73,100.77,99.77,100.48,100.6,100.1,101.5,102.6
01.45,"Sosiskalar, sardelkalar","Сосиски, сардельки","Sausages, frankfurters","Сосискалар, сарделкалар",102.17,100.24,100.69,100.0,99.74,100.08,101.07,100.25,100.33,100.46,100.44,100.15,100.02,100.76,100.74,100.27,100.12,100.11,100.29,101.25,101.36,100.08,100.8,100.81,100.6,100.3,101.2,101.3
01.46,Dudlangan va yarim dudlangan kolbasa,Колбаса копченая и полукопченая,Smoked and semi-smoked sausage,Дудланган ва ярим дудланган колбаса,101.24,100.12,99.24,100.0,100.46,101.43,100.24,100.52,100.09,102.46,100.53,100.77,100.21,100.95,99.75,100.68,100.16,99.98,99.86,100.56,100.18,100.56,100.91,100.17,101.5,100.7,101.5,103.1
01.47,Qazi,Казы,Kazi,Қази,99.51,100.2,99.47,99.68,100.18,99.24,99.08,100.55,100.49,106.16,100.59,103.03,100.19,100.0,100.68,100.0,100.47,100.15,99.65,100.15,100.58,100.62,100.0,100.78,101.1,100.0,100.1,100.9
01.48,Konservalangan dimlangan mol goʻshti,Говядина тушеная консервированная,Canned stewed beef,Консерваланган димланган мол гўшти,100.5,100.0,100.23,100.81,100.93,101.08,100.26,100.0,100.0,100.72,100.73,101.11,100.45,101.0,99.57,101.27,100.4,100.0,99.4,100.8,100.05,99.9,100.08,100.0,100.9,100.3,100.3,100.7
01.49,"Tirik, yangi, sovutilgan  baliq","Рыба, живая, свежая, охлажденная","Fish, live, fresh, chilled","Тирик, янги, совутилган  балиқ",98.58,100.07,101.26,101.99,100.08,103.58,102.37,101.32,100.04,96.32,98.2,101.64,102.28,100.76,101.76,100.7,100.34,99.18,100.21,99.78,100.63,98.79,100.12,101.21,100.7,99.1,101.6,102.6
01.50,Muzlatilgan baliq,Рыба мороженая,Frozen fish,Музлатилган балиқ,98.63,102.23,99.36,101.3,100.84,99.36,99.31,100.97,98.95,101.19,98.62,100.6,100.31,100.0,100.46,101.14,101.09,100.37,100.56,100.27,99.41,99.4,99.02,100.81,100.0,100.6,101.7,101.6
01.51,"Quritilgan, tuzlangan, namakobga solingan  yoki dudlangan baliq","Рыба, вяленая, соленая, в рассоле или копченая","Fish, dried, salted, in brine or smoked","Қуритилган, тузланган, намакобга солинган  ёки дудланган балиқ",100.0,100.24,100.91,100.54,100.0,100.5,101.37,100.34,100.0,102.17,100.91,100.0,100.41,100.93,100.75,100.21,100.29,101.76,99.21,100.29,100.5,100.94,99.41,101.15,100.5,100.6,100.4,101.4
01.52,Moyga solingan sardinalar,Сардины в масле,Sardines in oil,Мойга солинган сардиналар,100.82,100.56,100.0,100.64,101.58,101.37,101.07,100.26,100.2,101.11,100.73,100.53,100.34,101.54,101.39,100.45,100.43,100.17,99.99,100.77,100.03,100.46,99.7,101.52,100.0,100.3,101.4,100.4
01.53,Moyga solingan shprotlar,Шпроты в масле,Sprats in oil,Мойга солинган шпротлар,100.74,100.03,100.24,100.84,101.0,100.7,101.39,100.46,100.29,102.95,100.66,100.62,100.78,101.25,99.04,100.89,101.23,100.45,100.21,100.92,99.47,99.79,100.06,100.0,100.4,100.0,101.0,100.0
01.54,Pomidor qaylasiga solingan kilka,Килька в томатном соусе,Sprat in tomato sauce,Помидор қайласига солинган килка,100.8,100.04,99.59,102.02,101.59,101.07,100.28,99.57,100.88,101.29,99.57,102.28,100.53,101.34,100.84,100.99,100.5,100.3,100.12,99.57,100.84,101.91,99.97,100.0,99.9,101.0,100.7,100.0
01.55,Xom sut (yangi sogʻilgan),Молоко сырое (свежее),Raw milk (fresh),Хом сут (янги соғилган),100.0,100.0,102.24,101.57,98.49,98.06,100.0,100.0,100.0,102.34,100.23,102.08,100.0,100.0,100.49,100.0,99.95,100.0,99.81,100.0,100.0,102.31,101.11,100.9,101.0,100.3,100.8,100.8
01.56,Pasterizatsiya qilingan sut,Молоко пастеризованное,Pasteurized milk,Пастеризация қилинган сут,100.0,99.59,99.45,100.06,100.34,100.02,100.3,100.0,100.0,102.5,99.68,101.49,100.75,100.98,100.92,100.07,100.54,100.83,100.53,100.0,99.59,100.6,100.24,100.2,100.4,100.7,100.2,101.5
01.57,Qaymoq,Каймак,Sweat Cream,Қаймоқ,100.26,100.0,99.52,101.9,100.0,101.74,100.23,100.61,100.21,100.0,100.0,101.74,100.2,100.44,101.0,101.84,99.5,100.11,100.8,100.44,100.18,100.0,100.3,100.0,101.0,100.0,100.4,99.4
01.58,Quyultirilgan sut,Молоко сгущенное,Condensed milk,Қуюлтирилган сут,100.9,100.13,100.0,100.4,100.46,101.14,100.54,101.79,100.21,100.77,100.6,100.25,100.53,101.01,99.9,100.58,100.22,100.37,99.86,100.07,100.1,99.16,99.08,101.3,100.5,100.1,100.0,101.5
01.59,Quruq qaymoq,Сливки сухие,Dry cream,Қуруқ қаймоқ,100.0,99.34,99.85,100.21,100.0,100.0,100.04,100.0,100.17,105.59,99.51,100.13,100.32,101.23,99.57,99.73,100.0,100.7,99.57,100.0,99.28,100.92,99.9,100.0,100.0,100.0,100.0,100.2
01.60,Qattiq pishloqlar,Сыры твердые,Hard cheeses,Қаттиқ пишлоқлар,99.24,100.6,99.82,100.45,100.0,99.65,99.84,100.47,100.0,102.35,101.46,100.56,100.87,100.77,99.75,100.27,100.44,100.0,100.11,100.64,99.76,100.11,100.37,101.82,100.1,100.0,101.2,101.2
01.61,"Yumshoq pishloqlar, kolbasa shaklidagi pishloq","Сыры плавленые, колбасный сыр","Processed cheeses, sausage cheese","Юмшоқ пишлоқлар, колбаса шаклидаги пишлоқ",100.0,101.4,101.85,100.24,99.38,100.98,100.43,101.21,101.17,100.05,102.55,100.19,101.5,99.35,100.65,100.07,101.05,99.79,99.52,100.21,100.23,100.27,100.46,100.27,100.5,100.8,100.4,100.9
01.62,Brinza,Брынза,Feta cheese,Бринза,100.06,100.0,99.78,100.0,100.0,100.0,97.86,100.56,100.0,105.21,102.29,100.27,100.0,101.34,100.0,100.0,101.64,100.39,97.89,100.11,100.52,100.51,100.18,100.68,100.0,100.0,100.3,100.1
01.63,Tvorog,Творог,Cottage cheese,Творог,101.83,101.38,99.46,100.96,99.44,100.47,99.21,100.91,100.0,99.79,101.58,100.97,98.87,101.03,100.85,100.17,100.19,100.71,99.94,100.98,100.0,100.53,100.63,100.35,100.8,100.6,100.4,101.1
01.64,Tvorogli siroklar va sirok massasi,Сырки творожные и сырковая масса,Curd cheese and curd mass,Творогли сироклар ва сирок массаси,100.84,100.0,102.15,101.94,102.26,100.0,100.54,100.0,100.0,100.0,100.96,100.87,100.88,101.0,102.06,100.22,100.0,100.0,99.93,100.28,100.61,101.0,100.0,100.0,100.2,100.7,101.4,102.1
01.65,Tayoqcha shaklidagi pishloqlar,Сырные палочки,Cheese sticks,Таёқча шаклидаги пишлоқлар,100.72,100.87,100.3,102.16,99.9,100.0,100.0,100.43,100.13,100.0,100.0,100.14,100.89,100.58,100.25,100.26,100.41,100.0,100.71,100.43,99.1,100.76,100.13,101.0,100.0,100.0,100.9,101.0
01.66,Smetana,Сметана,Sour cream,Сметана,100.59,101.0,101.41,100.98,100.0,100.56,101.89,99.52,100.0,100.24,100.0,101.96,101.3,101.19,98.87,100.54,99.68,100.56,100.03,100.24,100.19,100.33,101.11,100.2,100.7,100.0,100.6,100.6
01.67,"Kefir, prostokvasha va boshqalar","Кефир, пpостокваша и т.п.","Kefir, sour milk, etc.","Кефир, простокваша ва бошқалар",101.35,101.08,102.29,100.03,101.04,100.3,101.25,100.75,100.64,101.57,98.4,100.12,102.33,100.49,99.0,100.96,100.49,100.0,101.07,100.32,100.99,100.42,100.31,100.19,101.5,100.3,100.2,101.3
01.68,Yogurt,Йогурт,Yoghurt,Йогурт,100.0,100.16,101.77,100.46,100.38,100.0,99.5,100.0,101.98,101.02,101.58,101.13,101.22,101.39,100.04,100.5,100.0,100.28,98.86,100.57,100.4,100.0,100.4,99.9,101.5,100.0,100.3,101.5
01.69,Suzma,Сузьма,Suzma,Сузма,100.0,99.5,99.71,97.73,100.29,101.65,101.95,101.88,102.73,96.09,100.0,102.2,99.91,100.04,99.96,100.68,101.93,100.69,101.84,100.31,100.49,99.13,98.47,100.87,100.6,100.0,101.8,100.4
01.70,Qurt,Курт,Kurt,Қурт,100.87,100.83,101.75,102.34,100.0,98.57,101.11,100.0,100.0,100.0,102.57,101.65,100.53,100.0,99.98,100.5,100.38,100.0,100.0,98.99,100.81,101.13,100.66,101.84,100.7,99.9,101.0,100.5
01.71,Tovuq tuxumlari,Яйца куриные,Chicken eggs,Товуқ тухумлари,101.15,97.36,97.73,87.24,84.35,99.08,97.42,101.11,102.04,100.66,105.13,119.51,83.31,88.68,100.17,96.99,94.64,104.13,95.5,103.01,106.18,104.59,102.68,103.85,100.5,100.8,102.4,95.4
01.72,Paxta moyi,Масло хлопковое,Cottonseed oil,Пахта мойи,99.22,98.74,98.86,99.97,92.6,99.0,101.55,102.64,102.26,104.61,106.49,110.16,101.19,100.67,100.27,103.86,104.56,100.15,100.79,101.14,100.58,101.03,99.52,100.43,100.3,100.7,100.9,100.6
01.73,Kungaboqar moyi,Масло подсолнечное,Sunflower oil,Кунгабоқар мойи,99.34,98.62,98.77,100.38,100.32,99.71,101.11,101.55,102.9,103.15,102.58,106.47,101.63,101.33,100.0,103.15,103.44,99.16,101.18,100.19,100.84,100.54,100.54,99.66,100.6,100.6,100.7,100.6
01.74,Sariyogʻ,Масло сливочное,Butter,Сариёғ,100.0,100.06,99.99,100.97,99.73,100.22,100.74,100.2,100.89,102.55,100.81,100.89,99.38,99.54,101.71,101.4,99.48,99.73,101.5,100.47,99.71,100.31,100.89,101.83,100.5,100.6,100.2,100.6
01.75,Margarin,Маргарин,Margarine,Маргарин,100.0,99.49,100.71,99.76,99.6,98.71,97.77,100.48,100.62,102.88,102.65,100.43,99.53,99.35,99.29,102.33,100.64,100.0,100.11,99.33,99.6,100.19,100.76,99.69,100.2,101.0,100.0,99.1
01.76,"Xom xayvon yogʻlari, dumba yogʻi va shu kabilar  (shpikdan tashqari)","Жир животный сырой, курдючный и аналогичный (кроме шпика)","Animal fat, crude, tail fat and similar (except lard)","Хом хайвон ёғлари, думба ёғи ва шу кабилар  (шпикдан ташқари)",100.15,100.0,100.0,102.46,99.36,100.0,100.42,100.42,100.42,103.05,99.53,100.74,100.4,101.54,104.85,101.67,100.28,99.19,98.76,100.49,100.29,102.57,100.42,100.0,100.6,101.1,100.3,102.1
01.77,"Choʻchqa yogʻi, shpik","Свиной шпик, сало","Pork fat, lard","Чўчқа ёғи, шпик",102.0,100.0,100.0,100.0,100.0,100.0,100.0,100.51,100.0,102.99,100.0,100.0,101.29,100.0,100.0,100.0,102.41,100.0,100.16,100.0,102.47,100.0,102.35,100.61,0.0,0.0,0.0,0.0
01.78,Bananlar,"Бананы, свежие","Bananas, fresh",Бананлар,120.33,86.53,94.39,109.26,94.11,96.0,90.84,96.78,102.33,116.57,109.15,85.73,105.24,96.41,101.38,103.3,92.84,92.12,95.31,103.38,101.23,102.09,98.67,103.99,105.7,103.6,106.8,98.9
01.79,Limonlar,"Лимоны, свежие","Lemons, fresh",Лимонлар,93.28,103.18,104.73,103.75,93.22,101.08,97.94,98.83,97.19,99.45,87.34,83.19,108.91,103.33,103.05,114.53,120.87,137.65,102.97,102.24,95.22,91.4,99.56,98.48,105.2,102.8,104.0,114.5
01.80,Mandarinlar,"Мандарины, свежие","Tangerines, fresh",Мандаринлар,93.28,98.5,94.61,104.4,106.79,105.39,98.95,98.83,98.57,127.11,101.2,90.73,90.58,96.98,97.11,100.74,107.74,114.98,101.31,100.99,97.86,104.84,103.64,98.77,98.5,91.2,103.5,101.8
01.81,Apelsinlar,"Апельсины, свежие","Oranges, fresh",Апельсинлар,94.47,94.81,96.28,103.61,102.13,100.67,98.95,98.83,98.57,124.85,101.34,91.92,88.24,94.04,97.91,101.13,107.73,114.98,101.31,100.99,97.86,103.88,97.22,98.17,99.8,95.0,102.3,101.9
01.82,Olmalar,"Яблоки, свежие","Apples, fresh",Олмалар,104.52,101.79,103.38,104.19,104.26,102.52,96.27,97.06,86.01,92.68,94.01,103.18,103.1,101.38,100.81,101.83,101.13,99.3,96.62,97.77,99.85,100.67,105.19,103.17,101.9,103.6,106.9,104.5
01.83,Noklar,"Груши, свежие","Pears, fresh",Ноклар,98.49,98.7,99.53,101.14,96.37,93.97,93.49,91.66,96.05,98.11,101.81,101.02,103.61,101.64,97.4,101.89,100.79,99.98,91.41,101.38,99.62,100.8,103.96,102.11,101.1,101.9,100.3,101.5
01.84,Shaftolilar,"Персики, свежие","Peaches, fresh",Шафтолилар,103.35,101.27,102.59,103.42,103.03,102.68,73.11,89.72,102.44,115.69,95.38,102.59,102.86,101.28,100.19,101.85,100.96,93.49,67.36,103.77,103.73,100.64,104.61,102.77,102.4,103.1,105.1,103.7
01.85,Uzumlar,"Виноград, свежий","Grapes, fresh",Узумлар,102.54,102.07,102.75,101.64,100.2,89.9,93.45,80.82,82.29,82.15,110.02,108.22,100.89,101.28,100.19,101.85,100.97,87.5,87.99,95.88,102.43,103.27,112.41,106.05,103.4,102.7,102.6,102.9
01.86,Yangi uzilgan tarvuzlar,"Арбузы, свежие","Watermelons, fresh",Янги узилган тарвузлар,100.13,101.26,101.27,101.64,100.2,70.87,55.41,56.81,126.18,132.64,105.62,114.3,100.89,101.28,100.19,101.85,100.97,74.26,60.09,134.19,105.79,103.71,102.93,102.12,103.7,102.9,105.1,102.9
01.87,Yangi uzilgan qovunlar,"Дыни, свежие","Melons, fresh",Янги узилган қовунлар,100.13,101.26,101.26,101.64,100.2,86.24,82.97,79.91,103.46,109.82,104.0,107.64,100.9,101.28,100.19,101.85,100.97,86.8,69.88,109.22,105.15,104.73,102.93,102.12,103.7,102.9,105.1,102.9
01.88,Anorlar,"Гранаты, свежие","Pomegranates, fresh",Анорлар,98.03,102.87,102.18,101.64,100.2,89.9,85.32,82.97,97.57,90.99,103.2,102.66,106.05,101.28,100.19,101.85,100.98,87.49,75.09,109.98,101.87,95.04,107.37,107.63,104.2,103.3,101.8,102.9
01.88.1,Yangi uzilgan xurmo,"Хурма, свежая",Fresh persimmon,Янги узилган хурмо,0.0,0.0,0.0,0.0,0.0,0.0,0.0,0.0,0.0,0.0,0.0,0.0,0.0,0.0,0.0,0.0,0.0,0.0,0.0,0.0,0.0,0.0,0.0,0.0,103.7,102.9,105.1,102.9
01.89,"Mayiz, kishmish","Изюм, кишмиш","Raisins, sultanas","Майиз, кишмиш",102.61,101.36,102.47,101.5,100.49,100.05,103.43,100.76,100.98,100.13,101.42,101.13,100.78,101.12,99.91,100.06,98.72,100.0,99.81,100.23,101.08,100.38,100.02,100.84,100.4,100.7,100.3,101.4
01.90,"Bargak, turshak","Курага, сушеный урюк","Dried apricots, dried apricots","Баргак, туршак",100.24,100.38,100.01,99.83,100.0,100.36,99.21,98.5,100.0,100.48,100.62,100.0,100.46,101.25,100.0,100.72,100.09,98.61,99.46,99.89,100.08,100.51,100.24,100.77,100.2,100.0,100.0,100.0
01.91,Quritilgan naʼmatak,Сушеный шиповник,Dried rose hips,Қуритилган наъматак,100.0,100.0,100.7,100.0,100.0,100.0,100.99,100.31,100.93,101.11,98.85,101.57,101.11,101.91,99.07,100.82,100.0,100.0,98.19,101.15,100.0,99.11,100.0,99.55,100.0,99.6,101.2,102.2
01.92,Poʻchoqli yoki poʻchogʻi tozalangan yongʻoqlar,"Орехи грецкие, в скорлупе или очищенные от скорлупы","Walnuts, in shell or peeled",Пўчоқли ёки пўчоғи тозаланган ёнғоқлар,100.0,99.22,99.64,102.42,99.81,99.76,98.95,101.3,100.1,101.25,98.63,101.43,99.74,99.14,99.47,99.98,100.0,100.0,99.88,99.75,100.69,100.99,100.6,100.94,100.2,100.2,101.1,100.2
01.93,Poʻchoqli yoki poʻchogʻi tozalangan pista,"Фисташки, в скорлупе или очищенные от скорлупы","Pistachios, in shell or peeled",Пўчоқли ёки пўчоғи тозаланган писта,100.0,99.4,100.03,103.12,100.0,99.57,99.46,100.07,100.09,101.05,100.05,99.69,100.0,99.48,100.52,100.48,100.0,99.96,100.08,100.12,100.0,99.53,100.55,100.71,99.9,100.4,100.6,100.4
01.94,Poʻchoqli yoki poʻchogʻi tozalangan bodom,"Миндаль, в скорлупе или очищенный от скорлупы","Almonds, in shell or peeled",Пўчоқли ёки пўчоғи тозаланган бодом,100.0,99.7,99.53,101.67,99.68,100.14,100.07,99.25,99.69,103.04,98.07,100.29,99.61,100.23,99.34,100.54,99.57,100.0,99.73,99.62,100.37,100.06,100.1,101.74,100.2,100.2,100.5,100.8
01.95,Poʻchoqli yoki poʻchogʻi tozalangan yeryongʻoqlar,"Арахис, в скорлупе или очищенный от скорлупы","Peanuts, in shell or peeled",Пўчоқли ёки пўчоғи тозаланган ерёнғоқлар,100.0,98.88,100.31,103.22,99.63,99.81,97.2,100.14,100.34,102.0,100.01,100.21,100.0,98.28,99.04,100.77,101.58,100.1,98.65,99.91,99.97,98.6,99.67,100.08,100.3,100.2,101.1,101.8
01.96,Tuzli abrikos yoki oʻrik danaklari,Соленые абрикосовые или урюковые косточки,Salted apricot or dried apricot pits,Тузли абрикос ёки ўрик данаклари,100.0,100.25,98.99,102.66,99.35,100.0,98.12,98.34,100.46,101.27,101.01,100.45,99.58,99.09,100.4,100.5,100.0,100.0,100.0,100.0,98.38,100.0,99.96,101.96,100.3,101.2,100.3,100.4
01.97,Qovurilgan kungaboqar urugʻi,"Семена подсолнечника, жареные","Sunflower seeds, roasted",Қовурилган кунгабоқар уруғи,100.0,101.32,100.01,97.46,98.54,100.56,100.57,101.24,100.78,103.97,100.04,102.32,100.14,100.59,100.84,99.4,99.56,100.0,99.89,100.82,100.89,100.37,99.08,101.74,99.5,100.7,101.3,100.2
01.98,"Konservalangan mevalar, kompot (murabbo va shu kabi mahsulotlardan tashqari)","Фрукты консервированные, включая компот (кроме варенья и аналогичной продукции)","Canned fruits, including compote (except jam and similar products)","Консерваланган мевалар, компот (мураббо ва шу каби маҳсулотлардан ташқари)",100.0,104.66,101.99,100.0,101.23,100.22,103.79,101.28,102.14,95.33,100.0,98.59,100.68,100.74,103.72,98.87,98.0,100.2,100.0,100.63,100.0,100.0,101.24,99.55,100.2,100.5,100.0,102.2
01.99,Karam,Капуста белокочанная,White cabbage,Карам,91.44,97.16,107.63,105.47,80.8,76.32,105.63,113.58,115.05,96.52,111.62,107.49,107.5,114.66,102.69,110.08,88.55,76.0,112.49,111.36,98.7,93.53,99.16,123.4,103.7,101.8,96.3,98.3
01.100,"Yangi uzilgan yoki sovutilgan koʻkatlar (ukrop, petrushka, yashil kashnich va shu kabi)","Зелень (укроп, петрушка, киндза зеленая и аналогичные), свежая или охлажденная","Greens (dill, parsley, green coriander and similar), fresh or chilled","Янги узилган ёки совутилган кўкатлар (укроп, петрушка, яшил кашнич ва шу каби)",102.4,102.99,105.11,99.11,96.55,96.05,98.15,100.75,101.02,98.07,100.01,102.38,104.25,102.7,101.71,97.54,91.6,94.85,98.4,101.72,102.0,101.77,101.58,102.61,101.7,101.4,100.7,96.3
01.101,Yangi uzilgan bodringlar,Огурцы свежие,Fresh cucumbers,Янги узилган бодринглар,83.46,119.2,103.51,82.21,39.13,55.48,92.69,113.79,123.53,146.56,140.11,152.41,98.83,117.47,84.84,64.29,39.13,74.81,136.59,95.43,97.08,155.93,203.42,157.2,100.7,86.8,80.2,74.8
01.102,Yangi uzilgan pomidorlar,Помидоры свежие,Fresh tomatoes,Янги узилган помидорлар,111.23,108.48,106.14,105.29,63.92,50.05,61.08,82.89,113.97,116.86,187.77,123.0,99.81,128.82,104.58,98.72,72.41,53.61,46.8,81.4,116.32,159.52,188.81,126.4,99.7,113.6,111.9,97.3
01.103,Baqlajonlar,Баклажаны,Eggplants,Бақлажонлар,162.12,106.95,105.34,97.94,77.82,47.4,64.91,80.45,114.34,125.31,115.1,131.49,150.33,102.23,101.2,101.17,78.72,46.06,70.59,96.07,103.32,109.76,154.33,152.42,102.1,104.7,103.1,102.1
01.104,Yangi uzilgan bulgʻor qalampiri,"Перец болгарский, свежий","Bell pepper, fresh",Янги узилган булғор қалампири,153.39,112.07,127.42,106.48,58.91,61.44,70.28,69.79,104.41,115.46,140.24,142.36,112.75,110.96,104.71,102.13,75.42,61.82,55.67,97.19,110.6,110.45,152.34,127.26,118.3,103.1,108.7,110.9
01.105,Qovoq,Тыква,Pumpkin,Қовоқ,108.64,98.58,113.63,117.5,62.22,56.49,71.11,187.14,110.39,107.58,106.48,101.51,106.66,106.74,97.41,88.12,67.82,60.51,68.11,125.06,96.1,99.58,102.36,112.8,105.2,111.2,109.9,107.4
01.106,Lavlagi,Свекла,Beetroot,Лавлаги,99.39,98.48,100.37,101.16,107.48,102.3,94.28,100.54,103.72,102.05,98.62,94.48,102.12,101.48,102.6,102.65,103.56,102.44,95.17,101.85,101.88,100.63,97.44,100.13,100.8,99.5,101.3,98.3
01.107,Sabzi,Морковь,Carrot,Сабзи,98.53,98.61,102.72,99.39,103.7,97.69,102.62,109.27,116.6,102.27,92.36,94.7,101.97,102.8,114.3,107.26,114.93,112.23,95.43,98.55,108.51,96.67,73.92,92.99,101.8,102.9,99.3,102.8
01.108,Sholgʻom,Репа,Turnip,Шолғом,98.89,99.04,105.4,100.62,92.99,89.33,100.4,101.29,106.23,107.69,110.95,99.09,101.48,101.81,102.37,103.51,103.55,104.32,96.69,98.64,100.01,105.45,93.51,99.08,100.7,99.4,100.7,102.3
01.109,Sarimsoq,Чеснок,Garlic,Саримсоқ,117.36,103.55,106.82,107.13,87.1,72.18,101.17,102.1,111.69,108.83,105.36,103.7,104.56,101.85,103.29,102.48,83.22,90.97,92.95,97.98,103.35,102.75,101.34,101.58,102.7,101.0,100.7,104.0
01.110,Piyoz,Лук репчатый,Onion,Пиёз,104.78,99.67,101.26,97.71,80.83,86.5,97.38,109.05,110.63,99.89,114.14,105.02,102.65,100.73,101.73,112.13,97.71,98.81,98.29,98.31,97.96,95.94,97.01,100.45,101.3,99.9,98.5,95.8
01.111,Turp,Редька,Radish,Турп,94.98,96.57,106.21,105.2,92.99,89.33,100.4,106.66,112.42,116.13,95.78,102.42,102.38,102.63,101.78,108.54,103.56,104.32,96.69,98.64,101.26,101.18,89.68,99.77,102.4,101.6,100.7,103.3
01.112,"Yangi uzilgan, sovutilgan va marinadlangan qoʻziqorinlar","Грибы, свежие, охлажденные и маринованные","Mushrooms, fresh, chilled and pickled","Янги узилган, совутилган ва маринадланган қўзиқоринлар",101.14,101.58,100.11,100.0,98.57,100.29,101.42,100.65,100.46,102.61,97.93,101.43,101.0,100.5,100.06,100.41,100.97,100.0,100.09,100.59,100.62,100.59,99.75,99.94,101.0,100.4,100.2,100.0
01.113,Kartoshka,Картофель,Potato,Картошка,103.52,98.36,101.12,101.13,101.68,98.9,96.82,105.85,114.84,97.99,111.07,105.48,122.8,85.55,95.5,104.05,98.03,98.43,97.35,103.06,99.86,98.85,100.84,100.96,102.1,105.7,108.7,105.3
01.114,Loviya,Фасоль,Beans,Ловия,98.41,102.23,101.14,102.7,102.12,108.44,104.37,106.49,103.39,93.53,97.08,99.65,100.8,101.68,101.21,101.56,101.51,99.18,100.38,99.15,98.93,100.75,93.92,98.35,99.5,99.5,100.8,100.4
01.115,Noxat,Горох,Peas,Нохат,99.67,100.35,99.12,100.52,100.57,102.24,102.46,99.99,100.76,95.18,97.86,99.79,102.29,100.89,100.19,100.0,100.79,100.72,100.2,100.87,99.19,100.55,97.69,100.33,100.1,100.0,100.0,100.9
01.116,Mosh,Маш,Mung bean,Мош,99.58,101.18,101.44,101.81,101.69,102.59,103.09,103.84,105.22,92.44,102.15,101.13,100.03,101.44,101.68,101.62,102.69,100.54,100.0,101.32,100.65,100.56,99.74,101.92,101.4,100.0,99.7,100.5
01.117,Tuzlangan yoki marinadlangan bodringlar,Огурцы соленые или маринованные,Pickled or marinated cucumbers,Тузланган ёки маринадланган бодринглар,101.42,102.14,100.65,100.0,101.32,99.21,101.62,99.61,101.18,101.11,100.34,102.15,100.7,101.49,99.0,99.44,99.73,99.28,98.8,100.03,100.24,103.44,101.62,100.9,100.8,100.1,99.8,99.6
01.118,Tuzlangan karam,Квашеная или соленая капуста,Sauerkraut or salted cabbage,Тузланган карам,100.0,103.69,100.0,98.16,99.49,98.16,97.89,99.11,101.08,102.72,102.72,100.21,100.0,101.29,99.94,98.37,100.74,98.84,99.86,100.28,100.41,103.58,100.12,100.81,100.2,99.8,100.3,98.8
01.119,Tuzlangan yoki marinadlangan pomidorlar,Соленые или маринованные помидоры,Salted or marinated tomatoes,Тузланган ёки маринадланган помидорлар,101.44,101.52,97.55,100.0,100.76,98.64,99.51,98.55,100.33,103.88,100.75,100.48,100.21,101.48,99.0,99.27,100.0,98.48,99.52,99.15,102.37,101.6,99.81,101.04,100.9,100.2,99.7,99.5
01.120,Pomidor pastasi,Томатная паста,Tomato paste,Помидор пастаси,100.0,99.86,100.66,99.69,100.65,100.0,100.0,100.16,100.5,100.64,100.11,100.54,100.29,101.23,99.54,100.11,100.18,100.08,100.13,100.0,99.47,99.7,100.0,101.12,100.1,100.3,100.1,99.7
01.121,Kartoshka chips,Картофельные чипсы,Potato chips,Картошка чипс,102.1,100.84,98.19,101.84,100.71,100.0,101.3,100.04,100.45,100.33,100.0,101.56,100.83,100.17,100.82,100.5,100.46,100.25,100.37,101.06,100.15,99.72,100.0,100.0,100.0,100.2,100.7,101.2
01.122,Konservalangan noxat,Консервированный горох,Canned peas,Консерваланган нохат,100.58,100.42,101.19,99.68,101.02,100.93,99.48,99.84,101.19,102.16,100.0,100.29,102.58,101.64,98.0,99.09,101.59,100.18,100.0,100.38,100.05,100.62,99.65,100.19,100.3,100.0,100.3,100.0
01.123,Shakar,Сахар-песок,Sugar,Шакар,100.0,99.03,101.18,103.73,101.04,98.59,99.21,99.19,99.57,99.26,96.27,97.11,99.35,99.23,100.6,100.91,102.91,100.47,100.32,100.57,100.51,95.98,98.23,96.79,101.2,101.3,102.3,101.7
01.124,Oq qand,Сахар-рафинад,Refined sugar,Оқ қанд,100.13,100.03,100.95,101.04,102.8,99.13,101.71,99.26,100.0,99.99,98.76,99.44,99.94,100.04,99.87,99.1,100.56,100.9,100.03,100.52,100.49,99.85,98.0,99.44,100.0,100.3,100.8,99.7
01.125,Novvot,Навват,Navvat,Новвот,100.0,100.64,100.31,101.03,101.24,99.7,100.55,100.0,99.05,99.78,99.77,100.0,99.99,98.35,100.82,100.75,100.56,100.29,98.96,100.09,102.23,99.64,99.47,98.86,99.5,100.3,100.8,100.3
01.126,"Mevali murabbo, jem","Варенье, джем из фруктов",Fruit jam,"Мевали мураббо, жем",100.16,99.34,100.0,100.09,101.26,99.44,100.55,100.2,100.21,101.95,99.92,99.93,100.04,100.09,100.61,100.24,101.1,100.1,100.29,100.99,99.37,101.44,100.31,99.86,100.9,100.1,100.4,101.3
01.127,Marmelad,Мармелад,Marmalade,Мармелад,100.27,100.0,100.0,100.17,100.12,100.0,101.4,100.23,100.54,100.56,100.76,100.57,100.47,101.32,99.0,100.29,100.17,100.12,100.0,100.0,100.62,100.23,99.91,100.0,99.8,100.1,100.3,99.3
01.128,Asal,Мед,Honey,Асал,100.0,99.76,100.65,101.0,99.46,101.1,101.05,100.48,100.0,100.77,101.2,100.55,99.85,100.12,100.99,100.08,101.14,99.0,100.18,100.18,100.25,100.11,101.0,101.04,100.5,100.3,100.5,101.3
01.129,Kakao,Какао,Cocoa,Какао,100.62,100.09,100.05,99.89,101.25,100.0,102.97,100.83,100.0,101.0,100.1,99.34,101.1,100.95,100.6,100.0,100.0,100.26,100.0,100.23,100.72,100.17,99.94,100.11,100.0,100.0,100.2,100.8
01.130,Shokolad plitkasi,Шоколадные плитки,Chocolate bars,Шоколад плиткаси,100.0,100.61,100.0,100.38,101.63,100.81,104.12,100.3,100.0,109.33,100.0,99.76,100.85,101.5,100.62,100.19,101.95,100.12,101.44,101.13,101.0,100.68,100.4,100.27,101.0,99.8,100.9,101.5
01.131,"Shokoladli konfetlar, batonchiklar","Шоколадные конфеты, батончики","Chocolate candies, bars","Шоколадли конфетлар, батончиклар",99.8,100.21,100.16,101.98,100.0,100.0,99.96,100.3,100.07,103.1,100.34,100.25,99.95,101.07,100.74,100.19,100.23,100.05,100.49,100.45,100.54,100.52,99.95,100.0,100.8,100.5,100.5,100.6
01.132,Shokoladli krem,Шоколадный крем,Chocolate cream,Шоколадли крем,100.43,100.51,100.01,102.28,100.72,100.23,105.1,100.45,100.67,99.52,100.8,101.59,100.8,101.59,100.54,100.08,100.37,100.04,100.29,100.55,100.78,100.29,100.3,100.16,100.0,99.9,100.9,100.8
01.133,Muzqaymoq,Мороженое,Ice cream,Музқаймоқ,101.07,102.58,100.63,100.76,100.5,103.9,101.64,100.47,100.0,97.1,100.65,100.29,100.44,101.07,100.5,100.58,102.61,100.68,100.39,101.0,100.77,100.46,99.84,99.67,100.2,101.0,100.4,102.5
01.134,Karamel konfetlar,Конфеты карамель,Caramel candies,Карамел конфетлар,101.0,99.69,100.54,101.95,100.11,100.66,103.89,100.56,100.41,97.05,100.8,101.3,101.83,99.97,101.13,99.48,99.54,99.98,100.05,100.7,100.47,100.22,100.23,100.02,99.9,100.0,100.5,100.4
01.135,"Xolva, parvarda va shu kabi milliy shirinlik turlari","Халва, парварда и аналогичные виды национальных сладостей","Halva, parvarda and similar types of national sweets","Холва, парварда ва шу каби миллий ширинлик турлари",101.08,100.17,99.09,103.37,99.05,99.09,100.37,99.79,100.65,103.3,100.34,100.75,101.25,101.08,98.0,101.26,99.87,100.35,100.25,100.61,99.57,100.51,100.22,100.92,100.5,100.6,100.3,100.7
01.136,Zefir,Зефир,Marshmallows,Зефир,99.89,102.0,100.07,100.0,100.0,100.9,99.88,100.19,99.8,100.2,100.0,100.11,101.94,100.31,99.01,100.22,100.07,100.01,100.0,100.11,101.08,100.0,100.0,100.0,100.1,100.0,100.2,100.0
01.137,Saqich,Жевательная резинка,Chewing gum,Сақич,100.0,100.0,99.67,100.0,96.09,100.0,98.51,99.14,100.0,105.6,101.82,99.79,100.52,100.73,99.55,100.14,98.92,100.0,98.46,99.6,100.0,99.24,100.87,101.29,100.2,99.7,100.4,100.9
01.138,Tayyor oziq-ovqat taomlar,Готовые пищевые продукты,Ready-made food products,Тайёр озиқ-овқат таомлар,100.13,102.97,104.37,101.18,100.23,100.29,100.2,100.89,100.25,98.03,100.27,99.8,101.32,101.06,100.17,101.1,101.0,100.52,100.41,99.82,100.13,101.06,100.63,100.97,100.5,99.8,100.4,100.7
01.139,Bolalar ovqatlanishi uchun quruq sutli aralashmalar,Сухие молочные смеси для детского питания,Dry milk mixtures for baby food,Болалар овқатланиши учун қуруқ сутли аралашмалар,105.87,100.85,101.25,100.33,101.07,100.29,102.32,100.08,101.72,98.06,100.13,100.42,100.39,101.67,100.39,100.57,100.65,100.27,100.15,100.01,99.56,100.55,101.12,100.26,100.4,100.2,100.4,100.6
01.140,Bolalar ovqatlanishi uchun boʻtqalar,Каши для детского питания,Porridges for baby food,Болалар овқатланиши учун бўтқалар,100.73,98.98,101.27,100.76,100.06,100.23,100.21,99.39,100.1,102.95,100.25,101.18,100.6,99.68,100.21,100.11,100.93,100.01,100.59,99.94,100.32,100.04,100.91,100.34,100.3,99.5,100.2,99.8
01.141,Tuz,Соль,Salt,Туз,100.96,100.0,100.0,100.0,99.93,100.0,100.0,100.0,101.07,102.24,99.92,100.0,101.0,100.4,100.5,100.0,100.38,100.0,100.32,99.7,99.93,100.59,100.5,100.0,100.1,100.1,100.8,101.4
01.142,Mayonez,Майонез,Mayonnaise,Майонез,99.41,99.1,99.35,100.0,100.0,100.0,101.65,100.18,100.12,103.31,99.87,100.27,99.64,100.22,100.38,100.21,100.36,100.2,102.03,99.78,100.56,100.77,100.78,99.83,99.7,100.3,100.1,100.3
01.143,Uksus,Уксус,Vinegar,Уксус,100.96,99.62,100.0,100.74,100.0,100.35,103.34,102.56,100.74,101.15,99.0,99.02,101.87,101.19,99.01,100.1,100.0,100.46,101.03,100.59,99.89,99.43,100.89,100.43,100.4,100.0,100.5,101.1
01.144,"Pomidor sousi, ketchup","Томатный соус, кетчуп","Tomato sauce, ketchup","Помидор соуси, кетчуп",99.25,100.0,100.13,100.0,100.58,101.22,101.05,100.0,100.64,103.22,100.31,101.12,100.2,101.76,99.54,101.03,100.0,100.0,99.75,99.92,99.95,100.5,100.68,99.5,100.2,100.1,101.1,100.1
01.145,Lavr yaprogʻi,Лавровый лист,Bay leaf,Лавр япроғи,100.62,99.28,100.62,100.0,100.0,100.0,101.29,103.57,100.0,100.0,100.58,100.0,100.0,101.03,100.0,100.0,100.73,100.8,100.0,100.73,100.53,100.0,100.0,100.0,0.0,0.0,0.0,0.0
01.146,Kashnich urugʻi,Киндза в зернах,Cilantro beans,Кашнич уруғи,101.53,99.17,100.75,100.84,100.0,100.0,100.68,102.79,102.91,100.0,100.0,100.0,101.58,100.0,100.0,100.37,100.99,101.34,100.79,100.79,100.0,98.0,100.0,100.0,0.0,0.0,0.0,0.0
01.147,Murch  va qizil qalampir,"Перец черный, красный",Black and red pepper,Мурч  ва қизил қалампир,101.16,100.77,100.76,100.28,100.1,102.97,102.75,102.88,101.21,100.1,101.19,99.98,100.91,101.01,100.83,101.35,100.0,100.56,100.0,100.3,101.88,100.64,99.19,99.83,100.4,100.0,100.3,99.8
01.148,Zira,Зира,Cuminous,Зира,100.0,99.56,100.0,99.95,100.0,100.53,100.72,101.27,100.23,104.0,100.22,100.0,101.05,101.01,100.92,100.0,100.0,100.0,100.56,99.68,100.0,100.0,100.0,100.0,99.8,100.0,100.5,100.2
01.149,Tayyor ziravorlar,Готовые приправы,Ready-made seasonings,Тайёр зираворлар,100.42,100.0,100.0,99.94,100.87,100.0,99.59,100.46,100.0,107.05,99.81,100.69,100.35,100.68,100.27,100.38,100.0,100.2,100.38,100.64,100.0,100.19,100.31,100.0,100.0,99.8,100.4,102.1
01.150,Xamirturush,Дрожжи,Yeast,Хамиртуруш,100.74,100.69,100.0,100.0,100.4,100.37,100.4,100.07,100.0,103.94,100.03,100.1,100.0,100.37,100.69,100.33,100.92,100.0,99.3,100.55,99.93,100.0,100.0,100.0,99.9,100.3,100.0,101.1
01.151,Ovqatga ishlatiladigan soda,Сода пищевая,Baking soda,Овқатга ишлатиладиган сода,100.48,100.69,102.89,100.99,100.5,98.8,100.81,100.0,100.0,100.0,100.0,100.54,100.42,100.0,100.16,100.0,100.98,100.23,100.0,99.48,100.76,100.0,101.61,100.2,101.7,100.0,100.0,100.5
01.152,Meva va sabzavotlardan tayyorlangan soklar,Фруктовые и овощные соки,Fruit and vegetable juices,Мева ва сабзавотлардан тайёрланган соклар,100.51,100.35,103.03,100.03,99.05,102.22,100.26,100.35,100.49,99.35,99.65,102.01,100.54,99.61,100.33,100.17,101.69,100.0,99.45,100.43,99.99,100.64,99.97,99.87,100.4,100.1,100.6,100.3
01.153,Kofe,Кофе растворимый,Instant coffee,Кофе,100.1,98.8,99.62,100.44,101.16,100.22,100.17,101.12,101.18,107.46,99.55,101.84,100.22,101.1,101.73,100.12,102.67,100.6,99.92,102.3,101.7,100.85,100.03,100.16,99.8,100.3,100.0,99.8
01.154,Tabiiy kofe donalari,Натуральные кофейные зерна,Natural coffee beans,Табиий кофе доналари,99.51,100.0,98.82,100.0,98.64,101.38,100.57,100.21,102.58,107.82,101.06,99.93,100.0,100.85,101.95,100.2,100.0,100.0,101.43,100.91,100.48,101.4,100.0,99.63,100.0,100.2,100.2,100.9
01.155,Qora choy,Чай черный,Black tea,Қора чой,100.72,101.18,99.74,99.89,101.23,100.4,100.88,100.26,100.29,100.71,100.74,100.09,101.25,100.17,100.7,100.12,100.07,100.02,99.65,100.31,100.0,99.67,100.48,100.06,100.9,99.9,99.8,100.1
01.156,Koʻk choy,Чай зеленый,Green tea,Кўк чой,100.51,101.75,100.02,100.09,100.32,100.2,101.55,100.27,102.89,99.83,100.91,100.7,100.88,100.74,100.09,100.32,99.94,100.0,100.01,99.58,100.12,100.06,100.0,100.01,100.0,100.1,100.0,100.0
01.157,Kakao ichimliklari,Какао напитки,Cocoa drinks,Какао ичимликлари,100.0,100.0,104.09,100.1,100.72,100.36,100.33,100.0,102.36,97.99,100.87,100.0,103.95,100.37,100.0,100.33,100.53,100.0,100.73,100.32,101.12,100.96,101.8,100.56,100.4,100.2,100.5,100.6
01.158,"Mineral, gazlangan suvlar","Вода минеральная, газированная","Mineral water, carbonated","Минерал, газланган сувлар",99.63,99.45,100.56,100.69,104.47,105.0,100.47,102.14,102.82,94.99,100.0,100.16,102.68,101.33,100.5,100.06,101.69,100.43,100.13,100.52,100.66,100.04,99.28,100.99,100.1,100.3,100.4,101.3
01.159,"Koka-kola, limonad va shu kabi ichimliklar","Кока-кола, лимонад и аналогичные напитки (кpоме мин.воды)","Coca-Cola, lemonade and similar drinks (except mineral water)","Кока-кола, лимонад ва шу каби ичимликлар",100.0,100.59,100.36,101.37,102.31,100.57,100.0,100.86,101.44,100.98,99.57,101.0,101.13,100.29,99.29,100.44,101.68,99.5,100.12,101.0,100.87,100.44,100.79,100.28,100.4,100.8,100.2,99.9
01.160,Kvas,Квас,Kvass,Квас,100.02,100.0,100.0,100.31,100.0,100.0,100.0,100.0,100.0,102.04,100.0,100.0,100.0,99.7,100.44,100.0,100.0,99.36,99.07,99.14,100.0,99.51,100.49,100.87,100.0,100.0,100.9,100.8
01.161,Mors,Морс,Morse,Морс,100.0,100.0,100.0,100.0,100.67,100.82,100.59,100.0,100.0,104.06,99.65,100.0,100.0,100.0,100.0,100.0,100.0,99.23,98.05,99.89,99.82,99.45,99.27,101.0,99.4,100.7,100.3,100.1
01.162,Choy ekstrakti asosidagi salqin ichimliklar,Прохладительные напитки на основе чайных экстрактов,Soft drinks based on tea extracts,Чой экстракти асосидаги салқин ичимликлар,100.0,101.54,101.44,100.68,100.88,101.81,100.78,101.43,100.88,104.81,99.26,100.28,102.2,101.26,99.87,100.45,100.51,100.44,100.56,100.25,100.49,99.55,100.49,100.27,101.3,100.4,100.0,101.6
01.163,Energetik ichimliklar,Энергетические напитки,Energy drinks,Энергетик ичимликлар,100.58,100.92,100.17,101.76,100.69,101.58,100.71,100.3,101.7,100.68,101.48,99.71,100.68,101.11,100.57,100.08,100.1,100.06,99.67,100.56,100.23,100.39,100.09,99.95,100.0,101.0,99.8,100.2
01.164,Aroq,Водка,Vodka,Ароқ,100.0,100.05,99.6,100.04,100.82,100.0,102.51,100.13,101.0,104.55,99.65,101.37,100.08,100.83,100.82,100.6,100.72,100.33,100.49,99.87,100.0,100.2,100.1,100.37,100.3,100.3,100.7,101.4
01.165,Konyak,Коньяк,Cognac,Коньяк,101.1,100.12,101.48,100.78,100.0,100.0,100.53,100.24,101.34,100.88,100.25,100.0,101.53,100.31,100.77,100.06,100.0,99.63,100.22,100.77,100.2,100.38,100.91,100.45,101.4,100.2,100.1,100.5
01.166,Uzum vinosi,Вино виноградное,Grape wine,Узум виноси,102.68,100.0,100.33,100.88,100.27,100.12,103.34,100.27,100.52,103.35,100.0,102.95,101.42,101.26,100.56,100.66,100.01,100.2,101.09,100.07,101.17,100.21,100.61,100.11,100.0,100.5,100.9,101.1
01.167,Pivo,Пиво,Beer,Пиво,100.81,100.74,100.0,102.85,100.0,100.62,102.6,100.0,100.0,100.74,100.0,100.67,101.68,101.88,100.24,100.38,100.01,99.95,100.0,100.0,100.0,100.67,101.47,100.26,101.1,100.3,100.4,101.7
01.168,Kafedagi tayyor taomlar,Готовая пища в кафе,Ready-to-eat food in cafes,Кафедаги тайёр таомлар,100.18,100.16,100.23,101.53,100.46,100.42,101.0,101.4,101.0,104.96,100.29,100.86,100.0,101.35,101.03,101.63,100.13,100.0,102.73,100.96,100.33,100.36,100.61,100.45,101.0,100.4,100.4,101.2
01.169,Oshxonadagi tayyor taomlar,Готовая пища в столовых,Ready-to-eat food in canteens,Ошхонадаги тайёр таомлар,100.4,100.0,100.0,101.46,100.95,101.9,100.51,101.02,101.57,101.23,100.66,100.74,100.74,100.95,101.72,100.34,100.15,100.14,100.35,100.14,100.58,101.29,100.58,101.21,100.4,101.2,101.3,100.9
01.170,"Boshqa oshxonalar, kafeteriylar va gazakxonalar","Прочие столовые, кафетерии и закусочные","Other canteens, cafeterias and snack bars","Бошқа ошхоналар, кафетерийлар ва газакхоналар",101.69,101.88,100.35,101.4,100.0,103.71,100.0,100.0,102.97,100.25,100.0,101.79,100.23,100.59,101.67,100.0,100.0,100.59,100.79,100.3,101.11,100.53,100.17,100.29,100.0,100.0,101.8,100.4
1.03,NOOZIQ-OVQAT MAHSULOTLARI,НЕПРОДОВОЛЬСТВЕННЫЕ ПРОДУКТЫ,NON-FOOD PRODUCTS,НООЗИҚ-ОВҚАТ МАҲСУЛОТЛАРИ,100.4,100.25,100.57,100.74,100.39,100.57,100.54,100.66,100.78,100.65,101.24,100.45,100.28,100.39,100.12,100.38,102.34,100.1,100.06,100.3,100.19,100.38,100.46,100.25,100.4,100.3,100.3,100.2
02.1,Sigaretlar,Сигареты,Cigarettes,Сигаретлар,100.44,100.0,101.83,101.35,100.57,101.51,101.62,101.53,100.2,100.99,100.89,100.22,100.87,100.38,100.09,100.36,103.21,100.38,100.0,100.8,101.06,101.0,100.72,100.37,100.1,100.1,100.0,102.7
02.2,Boshqa toifalarga kiritilmagan boshqa tamaki mahsulotlari,"Прочие табачные изделия, не отнесенные к другим категориям",Other tobacco products not elsewhere classified,Бошқа тоифаларга киритилмаган бошқа тамаки маҳсулотлари,101.06,100.0,100.0,100.0,100.0,100.0,100.0,100.0,100.0,100.0,103.05,101.06,100.0,100.0,101.84,100.0,100.27,100.27,100.0,100.26,100.25,102.26,100.0,100.0,100.0,100.0,100.0,100.0
02.3,Kiyim tayyorlash uchun ip gazlamalar,Ткани хлопчатобумажные для изготовления одежды,Cotton fabrics for making clothes,Кийим тайёрлаш учун ип газламалар,100.4,101.74,103.4,100.14,100.72,100.23,100.85,100.0,100.0,100.0,100.0,100.52,100.0,100.19,100.0,100.3,100.96,100.33,100.0,100.0,99.81,99.68,100.0,100.0,100.0,100.0,100.2,100.0
02.4,Kiyim tayyorlash uchun jun gazlamalar,Ткани шерстяные для изготовления одежды,Wool fabrics for making clothes,Кийим тайёрлаш учун жун газламалар,100.45,100.0,100.0,99.85,100.56,100.0,100.26,100.12,100.0,100.28,102.39,100.14,100.0,100.22,100.33,100.21,100.1,100.26,100.0,100.0,100.0,100.0,100.0,100.2,100.7,100.1,100.0,100.0
02.5,Kiyim tayyorlash uchun ipak gazlamalar,Ткани шелковые для изготовления одежды,Silk fabrics for making clothes,Кийим тайёрлаш учун ипак газламалар,100.13,100.0,102.17,99.97,100.64,100.0,100.57,100.0,100.0,100.0,100.14,100.0,100.0,100.13,100.81,100.72,100.13,100.0,100.0,100.0,100.14,100.0,100.0,100.0,99.7,100.2,100.3,100.0
02.6,Kiyim tayyorlash uchun sunʼiy gazlamalar,Ткани синтетические для изготовления одежды,Synthetic fabrics for making clothes,Кийим тайёрлаш учун сунъий газламалар,100.0,100.0,101.22,99.84,100.51,100.0,100.39,100.32,100.7,100.0,100.0,101.61,100.0,100.0,100.64,100.11,100.0,100.1,100.0,100.0,100.29,100.28,100.38,100.0,100.0,100.5,100.0,100.0
02.7,"Erkaklar uchun qishki palto, kalta palto","Пальто, полупальто зимнее мужское","Men's winter coat, short coat","Эркаклар учун қишки пальто, калта пальто",100.03,100.0,99.76,99.86,100.07,100.0,100.0,100.0,100.0,100.08,102.28,100.06,100.0,100.67,100.0,100.0,100.0,100.0,100.0,100.0,100.0,100.0,100.1,100.04,100.3,100.1,100.0,100.0
02.8,Erkaklar uchun qishki kurtka,Куртка зимняя мужская,Men's winter jacket,Эркаклар учун қишки куртка,100.07,100.0,100.0,99.78,100.0,100.0,100.0,100.0,100.0,101.02,100.18,101.06,100.0,100.38,100.0,100.0,100.0,100.0,100.0,100.0,100.0,100.0,102.65,100.16,100.0,100.0,100.0,100.0
02.9,Erkaklar uchun yengil (demisezon) kurtka,Куртка демисезонная мужская,Men's demi-season jacket,Эркаклар учун енгил (демисезон) куртка,100.21,100.0,100.0,99.91,100.49,100.4,100.0,100.0,100.0,100.0,100.27,101.05,100.27,100.28,100.0,100.05,100.0,100.0,100.0,100.0,100.0,100.0,100.1,101.02,100.0,100.2,100.0,100.0
02.10,Erkaklar uchun charm kurtka,Куртка кожаная мужская,Men's leather jacket,Эркаклар учун чарм куртка,100.09,100.0,100.0,99.74,100.05,100.0,100.0,100.0,100.0,100.88,100.45,101.5,100.08,100.68,100.0,100.0,100.0,100.0,100.0,100.0,100.0,100.0,100.06,100.03,100.2,100.0,100.0,100.0
02.11,Oʻgʻil bolalar uchun qishki kurtka,Куртка зимняя для мальчиков,Winter jacket for boys,Ўғил болалар учун қишки куртка,100.08,100.0,100.0,100.02,100.0,100.0,100.0,100.0,100.0,100.05,102.01,100.1,100.0,100.16,100.0,100.0,100.0,100.0,100.0,100.0,100.0,100.0,101.01,100.0,100.8,100.1,100.1,100.0
02.12,Oʻgʻil bolalar uchun yengil (demisezon) kurtka,Куртка демисезонная для мальчиков,Demi-season jacket for boys,Ўғил болалар учун енгил (демисезон) куртка,100.01,100.0,100.0,100.0,100.0,100.0,100.0,100.0,100.64,100.0,102.12,100.18,100.0,100.17,99.51,100.07,100.0,100.0,100.0,100.0,100.66,100.0,101.05,100.0,100.7,100.0,100.0,100.0
02.13,Oʻgʻil bolalar uchun charm kurtka,Куртка кожаная для мальчиков,Leather jacket for boys,Ўғил болалар учун чарм куртка,100.0,100.0,100.0,100.0,100.0,100.0,100.0,100.0,100.0,100.05,102.2,101.94,100.0,100.31,100.0,100.0,100.0,100.0,100.0,100.0,100.0,100.0,100.05,100.0,100.6,100.1,100.0,100.0
02.14,Erkaklar uchun plash,Плащ мужской,Men's raincoat,Эркаклар учун плаш,100.06,100.0,100.0,100.0,100.27,100.0,100.1,100.0,100.0,100.0,102.06,100.0,100.0,100.15,100.0,100.0,100.0,100.0,100.0,100.0,100.0,100.0,100.12,100.1,100.0,100.0,100.0,100.0
02.15,"Erkaklar uchun choponlar, milliy ustki kamzullar, toʻnlar","Мужские чапаны, национальные верхние камзолы, халаты","Men's chapans, national outer camisoles, robes","Эркаклар учун чопонлар, миллий устки камзуллар, тўнлар",100.32,100.0,100.01,100.3,100.28,100.0,101.77,100.0,100.0,100.25,100.0,100.1,100.0,101.22,100.0,100.07,100.0,100.0,100.0,100.0,100.0,100.0,100.0,100.24,100.0,100.0,100.0,100.0
02.16,Erkaklar uchun kostyum,Костюм мужской,Suit male,Эркаклар учун костюм,100.0,100.0,100.76,99.75,100.28,100.0,100.1,100.0,100.0,100.19,100.0,102.14,100.0,100.31,100.11,100.07,100.0,100.0,100.0,100.0,100.0,100.0,100.15,101.05,100.1,100.0,100.0,100.0
02.17,Oʻgʻil bolalar uchun kostyum,Костюм для мальчиков,Boys' suit,Ўғил болалар учун костюм,100.18,100.0,102.91,100.0,100.19,100.0,100.5,100.0,100.48,100.02,100.25,100.18,100.0,100.73,100.12,100.0,100.0,100.0,100.0,100.56,100.0,100.0,100.0,100.47,100.0,100.1,100.0,100.0
02.18,Erkaklar uchun pidjaklar,Пиджаки мужские,Men's jackets,Эркаклар учун пиджаклар,100.13,100.0,100.41,100.0,100.24,100.0,100.18,100.0,100.27,100.0,101.93,100.0,100.0,99.83,99.9,100.36,100.0,100.0,100.0,100.0,100.0,101.0,100.17,100.17,100.1,100.1,100.0,100.0
02.19,Oʻgʻil bolalar uchun pidjaklar,Пиджаки для мальчиков,Boys' jackets,Ўғил болалар учун пиджаклар,100.02,100.07,100.0,100.01,100.07,100.0,100.02,100.0,100.82,100.01,101.9,100.0,100.0,100.0,100.0,100.19,100.0,100.0,100.0,100.0,100.0,101.0,100.0,100.04,100.0,100.0,100.0,100.0
02.20,"Erkaklar uchun sviterlar, jemperlar, puloverlar","Свитера, джемперы, пуловеры мужские","Men's sweaters, jumpers, pullovers","Эркаклар учун свитерлар, жемперлар, пуловерлар",100.28,101.77,101.64,100.04,100.0,100.0,100.12,100.0,100.11,100.25,100.0,100.0,100.0,99.96,100.0,100.0,99.33,100.0,100.0,100.0,100.0,101.27,102.04,100.06,99.9,100.1,100.0,100.0
02.21,"Oʻgʻil bolalar uchun sviterlar, jemperlar, puloverlar","Свитера, джемперы, пуловеры для мальчиков","Men's sweaters, jumpers, pullovers","Ўғил болалар учун свитерлар, жемперлар, пуловерлар",100.13,100.0,101.57,100.0,100.0,100.0,100.08,100.0,100.75,100.6,100.42,100.49,100.0,99.85,100.29,100.0,100.0,100.0,100.0,100.0,100.0,101.04,101.01,100.05,99.9,100.1,100.0,100.0
02.22,"Erkaklar uchun shimlar, djinsi shimlar","Брюки, джинсы мужские","Men's trousers, jeans","Эркаклар учун шимлар, джинси шимлар",100.0,100.0,100.1,100.0,100.41,100.0,100.08,100.0,100.0,102.18,100.0,101.89,100.0,100.31,99.78,100.1,100.0,100.0,100.32,100.0,100.0,101.04,102.66,100.09,100.0,101.1,100.0,101.1
02.23,"Oʻgʻil bolalar uchun shimlar, djinsi shimlar","Брюки, джинсы для мальчиков","Boys' trousers, jeans","Ўғил болалар учун шимлар, джинси шимлар",100.15,100.0,101.53,99.85,100.37,100.0,100.0,100.0,100.31,100.0,100.0,101.27,100.0,99.78,100.0,100.0,100.32,100.0,100.63,100.0,100.0,101.96,102.48,100.0,100.0,101.1,100.0,100.0
02.24,Erkaklar uchun koʻylaklar,"Сорочки, рубашки мужские","Men's shirts, blouses",Эркаклар учун кўйлаклар,100.0,101.77,101.45,99.95,100.25,100.0,100.23,100.0,100.0,100.0,100.38,100.0,100.0,100.0,100.0,100.09,100.0,100.0,100.0,100.0,100.35,101.12,102.23,100.0,100.0,100.9,100.0,100.8
02.25,"Oʻgʻil bolalar uchun sorochkalar, koʻylaklar","Сорочки, рубашки для мальчиков","Boys' shirts, blouses","Ўғил болалар учун сорочкалар, кўйлаклар",100.0,100.0,101.53,100.0,100.68,100.0,100.0,100.0,100.72,100.0,100.0,101.17,100.0,99.67,100.0,100.0,100.36,100.0,100.0,100.19,100.0,100.0,101.02,100.0,100.0,100.0,100.4,100.0
02.26,Erkaklar uchun maykalar,Майки мужские,Men's undershirts,Эркаклар учун майкалар,100.2,100.0,104.65,99.9,100.87,100.0,100.0,100.0,100.49,100.0,100.0,100.0,100.0,100.19,100.0,100.53,100.0,100.0,101.16,100.0,100.48,100.0,100.23,100.18,99.9,101.0,100.0,100.3
02.27,Erkaklar uchun trusiklar,Трусы мужские,Men's underpants,Эркаклар учун трусиклар,100.06,100.0,101.5,100.08,100.94,100.0,101.36,100.0,100.0,102.2,100.0,100.0,100.0,100.23,100.0,100.19,100.17,100.0,100.0,100.0,100.0,100.0,100.43,100.19,98.9,100.2,101.1,100.0
02.28,Erkaklar uchun shortik va shalvarlar,Шорты и брюки (шалвар) мужские,Men's shorts and trousers (shalwar),Эркаклар учун шортик ва шалварлар,100.04,100.0,99.88,100.12,100.81,100.0,100.42,100.0,100.0,100.0,102.01,100.0,100.0,100.0,100.0,100.0,100.52,100.0,100.0,100.0,100.0,100.0,100.91,100.0,100.0,100.0,100.1,100.0
02.29,Erkaklar uchun futbolkalar,Футболки мужские,Men's T-shirts,Эркаклар учун футболкалар,100.0,100.0,100.22,100.07,101.38,100.0,100.41,100.0,100.0,100.0,100.0,101.51,100.0,100.16,100.0,100.06,100.0,100.0,100.88,100.0,100.0,100.0,100.0,100.0,100.0,100.6,100.1,100.0
02.30,Erkaklar uchun ich kiyim komplekti,Комплект белья мужского,Men's underwear set,Эркаклар учун ич кийим комплекти,100.2,100.0,100.45,99.84,100.41,100.0,100.0,100.0,100.05,100.93,102.04,100.0,100.0,100.24,100.0,100.0,100.0,100.0,100.3,100.0,100.29,100.0,101.04,100.0,0.0,0.0,0.0,0.0
02.31,Erkaklar paypogʻi,Носки мужские,Men's socks,Эркаклар пайпоғи,100.22,100.0,99.79,99.51,100.68,100.0,100.0,100.0,100.25,102.75,103.92,100.67,100.0,100.09,100.0,100.0,100.0,100.0,100.95,100.0,100.0,100.4,100.0,100.98,99.4,100.3,100.0,100.0
02.32,Oʻgʻil bolalar uchun maykalar,Майки для мальчиков,Men's undershirts,Ўғил болалар учун майкалар,100.0,100.0,99.6,100.29,100.81,101.52,100.0,100.68,100.79,100.0,100.0,102.35,100.0,101.24,100.0,100.0,100.19,100.0,99.23,100.0,100.0,100.0,100.0,100.51,100.4,100.2,100.6,100.0
02.33,Oʻgʻil bolalar uchun trusiklar,Трусы для мальчиков,Boys' underpants,Ўғил болалар учун трусиклар,101.55,100.0,100.0,100.0,100.71,100.0,100.55,101.62,101.34,101.73,100.0,100.0,100.0,101.25,100.0,100.0,100.53,100.0,100.0,100.0,100.0,100.0,100.22,100.0,100.0,100.0,100.0,101.0
02.34,Oʻgʻil bolalar uchun futbolkalar,Футболки для мальчиков,Boys' T-shirts,Ўғил болалар учун футболкалар,100.0,100.0,100.96,100.0,101.04,100.0,101.08,100.0,100.0,100.0,100.0,100.0,100.0,100.0,100.0,100.0,100.14,100.0,100.0,100.22,100.49,100.0,101.07,100.0,100.0,100.0,101.0,100.0
02.35,Oʻgʻil bolalar uchun shortilar,Шорты для мальчиков,Boys' shorts,Ўғил болалар учун шортилар,100.0,100.0,99.98,100.12,100.83,100.0,100.7,100.0,100.0,99.92,102.0,100.0,100.0,100.0,100.29,100.16,101.17,100.82,100.0,100.0,100.0,100.0,100.0,100.0,100.0,100.6,100.0,100.0
02.36,Oʻgʻil bolalar uchun ich kiyim komplekti,Комплект белья для мальчиков,Boys' underwear set,Ўғил болалар учун ич кийим комплекти,100.42,100.0,100.0,100.0,100.89,100.0,100.35,100.71,100.0,100.0,100.19,101.25,100.0,100.23,100.87,100.38,101.24,100.0,100.0,100.0,100.0,100.2,100.78,100.6,0.0,0.0,0.0,0.0
02.37,"Oʻgʻil bolalar uchun paypoq, kolgotka, chulki-paypoq mahsulotlari","Носки, колготки, чулочно-носочные изделия для мальчиков","Boys' socks, tights, hosiery","Ўғил болалар учун пайпоқ, колготка, чулки-пайпоқ маҳсулотлари",100.0,100.0,100.0,100.06,99.84,100.0,100.0,100.61,100.0,102.16,105.28,100.0,100.0,100.0,100.31,100.0,100.0,100.0,100.0,100.46,99.76,99.73,100.0,100.25,100.0,100.0,100.3,100.0
02.38,Erkaklar uchun sport kostyumi,Спортивный костюм мужской,Men's tracksuit,Эркаклар учун спорт костюми,100.08,100.0,100.05,99.87,100.33,100.0,100.17,100.0,100.39,102.05,100.0,102.03,100.0,100.07,100.0,100.0,100.0,100.0,100.0,100.0,100.0,100.25,100.12,101.06,100.0,100.0,102.2,100.0
02.39,Oʻgʻil bolalar uchun sport kostyumi,Спортивный костюм для мальчиков,Boys' tracksuit,Ўғил болалар учун спорт костюми,100.0,100.0,100.0,100.06,100.87,100.06,100.22,100.0,100.13,100.0,102.51,100.37,100.0,100.13,100.09,100.0,100.0,100.0,100.0,100.0,100.14,100.18,101.02,100.0,100.0,100.0,101.8,100.0
02.40,"Ayollar uchun qishki palto, kalta palto","Пальто, полупальто зимнее женское","Women's winter coat, short coat","Аёллар учун қишки пальто, калта пальто",100.16,100.0,100.0,100.04,100.07,100.0,100.0,100.0,100.0,100.0,102.13,100.28,100.0,100.65,100.0,100.0,100.0,100.0,100.0,100.0,100.0,100.0,101.0,100.09,100.4,100.0,100.0,100.0
02.41,"Qiz bolalar uchun qishki palto, kalta palto","Пальто, полупальто зимнее для девочек","Girls' winter coat, short coat","Қиз болалар учун қишки пальто, калта пальто",100.0,100.0,100.0,100.0,100.01,100.04,100.0,100.0,100.0,100.93,101.54,102.6,100.0,100.58,100.0,100.0,100.36,100.0,100.0,100.0,100.0,100.0,100.08,100.94,100.2,100.1,100.0,100.0
02.42,Ayollar uchun qishki kurtka,Куртка зимняя женская,Women's winter jacket,Аёллар учун қишки куртка,100.13,100.0,100.0,100.01,100.0,100.0,100.0,100.0,100.0,100.0,102.5,100.34,100.0,99.85,100.0,100.0,100.0,100.0,100.0,100.0,100.0,101.09,100.99,100.0,100.1,100.0,100.0,100.0
02.43,Ayollar uchun yengil (demisezon) kurtka,Куртка демисезонная женская,Women's demi-season jacket,Аёллар учун енгил (демисезон) куртка,100.2,100.0,100.0,100.0,100.0,100.0,100.0,100.0,100.0,101.26,102.49,100.71,100.0,99.93,100.0,100.0,100.0,100.0,100.0,100.0,100.0,100.0,100.12,100.92,99.8,99.9,100.0,100.0
02.44,Ayollar uchun charm kurtka,Куртка кожаная женская,Women's leather jacket,Аёллар учун чарм куртка,100.17,100.0,100.0,100.0,100.0,100.0,100.0,100.0,100.0,100.19,103.0,100.36,100.0,99.98,100.0,100.0,100.0,100.0,100.0,100.0,100.0,100.0,101.08,100.07,100.0,100.0,100.0,100.0
02.45,Qiz bolalar uchun qishki kurtka,Куртка зимняя для девочек,Girls' winter jacket,Қиз болалар учун қишки куртка,100.14,100.0,100.0,100.0,100.07,100.0,100.0,100.0,100.0,100.06,102.82,100.62,100.0,100.2,100.0,100.0,100.1,100.5,100.0,100.0,100.0,100.0,101.05,100.1,100.5,100.0,100.0,100.0
02.46,Qiz bolalar uchun yengil mavsumiy kurtka,Куртка демисезонная для девочек,Girls' demi-season jacket,Қиз болалар учун енгил мавсумий куртка,100.13,100.0,100.0,100.0,100.04,100.0,100.0,100.0,100.0,100.19,102.47,101.17,100.0,100.18,100.0,100.0,100.19,100.43,100.0,100.0,100.0,100.19,100.06,100.17,100.7,100.0,100.0,100.0
02.47,"Ayollar uchun shuba, kalta shuba","Шуба, полушубок женский","Women's fur coat, short fur coat","Аёллар учун шуба, калта шуба",100.21,100.0,100.0,100.06,100.0,100.01,100.0,100.0,100.55,100.0,102.45,100.2,100.38,100.98,100.06,100.0,98.99,100.0,100.0,100.0,100.0,100.0,100.04,100.06,0.0,0.0,0.0,0.0
02.48,Ayollar uchun plash,Плащ женский,Women's raincoat,Аёллар учун плаш,100.07,100.0,100.0,100.03,100.0,100.0,100.0,100.0,100.0,101.09,102.3,100.0,100.0,100.0,100.0,100.0,100.0,100.0,100.0,100.0,100.0,100.25,100.02,100.0,100.0,100.0,100.0,100.0
02.49,Qiz bolalar uchun plash,Плащ для девочек,Girls' raincoat,Қиз болалар учун плаш,100.1,100.0,99.94,99.85,100.0,100.0,100.0,100.0,100.0,101.12,102.63,100.16,100.0,100.28,100.0,100.0,100.0,100.45,100.0,100.0,100.0,100.0,100.0,100.0,100.0,100.1,100.1,100.0
02.50,"Ayollar uchun milliy ustki kamzullar, xalatlar","Женские национальные верхние камзолы, халаты","Women's national outer camisoles, robes","Аёллар учун миллий устки камзуллар, халатлар",100.18,100.0,100.0,100.18,100.0,100.06,100.43,100.0,100.14,100.0,102.85,100.16,100.0,100.2,100.11,100.06,100.0,100.12,100.0,100.0,100.0,100.0,101.26,100.0,100.0,100.0,100.0,100.2
02.51,Ayollar uchun kostyum (yubka yoki shim bilan birga),Костюм женский (с юбк. или бpюк.),Women's suit (with skirts or trousers),Аёллар учун костюм (юбка ёки шим билан бирга),100.0,100.0,99.94,100.04,100.0,100.0,100.0,100.99,100.0,100.23,102.82,100.13,100.05,100.25,100.0,100.01,100.0,100.04,100.0,100.02,100.0,100.0,101.06,100.0,100.0,100.0,100.0,100.0
02.52,Ayollar uchun koʻylaklar,Платья женские,Women's dresses,Аёллар учун кўйлаклар,100.0,101.44,101.42,100.21,100.0,100.0,100.53,100.0,100.0,100.0,103.1,100.0,100.0,100.03,100.0,100.06,100.0,100.99,100.0,100.0,100.0,100.04,101.75,100.0,100.0,101.0,102.0,101.2
02.53,Qiz bolalar uchun koʻylaklar,Платья для девочек,Dresses for girls,Қиз болалар учун кўйлаклар,100.01,101.29,99.81,100.04,100.18,100.0,100.68,100.08,100.57,100.0,103.07,100.21,100.0,100.0,100.0,100.0,101.3,100.03,100.0,100.0,100.0,100.44,100.0,100.0,100.1,100.0,100.0,101.1
02.54,Ayollar uchun pidjaklar,Пиджаки женские,Women's jackets,Аёллар учун пиджаклар,100.19,100.0,99.9,100.0,100.0,100.0,100.0,100.0,100.86,101.86,100.0,101.9,100.0,100.47,100.0,100.0,100.0,100.0,100.0,100.0,100.0,100.0,100.21,100.06,100.2,100.0,100.0,100.0
02.55,"Ayollar uchun sviterlar, jemperlar, puloverlar","Свитера, джемперы, пуловеры женские","Women's sweaters, jumpers, pullovers","Аёллар учун свитерлар, жемперлар, пуловерлар",100.18,100.0,101.73,100.0,100.0,100.0,100.09,100.0,100.0,100.19,100.26,102.5,100.25,100.41,100.0,100.0,100.0,100.0,100.0,100.0,100.0,100.0,101.83,100.0,100.0,100.1,100.1,100.0
02.56,"Qiz bolalar uchun sviterlar, jemperlar, puloverlar","Свитера, джемперы, пуловеры для девочек","Women's sweaters, jumpers, pullovers","Қиз болалар учун свитерлар, жемперлар, пуловерлар",100.0,100.0,101.71,100.0,100.0,100.0,100.49,100.0,100.0,100.38,100.42,103.45,100.19,101.18,100.06,100.0,100.0,100.4,100.0,100.0,100.08,100.27,100.05,100.0,99.7,100.0,100.5,100.0
02.57,"Ayollar uchun shimlar, djinsi shimlar","Брюки, джинсы женские","Women's trousers, jeans","Аёллар учун шимлар, джинси шимлар",100.07,100.0,100.0,100.13,100.0,100.0,99.62,100.0,100.65,102.08,100.0,102.26,100.0,100.1,100.0,100.05,100.0,100.05,100.0,100.0,100.0,100.19,100.0,100.85,100.0,100.0,100.0,100.1
02.58,"Qiz bolalar uchun shimlar, djinsi shimlar","Брюки, джинсы для девочек","Girls' trousers, jeans","Қиз болалар учун шимлар, джинси шимлар",100.05,100.0,100.12,100.0,100.07,100.0,100.37,100.0,100.0,102.42,100.0,102.75,100.0,100.0,100.0,100.0,100.23,100.26,100.0,100.0,100.0,101.0,100.05,100.0,100.0,100.0,100.0,100.0
02.59,"Ayollar uchun trikolar, gamashlar, losinalar","Трико, гамаши, лосины женские","Women's tights, leggings, tights","Аёллар учун триколар, гамашлар, лосиналар",100.0,100.0,100.0,100.38,100.0,100.65,100.91,100.0,100.25,100.15,100.0,103.19,100.0,101.04,100.0,100.0,100.0,100.0,100.0,100.0,100.0,100.0,100.13,100.0,99.9,100.1,100.1,100.0
02.60,"Qiz bolalar uchun trikolar, gamashlar, losinalar","Трико, гамаши, лосины для девочек","Women's tights, leggings, tights for girls","Қиз болалар учун триколар, гамашлар, лосиналар",100.08,100.0,100.0,100.0,100.72,100.0,100.84,100.0,100.0,100.0,100.0,101.79,100.0,100.85,100.0,100.0,100.0,100.0,100.0,100.0,100.0,100.0,100.0,100.0,100.0,100.0,100.9,100.0
02.61,Ayollar uchun yubkalar,Юбки женские,Women's skirts,Аёллар учун юбкалар,100.11,100.0,99.87,99.89,100.0,100.0,100.0,100.44,100.0,102.63,100.12,100.43,100.0,100.87,100.0,100.12,100.0,100.0,100.0,100.0,100.0,100.0,100.13,100.0,100.0,100.0,100.0,100.0
02.62,"Ayollar uchun sorochkalar, bluzkalar","Сорочки, блузки женские","Shirts, blouses for women","Аёллар учун сорочкалар, блузкалар",100.0,100.0,100.0,100.49,100.0,100.13,100.72,100.0,100.11,100.0,102.89,100.29,100.0,100.38,100.0,100.1,100.14,100.0,100.0,100.0,100.0,100.03,100.07,100.79,100.0,100.1,100.0,100.0
02.63,Qiz bolalar uchun yubkalar,Юбки для девочек,Skirts for girls,Қиз болалар учун юбкалар,100.0,100.0,100.0,100.0,100.15,100.0,100.13,100.0,100.89,100.09,102.61,100.22,100.0,100.2,100.0,100.0,100.0,100.38,100.0,100.0,100.0,100.0,100.0,100.0,100.0,100.0,100.0,100.0
02.64,"Qiz bolalar uchun sorochkalar, bluzkalar","Сорочки, блузки для девочек","Shirts, blouses for girls","Қиз болалар учун сорочкалар, блузкалар",100.01,100.0,100.0,100.0,100.34,100.0,100.99,100.0,100.0,100.0,102.96,100.0,100.0,100.34,100.14,100.0,100.0,100.23,100.0,100.0,100.0,100.0,100.0,100.0,100.0,100.0,100.0,100.0
02.65,"Ayollar uchun xalatlar, pijamalar","Халат, пижама женские","Robe, pajamas for women","Аёллар учун халатлар, пижамалар",100.0,100.0,100.13,100.02,100.0,100.0,100.45,100.0,100.11,102.63,100.0,100.0,102.67,100.25,100.0,100.09,100.0,100.0,100.0,100.0,100.0,100.0,100.05,100.0,100.0,100.3,100.0,100.0
02.66,"Qiz bolalar uchun xalatlar, pijamalar","Халат, пижама для девочек","Robe, pajamas for girls","Қиз болалар учун халатлар, пижамалар",100.21,100.0,100.15,100.31,100.22,100.0,100.73,100.7,100.0,100.14,100.0,102.15,100.0,101.04,100.0,100.0,100.79,100.47,100.0,100.0,100.0,100.23,100.0,100.0,99.7,100.0,100.0,100.1
02.67,Ayollar uchun maykalar,Майки женские,Women's T-shirts,Аёллар учун майкалар,100.71,100.0,100.0,100.0,100.43,100.0,101.75,100.0,100.0,100.0,100.0,100.25,100.0,100.36,100.0,100.08,100.0,100.23,100.0,100.0,100.0,100.0,101.17,100.0,100.0,100.0,100.0,100.0
02.68,"Ayollar uchun trusiklar, pantalonlar","Трусы, панталоны женские","Panties, pantaloons for women","Аёллар учун трусиклар, панталонлар",100.29,100.0,100.0,100.0,100.23,101.32,102.68,100.0,100.0,102.05,100.0,100.2,100.0,100.13,100.2,100.31,100.0,100.31,100.0,100.3,100.0,100.0,100.33,100.05,100.1,100.0,100.0,100.0
02.69,Ayollar uchun byustgalterlar,Бюстгальтер женский,Women's bra,Аёллар учун бюстгальтерлар,100.09,100.0,100.0,100.0,100.0,100.0,101.95,100.0,100.0,100.0,100.0,102.32,100.0,100.66,100.0,100.26,100.0,100.11,100.0,100.0,100.0,100.16,100.17,100.0,100.4,100.0,100.0,100.2
02.70,Ayollar uchun tungi koʻylaklar,Сорочки ночные женские,Women's nightgowns,Аёллар учун тунги кўйлаклар,100.0,100.0,100.0,100.0,100.0,100.0,102.11,100.0,100.0,100.0,100.0,102.22,100.0,100.4,100.26,100.16,100.0,100.26,100.0,100.0,100.0,100.0,100.24,100.0,100.8,100.0,100.0,100.0
02.71,Ayollar uchun futbolkalar,Футболки женские,Women's T-shirts,Аёллар учун футболкалар,100.0,100.0,99.8,100.0,100.36,100.0,101.44,100.0,100.0,100.0,102.6,100.0,100.0,100.13,100.0,100.16,100.16,100.18,100.0,100.0,100.0,100.0,100.0,100.79,100.9,100.0,100.0,100.0
02.72,Ayollar uchun ich kiyim komplekti,Комплект белья женского,Women's underwear set,Аёллар учун ич кийим комплекти,100.0,100.0,100.0,100.0,100.25,100.0,101.31,100.0,100.0,100.0,102.67,100.0,100.0,100.33,100.08,100.31,100.0,100.07,100.0,100.0,100.0,100.22,100.15,100.0,0.0,0.0,0.0,0.0
02.73,"Ayollar uchun kolgotkalar, chulki-paypoq mahsulotlari","Колготки, чулочно-носочные изделия женские","Women's tights, hosiery","Аёллар учун колготкалар, чулки-пайпоқ маҳсулотлари",100.35,100.0,100.0,100.0,101.44,99.48,101.54,100.0,100.0,102.05,100.02,100.0,100.0,100.21,100.0,100.27,100.0,100.0,100.0,100.0,100.0,99.76,101.28,100.34,99.8,100.0,101.0,100.0
02.74,Qiz bolalar uchun maykalar,Майки для девочек,T-shirts for girls,Қиз болалар учун майкалар,100.0,100.0,100.0,100.31,99.91,100.83,101.86,100.0,100.35,100.0,100.0,100.0,100.0,100.0,100.0,100.0,100.17,100.46,100.0,100.0,100.0,100.25,101.24,100.0,100.8,100.0,100.0,100.3
02.75,"Qiz bolalar uchun trusiklar, pantalonlar","Трусы, панталоны для девочек","Panties, pantaloons for girls","Қиз болалар учун трусиклар, панталонлар",100.25,100.0,100.0,100.0,100.88,100.0,101.09,100.0,100.0,100.0,100.0,101.97,100.0,100.0,100.0,100.0,100.0,100.0,100.0,100.68,100.0,100.0,100.0,101.05,100.0,100.0,100.0,100.0
02.76,Qiz bolalar futbolkalar,Футболки для девочек,T-shirts for girls,Қиз болалар футболкалар,100.0,100.0,99.99,100.68,101.09,100.0,101.26,100.0,100.0,100.0,100.0,100.0,100.0,100.07,100.0,100.0,101.96,100.07,100.0,100.0,100.0,100.0,100.0,100.0,100.0,100.1,100.0,100.1
02.77,"Qiz bolalar uchun paypoq, kolgotka, chulki-paypoq mahsulotlari","Носки, колготки, чулочно-носочные изделия для девочек","Socks, tights, hosiery for girls","Қиз болалар учун пайпоқ, колготка, чулки-пайпоқ маҳсулотлари",100.0,100.08,100.0,100.37,100.48,100.0,101.37,100.0,100.72,100.0,100.0,100.46,100.0,100.0,100.0,100.0,100.0,100.26,100.0,100.0,100.0,99.62,101.21,100.0,100.0,100.2,100.0,100.0
02.78,Ayollar uchun sport kostyumi,Спортивный костюм женский,Women's tracksuit,Аёллар учун спорт костюми,100.06,100.0,100.32,100.0,100.0,100.0,100.4,100.0,100.0,102.32,100.0,100.16,100.0,100.06,100.0,100.12,100.0,100.06,100.0,99.82,100.0,100.64,100.13,100.85,99.8,100.0,100.0,100.0
02.79,Qiz bolalar uchun sport kostyumi,Спортивный костюм для девочек,Girls' tracksuit,Қиз болалар учун спорт костюми,100.0,100.0,99.99,100.06,100.26,100.0,101.04,100.17,100.12,100.18,102.48,100.93,100.0,101.14,100.18,100.0,100.0,100.36,100.0,100.03,100.0,100.03,100.0,100.0,100.0,100.0,100.0,100.0
02.80,Yoʻrgaklar,Пеленки,Nappies,Йўргаклар,100.0,100.0,100.56,100.0,100.0,100.96,100.0,100.0,100.0,100.0,102.94,100.0,100.0,101.54,100.0,100.46,100.0,100.23,100.0,100.0,100.0,100.11,100.22,100.0,101.3,100.0,100.4,100.0
02.81,"Goʻdaklar uchun issiq kombinezonlar, kurtkalar","Комбинезон, куртка, утепленные, для младенцев","Jumpsuit, jacket, insulated, for babies","Гўдаклар учун иссиқ комбинезонлар, курткалар",100.03,100.0,100.22,100.0,100.15,100.0,100.59,100.0,100.0,100.73,100.91,103.42,103.29,100.95,100.0,100.0,97.99,100.09,100.0,100.0,100.0,100.0,100.06,100.0,101.0,100.1,100.7,100.0
02.82,"Goʻdaklar uchun ich kiyimlar, chulki-paypoq mahsulotlari","Белье, чулочно-носочные изделия для младенцев","Underwear, hosiery for babies","Гўдаклар учун ич кийимлар, чулки-пайпоқ маҳсулотлари",100.0,100.0,100.0,100.0,100.34,100.0,100.6,100.0,100.56,100.0,102.06,101.8,100.0,100.97,100.31,100.0,101.15,100.87,100.0,100.2,100.03,100.47,100.0,100.0,100.1,100.0,100.0,100.0
02.83,"Shlyapalar, kepkalar, doʻppilar","Шляпы, кепки, тюбетейки","Hats, caps, skullcaps","Шляпалар, кепкалар, дўппилар",100.4,100.0,101.25,100.0,100.5,100.0,101.31,100.04,100.44,99.87,100.0,100.42,100.0,100.55,100.32,100.19,100.31,100.0,100.0,100.0,100.0,100.0,101.2,100.19,100.9,100.0,100.0,100.0
02.84,Trikotaj shapkalar,Шапочки трикотажные,Knitted hats,Трикотаж шапкалар,100.26,100.0,100.0,100.18,100.0,100.0,101.93,100.13,100.57,100.0,100.47,101.82,100.0,101.15,100.0,100.3,100.0,100.22,100.0,100.0,100.0,100.0,100.0,100.18,99.9,100.2,100.2,100.2
02.85,Erkaklar uchun moʻynali shapkalar,Меховые шапки мужские,Men's fur hats,Эркаклар учун мўйнали шапкалар,100.0,100.0,100.0,100.0,100.0,100.0,100.0,100.0,100.0,100.0,103.29,101.02,100.0,100.65,100.0,100.0,100.0,100.0,100.0,100.0,100.0,100.0,100.17,100.19,100.0,100.0,100.1,100.0
02.86,Ayollar uchun moʻynali shapkalar,Меховые шапки женские,Women's fur hats,Аёллар учун мўйнали шапкалар,100.0,100.0,100.36,100.0,100.0,100.0,100.0,100.0,100.0,100.45,102.83,100.0,100.73,101.87,100.44,100.0,98.56,100.0,100.0,100.0,100.0,100.33,100.13,100.32,0.0,0.0,0.0,0.0
02.87,"Sharflar, roʻmollar, sholroʻmollar va shu kabi buyumlar","Шарфы, платки, шали и аналогичные изделия","Scarves, shawls, shawls and similar items","Шарфлар, рўмоллар, шолрўмоллар ва шу каби буюмлар",100.28,100.0,99.95,99.82,100.0,100.0,100.42,100.23,100.0,101.15,102.59,100.43,101.13,100.88,99.88,100.34,100.0,100.0,100.0,100.0,100.0,100.0,102.14,100.14,99.9,100.1,100.4,101.1
02.88,"Qoʻlqoplar, varejkalar","Перчатки, варежки","Gloves, mittens","Қўлқоплар, варежкалар",100.74,100.0,100.0,100.0,100.0,100.0,100.11,100.0,100.0,100.0,101.99,102.06,100.0,100.68,100.0,100.0,100.0,100.0,100.0,100.0,100.0,100.0,100.0,100.37,100.0,99.8,100.0,100.0
02.89,"Kamarlar, belbogʻlar","Ремни, пояса","Belts, waistbands","Камарлар, белбоғлар",99.72,100.0,99.88,100.0,100.23,100.0,100.5,100.49,100.42,100.0,102.0,100.0,101.32,100.23,100.17,100.41,100.11,100.0,100.0,100.11,100.08,100.24,100.0,100.12,100.0,100.1,100.0,100.0
02.90,Galstuklar va kapalaknusxa galstuklar,Галстуки и бабочки,Ties and bow ties,Галстуклар ва капалакнусха галстуклар,100.23,100.0,101.02,100.0,100.19,100.0,100.65,100.0,100.74,100.0,100.36,100.39,100.0,100.61,100.37,100.0,100.5,100.35,100.0,100.0,100.09,100.0,100.0,100.27,100.1,100.0,100.1,100.0
02.91,Dastroʻmollar,Носовые платки,Handkerchiefs,Дастрўмоллар,100.23,100.0,100.0,100.0,100.83,100.0,100.0,100.0,100.0,100.0,102.58,100.0,100.0,100.28,100.26,100.28,99.99,100.43,100.0,100.23,100.0,100.0,100.0,100.0,100.0,100.0,100.0,100.0
02.92,Iplar,Нитки,Threads,Иплар,100.08,100.0,100.07,100.0,100.15,100.0,106.0,100.0,100.0,100.14,100.0,100.0,100.0,100.23,100.0,100.13,100.38,100.73,100.0,100.31,100.0,100.0,100.15,100.61,100.4,100.6,100.0,100.0
02.93,Yigirilgan iplar,Пряжа,Yarn,Йигирилган иплар,100.0,100.0,100.0,100.48,100.0,100.0,100.0,100.0,100.48,100.27,101.84,100.92,100.0,100.0,100.0,100.11,100.0,100.0,100.0,100.0,100.0,100.0,101.08,100.0,0.0,0.0,0.0,0.0
02.94,Erkaklar uchun issiq etiklar va botinkalar,"Сапоги, ботинки, утепленные, мужские","Boots, shoes, insulated, men's",Эркаклар учун иссиқ этиклар ва ботинкалар,100.21,100.0,100.08,100.0,100.8,100.11,99.49,100.0,100.0,100.0,102.44,101.98,101.25,100.58,100.0,100.0,100.0,100.0,100.0,100.0,100.0,100.0,100.16,100.07,100.3,100.0,100.0,100.0
02.95,Erkaklar uchun yengil (demisezon) etiklar va botinkalar,"Сапоги, ботинки, демисезонные, мужские","Boots, shoes, demi-season, men's",Эркаклар учун енгил (демисезон) этиклар ва ботинкалар,100.0,100.0,100.0,100.0,100.0,100.16,99.53,100.0,100.0,101.49,102.58,100.2,101.74,100.06,100.0,100.0,99.25,100.0,100.0,100.0,100.0,100.0,100.11,100.0,100.0,100.0,100.5,100.0
02.96,Erkaklar uchun tuflilar,Туфли мужские,Shoes for men,Эркаклар учун туфлилар,100.59,103.54,101.36,100.04,100.22,100.0,100.08,100.0,100.14,100.0,100.0,100.07,100.0,100.18,100.0,100.0,100.0,100.0,100.0,100.0,100.0,101.0,100.0,100.0,100.0,100.0,100.0,100.1
02.97,"Erkaklar uchun bosonojkalar, sandallar, sandaletlar","Босоножки, сандалии, сандалеты мужские","Sandals, sandals, men's sandals","Эркаклар учун босоножкалар, сандаллар, сандалетлар",100.12,100.0,100.0,100.0,100.67,100.0,100.39,100.0,100.0,100.0,102.74,100.0,100.0,100.0,100.0,100.0,100.47,100.0,100.0,100.0,100.0,100.89,100.0,100.0,100.0,100.0,100.0,100.0
02.98,Erkaklar uchun krossovkalar va shu kabi poyafzallar,Кроссовки и аналогичная обувь мужская,Sneakers and similar footwear for men,Эркаклар учун кроссовкалар ва шу каби пояфзаллар,100.59,100.0,101.67,100.0,100.42,100.0,100.0,101.69,100.0,100.0,100.0,100.17,100.0,100.2,100.0,100.0,100.0,101.6,100.0,99.4,100.0,100.0,101.1,100.01,100.2,100.2,100.0,99.9
02.99,Erkaklar uchun uyda kiyiladigan poyafzal,Домашняя обувь мужская,House shoes for men,Эркаклар учун уйда кийиладиган пояфзал,100.01,100.0,100.0,100.0,100.8,100.0,100.13,100.0,100.0,100.12,103.28,100.0,100.0,99.85,100.0,100.13,100.3,100.0,100.71,99.97,100.0,100.0,100.0,100.0,100.0,100.0,100.2,101.1
02.100,Kalishlar,Галоши,Galoshes,Калишлар,100.0,100.0,100.0,100.13,100.54,100.0,100.0,100.0,100.0,101.34,100.0,102.15,100.0,100.24,100.0,100.24,100.0,100.48,100.0,100.0,100.0,100.0,100.0,100.13,100.2,100.6,100.3,100.0
02.101,Ayollar uchun issiq etiklar va botinkalar,"Сапоги, ботинки, утепленные, женские","Boots, shoes, insulated, women's",Аёллар учун иссиқ этиклар ва ботинкалар,100.44,100.0,100.0,100.0,100.0,100.0,100.0,100.0,100.0,100.0,102.64,100.06,100.0,100.21,100.0,100.0,100.0,100.0,100.0,100.0,100.0,100.0,101.07,100.01,100.0,100.1,100.0,100.0
02.102,Ayollar uchun yengil (demisezon) etiklar va botinkalar,"Сапоги, ботинки, демисезонные, женские","Boots, shoes, demi-season, women's",Аёллар учун енгил (демисезон) этиклар ва ботинкалар,100.19,100.0,100.0,100.0,100.0,100.0,100.0,100.0,100.0,100.0,102.7,102.58,100.0,100.42,100.0,100.0,100.0,100.0,100.0,100.0,100.0,100.01,100.21,100.07,101.0,100.0,100.0,100.0
02.103,Ayollar uchun tuflilar,Туфли женские,Shoes for women,Аёллар учун туфлилар,100.0,100.0,99.82,100.0,100.0,100.0,100.0,100.0,101.69,100.0,103.05,100.29,100.0,100.0,100.0,100.28,100.0,100.97,100.0,100.17,100.0,100.0,100.03,100.0,100.0,100.0,102.1,101.2
02.104,"Ayollar uchun bosonojkalar, sandallar, sandaletlar","Босоножки, сандалии, сандалеты женские","Sandals, sandals, women's","Аёллар учун босоножкалар, сандаллар, сандалетлар",100.0,100.0,100.0,99.99,100.48,100.0,100.23,100.0,100.16,100.0,102.97,100.0,100.0,100.0,100.0,100.0,100.0,100.0,100.0,100.75,100.0,100.0,100.0,100.0,100.0,100.0,100.0,100.0
02.105,Ayollar uchun krossovkalar va shu kabi poyafzallar,Кроссовки и аналогичная обувь женская,Sneakers and similar footwear for women,Аёллар учун кроссовкалар ва шу каби пояфзаллар,100.48,104.71,99.78,100.03,100.0,100.04,100.0,100.0,100.0,100.0,100.0,100.95,100.0,100.0,100.2,100.12,100.0,100.96,99.91,99.63,100.08,100.0,100.91,100.11,100.0,100.0,100.0,100.0
02.106,Ayollar uchun uyda kiyiladigan poyafzal,Домашняя обувь женская,House shoes for women,Аёллар учун уйда кийиладиган пояфзал,100.07,100.0,100.0,100.0,100.0,100.0,100.36,100.0,101.02,100.0,102.65,100.0,100.08,100.19,100.0,100.0,100.0,100.16,100.5,100.0,100.0,100.0,100.0,100.0,100.0,100.1,100.0,100.0
02.107,"Oʻgʻil bolalar uchun etiklar, botinkalar","Сапоги, ботинки, для мальчиков","Boots, shoes, for boys","Ўғил болалар учун этиклар, ботинкалар",100.0,100.0,100.0,100.0,100.28,101.02,100.7,100.0,100.0,100.0,100.0,103.23,100.0,100.16,100.0,100.0,100.0,100.0,100.0,100.0,100.0,100.0,100.0,100.8,100.0,100.1,100.0,100.0
02.108,"Qiz bolalar uchun etiklar, botinkalar","Сапоги, ботинки, для девочек","Boots, shoes, for girls","Қиз болалар учун этиклар, ботинкалар",100.11,100.0,99.78,100.11,100.0,100.0,100.18,100.0,100.0,100.26,102.69,100.95,100.0,100.2,100.0,100.0,100.76,100.49,100.0,100.0,100.0,100.0,100.0,100.0,100.0,100.0,100.0,100.0
02.109,Oʻgʻil bolalar uchun tuflilar,Туфли для мальчиков,Shoes for boys,Ўғил болалар учун туфлилар,100.0,100.0,101.64,99.85,100.26,101.44,100.98,100.0,100.0,100.0,100.0,100.0,100.0,100.17,100.05,100.0,100.0,100.0,100.0,100.0,100.13,100.63,100.03,100.0,101.0,100.0,101.0,100.0
02.110,Qiz bolalar uchun tuflilar,Туфли для девочек,Shoes for girls,Қиз болалар учун туфлилар,100.0,100.18,99.88,100.12,100.39,100.0,100.29,100.0,101.2,100.23,100.0,102.47,100.0,100.0,100.1,100.0,100.0,100.37,100.23,100.07,100.0,100.0,100.0,100.0,101.1,100.0,100.0,100.2
02.111,"Oʻgʻil bolalar uchun bosonojkalar, sandallar, sandaletlar","Босоножки, сандалии, сандалеты для мальчиков","Sandals, sandals, sandals for boys","Ўғил болалар учун босоножкалар, сандаллар, сандалетлар",100.03,100.0,100.0,100.0,100.73,101.32,100.77,100.16,100.0,100.0,100.0,100.0,100.0,100.0,100.0,100.0,100.31,100.0,100.55,100.0,100.0,100.0,100.0,100.0,100.0,100.0,100.0,100.0
02.112,"Qiz bolalar uchun bosonojkalar, sandallar, sandaletlar","Босоножки, сандалии, сандалеты для девочек","Sandals, sandals, sandals for girls","Қиз болалар учун босоножкалар, сандаллар, сандалетлар",100.0,100.0,100.05,100.08,100.19,100.0,100.24,100.0,100.0,100.0,103.0,100.0,100.0,100.0,100.0,100.0,100.47,100.24,100.0,100.0,100.0,100.0,100.0,100.0,100.0,100.0,100.0,100.1
02.113,Yosh bolalar uchun krossovkalar va shu kabi poyafzallar,Кроссовки  и аналогичная обувь детская,Sneakers and similar footwear for children,Ёш болалар учун кроссовкалар ва шу каби пояфзаллар,100.11,102.52,100.06,100.0,100.32,100.0,100.16,100.0,100.15,100.2,100.06,103.07,100.0,100.0,100.14,100.0,100.0,100.54,100.34,100.08,100.0,100.0,100.0,100.0,99.9,100.0,100.0,100.1
02.114,Yosh bolalar uchun uyda kiyiladigan poyafzal,Домашняя обувь детская,House shoes for children,Ёш болалар учун уйда кийиладиган пояфзал,100.0,100.0,100.05,100.0,100.43,100.0,100.39,100.99,100.0,100.0,101.52,100.0,100.17,100.91,99.84,100.0,100.54,100.0,100.0,100.0,99.85,100.0,100.0,100.0,100.0,100.3,100.0,100.7
02.115,Sement,Цемент,Cement,Цемент,98.88,99.34,98.75,94.44,98.98,96.99,102.29,102.12,100.97,100.47,99.04,98.14,98.95,98.58,99.55,101.72,103.23,101.54,100.24,101.08,104.01,101.44,101.31,100.58,100.4,101.5,101.4,101.3
02.115.1,Barcha turdagi qum,Песок всех видов,All types of sand,Барча турдаги қум,0.0,0.0,0.0,0.0,0.0,0.0,0.0,0.0,0.0,0.0,0.0,0.0,0.0,0.0,0.0,0.0,0.0,0.0,0.0,0.0,0.0,0.0,0.0,0.0,100.0,100.0,100.0,100.0
02.116,"Metall quvurlar, otvodlar, sgonlar, muftalar","Трубы, отводы, сгоны, муфты, металлические","Pipes, bends, couplings, couplings, metal","Металл қувурлар, отводлар, сгонлар, муфталар",100.18,100.0,100.0,100.0,100.41,100.0,101.39,100.87,100.0,100.0,100.3,103.06,100.0,100.15,100.0,100.0,100.22,100.0,100.54,100.38,100.0,100.16,100.19,100.37,100.3,100.5,100.0,100.4
02.117,"Plastmassadan yasalgan quvurlar, sgonlar, muftalar","Трубы отводы, сгоны, муфты, пластмассовые","Pipes, bends, couplings, couplings, plastic","Пластмассадан ясалган қувурлар, сгонлар, муфталар",100.0,100.0,101.4,100.0,100.53,100.0,100.25,100.11,100.0,100.0,102.87,99.59,100.23,100.38,100.0,100.52,100.13,99.84,101.11,100.0,100.0,100.0,101.34,100.0,100.0,100.0,101.0,100.2
02.118,"Qurilish uchun quruq qorishmalar (Shpaklevka, alebastr)","Раствор сухой для строительства (Шпаклевка, алебастр)","Dry mortar for construction (putty, alabaster)","Қурилиш учун қуруқ қоришмалар (Шпаклевка, алебастр)",100.0,100.17,101.35,100.61,101.05,100.46,101.32,100.0,100.69,100.44,100.38,100.15,100.34,101.3,100.76,100.36,100.0,100.81,100.0,100.19,100.0,100.19,100.98,100.65,100.6,100.0,100.7,100.3
02.119,Barcha turdagi boʻyoqlar,Краска всех видов,Paint of all types,Барча турдаги бўёқлар,100.25,99.95,99.59,100.0,100.27,100.0,100.68,101.04,100.47,100.21,102.98,100.66,100.0,100.12,100.16,100.0,100.0,101.2,100.0,100.0,100.0,100.0,100.0,100.6,100.2,100.1,101.2,100.0
02.120,Barcha turdagi laklar,Лак всех видов,Varnish of all types,Барча турдаги лаклар,100.16,100.0,100.0,99.65,100.19,100.0,100.63,100.28,99.64,100.79,104.35,99.97,100.0,100.27,100.0,100.0,100.0,100.0,101.2,100.0,100.0,100.0,101.43,100.29,100.9,100.0,100.0,100.4
02.121,"Suyultirgichlar, erituvchi suyuqlik","Разбавители, растворители","Diluents, solvents","Суюлтиргичлар, эритувчи суюқлик",100.31,100.37,100.0,100.0,100.0,100.0,100.76,101.21,100.85,100.0,100.46,100.0,100.0,100.74,100.0,100.0,100.0,100.0,100.0,100.0,100.0,100.0,101.55,100.0,100.5,101.2,100.0,100.0
02.122,Barcha turdagi yelimlar,Клеи всех видов,Adhesives of all types,Барча турдаги елимлар,100.01,100.51,100.22,100.17,100.53,100.06,101.43,100.35,100.0,100.62,100.34,100.0,100.03,99.3,100.0,100.49,100.99,100.0,100.35,100.0,100.0,99.91,101.1,99.94,100.0,100.4,100.1,100.0
02.123,"Gulqogʻozlar, devorlar uchun barcha turdagi plenkalar","Обои, пленки для стен всех видов","Wallpaper, wall films of all types","Гулқоғозлар, деворлар учун барча турдаги пленкалар",100.41,100.77,99.99,100.0,100.0,100.0,101.03,100.0,100.0,102.01,100.2,99.92,100.0,100.67,100.0,100.06,100.0,100.0,99.52,100.2,100.0,100.0,101.13,99.83,100.0,100.1,101.0,100.0
02.124,"Faner, DSP, press-karton, orgalit plitalar,  mebel shchitlari, shpon","Фанера, ДСП, пресс-картон, оргалитовые плиты, щиты мебельные, шпон","Plywood, chipboard, pressboard, hardboard, furniture boards, veneer","Фанер, ДСП, пресс-картон, оргалит плиталар,  мебель шчитлари, шпон",100.0,100.0,103.07,100.13,99.7,100.1,100.75,100.85,100.0,100.03,100.0,101.23,100.0,100.06,100.21,100.0,100.0,100.18,100.12,100.0,100.0,100.0,100.92,101.0,100.2,100.3,100.0,100.4
02.125,"Reykalar, plintuslar, shtapiklar","Рейки, плинтуса, штапики","Slats, baseboards, glazing beads","Рейкалар, плинтуслар, штапиклар",100.0,100.0,102.64,100.33,100.48,100.0,100.0,100.32,100.0,100.0,103.54,100.04,100.0,100.1,100.0,100.0,100.0,100.0,101.19,100.0,100.0,100.0,101.05,100.0,100.0,100.0,100.0,100.0
02.126,"Eshik va derazalar uchun ilgaklar, tutqichlar, naveslar, eshik va derazalar uchun qulflar, kalitlar va boshqa furnitura","Навесы, защелки, ручки для дверей, окон, замки, ключи и прочая фурнитура для дверей и окон","Canopies, latches, handles for doors, windows, locks, keys and other fittings for doors and windows","Эшик ва деразалар учун илгаклар, тутқичлар, навеслар, эшик ва деразалар учун қулфлар, калитлар ва бошқа фурнитура",100.0,100.4,102.23,100.15,100.4,100.0,100.37,100.63,100.0,100.0,100.18,103.36,100.0,100.24,100.81,100.0,101.07,100.0,99.68,100.32,100.0,100.0,100.0,100.0,100.0,100.2,100.0,100.0
02.127,"Sirt qoplash uchun kafel, keramik plitkalar","Кафельные, керамические плитки для облицовки","Tiled, ceramic tiles for cladding","Сирт қоплаш учун кафел, керамик плиткалар",100.0,101.96,101.55,100.0,100.25,100.12,100.0,100.23,100.72,101.12,100.49,100.0,100.0,100.01,101.61,100.0,100.77,100.0,100.0,100.0,100.0,100.0,100.0,101.32,100.3,100.4,100.0,100.5
02.128,"Linoleum, plastik plitalar","Линолеум, пластиковые плиты","Linoleum, plastic plates","Линолеум, пластик плиталар",100.0,100.0,100.0,100.0,100.14,100.0,99.48,101.01,100.21,101.29,103.53,100.0,100.0,100.84,100.07,100.42,100.26,100.0,100.0,100.0,100.0,100.0,100.6,101.0,100.4,100.1,100.0,100.0
02.129,Deraza oynasi,Стекло оконное,Window glass,Дераза ойнаси,100.0,100.0,99.03,98.58,100.0,100.0,100.0,100.0,99.37,101.04,103.24,102.44,99.39,100.0,101.56,99.07,101.25,100.0,100.0,100.2,100.89,103.05,100.59,100.23,100.2,100.0,100.2,100.4
02.130,"Joʻmraklar, aralashtirgichlar, ventillar va ularning detallari","Краны, смесители, вентили и детали к ним","Fauces, mixers, valves and parts for them","Жўмраклар, аралаштиргичлар, вентиллар ва уларнинг деталлари",100.47,99.86,100.0,100.03,100.1,100.0,100.13,100.63,100.0,101.5,100.41,102.78,100.0,100.13,100.8,100.49,100.69,100.0,100.0,100.25,100.0,100.39,100.0,101.02,100.1,100.2,100.1,100.1
02.131,Koʻmir,Уголь,Coal,Кўмир,100.0,100.0,100.0,100.0,100.0,100.0,100.0,100.0,100.0,100.0,100.0,100.0,100.0,100.0,100.0,100.0,100.0,100.0,100.0,100.78,100.0,100.33,100.22,100.0,0.0,0.0,0.0,0.0
02.131.1,Toshkoʻmir (davlat tariflari asosida),Каменный уголь (на основе государственных тарифов),Stone coal (according to government tariffs),Тошкўмир (давлат тарифлари асосида),0.0,0.0,0.0,0.0,0.0,0.0,0.0,0.0,0.0,0.0,0.0,0.0,0.0,0.0,0.0,0.0,0.0,0.0,0.0,0.0,0.0,0.0,0.0,0.0,100.0,100.0,100.0,100.0
02.131.2,Toshkoʻmir (bozor narxlari),Каменный уголь (рыночные цены),Stone coal (at market prices),Тошкўмир (бозор нархлари),0.0,0.0,0.0,0.0,0.0,0.0,0.0,0.0,0.0,0.0,0.0,0.0,0.0,0.0,0.0,0.0,0.0,0.0,0.0,0.0,0.0,0.0,0.0,0.0,102.7,100.0,100.0,100.0
02.131.3,Yogʻoch yonilgʻi (oʻtin va gʻoʻzapoya),Древесное топливо (дрова и стебли хлопчатника),Древесное топливо (дрова и стебли хлопчатника),Ёғоч ёнилғи (ўтин ва ғўзапоя),0.0,0.0,0.0,0.0,0.0,0.0,0.0,0.0,0.0,0.0,0.0,0.0,0.0,0.0,0.0,0.0,0.0,0.0,0.0,0.0,0.0,0.0,0.0,0.0,100.0,100.0,100.0,100.0
02.132,Mehmonxona va yemakxonalar uchun mebellar toʻplami,Наборы мебели для гостиных и столовых,Furniture sets for living rooms and dining rooms,Меҳмонхона ва емакхоналар учун мебеллар тўплами,100.27,100.48,100.0,100.0,100.65,100.0,100.0,100.03,100.12,100.58,100.82,100.0,100.11,99.69,100.03,100.0,101.0,100.0,100.0,100.03,100.0,100.0,100.0,100.03,100.0,100.0,101.0,100.0
02.133,Yotoqxona uchun mebellar toʻplami,Набор мебели для спальни,Furniture sets for the bedroom,Ётоқхона учун мебеллар тўплами,100.52,99.92,100.0,100.6,100.53,100.0,100.0,100.0,101.14,100.32,100.62,100.12,100.12,100.99,100.0,101.0,100.0,100.0,100.0,100.05,100.0,100.0,100.0,100.0,100.0,100.0,101.1,100.0
02.134,Oshxona uchun mebellar toʻplami,Наборы мебели для кухни,Furniture sets for the kitchen,Ошхона учун мебеллар тўплами,100.0,99.19,102.36,100.74,102.06,100.0,100.63,100.0,100.0,100.61,100.0,100.34,100.61,99.76,100.0,100.31,100.06,100.0,100.0,100.0,100.0,100.0,100.93,100.12,100.2,100.2,100.0,100.0
02.135,Yumshoq mebellar toʻplami,Набор мягкой мебели,Upholstered furniture sets,Юмшоқ мебеллар тўплами,100.12,101.51,100.0,100.05,101.59,100.0,100.0,100.02,100.1,100.37,100.62,100.0,100.0,100.44,100.2,100.0,100.0,100.0,100.0,100.11,100.0,100.0,100.0,100.54,100.1,100.0,100.0,100.1
02.136,"Stenkalar, servantlar, gorkalar","Стенки, серванты, горки","Walls, sideboards, wall units","Стенкалар, сервантлар, горкалар",100.23,103.03,100.0,100.0,100.61,100.0,100.41,100.0,100.0,100.53,101.39,100.0,100.0,100.61,100.44,100.0,100.0,100.0,100.11,100.0,100.0,100.03,100.0,100.53,100.3,100.0,100.0,100.0
02.137,Shkaflar,Шкафы,Cabinets,Шкафлар,100.46,100.1,100.0,100.74,102.1,100.0,100.6,100.02,100.16,100.64,100.61,100.0,100.0,100.0,100.0,100.58,100.18,100.0,100.0,100.0,100.0,100.0,100.23,100.0,100.0,100.0,100.0,100.2
02.138,Stollar,Столы,Tables,Столлар,100.13,99.9,100.84,102.23,102.63,100.0,100.43,100.07,100.0,100.5,100.0,100.07,100.04,100.0,100.01,100.01,100.0,100.0,100.51,100.0,100.0,100.01,100.0,100.41,100.2,100.1,100.0,100.5
02.139,Stullar,Стулья,Chairs,Стуллар,100.44,100.0,100.0,100.21,100.81,100.0,101.26,100.0,100.26,101.2,101.99,100.0,100.12,100.55,100.0,100.0,100.32,100.0,100.0,100.61,100.12,100.0,100.0,100.0,100.0,100.0,100.0,100.0
02.140,Krovatlar,Кровать,Bed,Кроватлар,100.0,100.0,100.76,100.0,101.25,100.0,102.19,100.0,100.8,100.77,99.0,100.03,100.0,103.38,100.35,100.0,98.0,100.34,100.11,100.0,100.0,100.0,100.11,100.11,100.4,100.5,100.4,100.7
02.141,Yoritish uskunalari,Осветительное оборудование,Lighting equipment,Ёритиш ускуналари,100.0,99.82,101.32,100.0,100.0,100.3,100.68,100.27,100.27,100.0,100.52,101.67,100.39,100.29,100.37,100.36,100.49,100.0,100.51,100.07,100.0,100.01,100.57,100.0,100.3,100.2,100.0,100.2
02.142,Jun va yarim jun gilamlar,"Ковер шерстяной, полушерстяной","Woolen, semi-woolen carpets",Жун ва ярим жун гиламлар,100.0,100.0,102.08,99.85,100.0,101.37,100.44,100.0,100.39,100.0,100.0,101.74,100.83,100.91,100.69,100.11,100.11,100.0,100.0,100.11,100.19,100.0,100.0,100.26,100.2,101.0,100.0,100.0
02.143,Sintetik paloslar,Синтетические паласы,Synthetic rugs,Синтетик палослар,100.0,100.0,100.44,100.0,100.0,100.56,100.61,100.0,101.86,100.09,100.0,102.86,100.09,101.27,101.7,100.0,100.0,100.0,100.0,101.07,100.0,100.0,100.0,100.0,100.1,100.0,100.3,100.0
02.144,Koʻzgular,Зеркала,Mirrors,Кўзгулар,100.04,100.53,100.0,100.0,100.3,100.0,100.3,100.29,102.8,100.13,101.12,100.0,100.0,99.9,99.2,100.0,101.23,100.0,99.74,100.0,100.0,100.0,100.81,100.5,100.0,100.0,100.0,100.3
02.145,Jalyuzalar,Жалюзи,Blinds,Жалюзалар,100.0,100.0,100.68,100.0,100.19,100.0,100.16,100.0,102.94,100.0,102.08,102.8,100.0,100.78,100.17,100.0,100.47,100.03,100.0,100.0,100.0,100.04,100.03,100.0,101.3,100.1,100.0,100.0
02.146,Koʻrpa-toʻshak belyosi va shu kabilarni tikish uchun ip gazlamalar,"Ткани для пошива постельного и аналогичного белья, хлопчатобумажные","Fabrics for sewing bed linen and similar items, cotton",Кўрпа-тўшак белёси ва шу кабиларни тикиш учун ип газламалар,100.17,100.0,100.0,100.26,100.49,101.45,100.15,100.0,100.0,100.0,100.23,100.24,100.0,100.0,100.69,100.11,100.0,100.14,100.0,100.0,100.0,100.23,100.0,100.9,100.2,100.0,100.2,100.0
02.147,Tyul va gardinabop tyul mahsulotlari,Тюль и тюлегардинные изделия,Tulle and tulle curtain products,Тюль ва гардинабоп тюль маҳсулотлари,100.0,100.0,100.0,100.0,101.26,100.0,101.44,100.0,100.8,100.0,100.0,101.43,100.0,100.0,100.0,100.32,100.0,100.1,100.0,100.0,100.25,100.0,100.96,100.32,100.0,100.0,100.0,100.5
02.148,Koʻrpa-toʻshak toʻplami,Комплект постельного белья,Bed linen set,Кўрпа-тўшак тўплами,100.13,100.0,99.91,100.0,100.53,101.15,100.31,100.0,100.16,102.18,100.0,100.0,100.0,100.03,101.12,100.0,100.0,100.05,100.0,100.0,100.08,100.0,100.0,100.4,101.7,101.0,100.0,100.0
02.149,"Koʻrpacha (paxtali, junli, parli)","Одеяло (ватное, шерстяное, пуховое)","Blanket (wadded, woolen, down)","Кўрпача (пахтали, жунли, парли)",100.64,100.0,100.0,100.0,100.33,100.0,100.98,100.0,100.0,100.0,103.01,100.0,100.0,101.62,100.0,100.0,100.0,100.2,100.0,100.07,100.0,100.0,100.0,100.0,102.1,100.0,100.0,100.0
02.150,Dasturxonlar,Скатерти,Tablecloths,Дастурхонлар,100.22,100.0,100.0,100.0,100.0,100.0,100.0,100.0,100.0,100.17,103.69,100.0,100.0,101.17,100.0,100.0,101.09,100.16,100.0,100.0,100.0,100.0,100.0,100.0,100.2,100.0,100.0,100.1
02.151,Sochiqlar,Полотенца,Towels,Сочиқлар,100.0,100.0,100.0,99.65,101.34,100.0,100.0,100.0,100.0,101.64,102.54,100.24,100.0,100.29,100.79,101.0,100.0,100.08,100.0,100.3,100.0,100.71,100.14,100.0,102.3,100.3,100.0,100.0
02.152,Yirik oshxona priborlari,Крупные кухонные приборы,Large kitchen appliances,Йирик ошхона приборлари,100.06,102.77,100.0,100.08,100.0,100.0,99.92,100.0,100.0,100.88,101.87,100.0,100.0,100.53,99.78,99.92,100.22,100.0,96.47,99.9,100.24,99.5,99.84,99.27,101.0,101.5,100.1,99.3
02.153,Kir yuvish va quritish uchun yirik priborlar,Крупные  приборы для стирки и сушки белья,Large appliances for washing and drying clothes,Кир ювиш ва қуритиш учун йирик приборлар,100.53,97.72,100.42,100.13,100.0,100.41,100.04,101.07,100.0,100.3,101.0,100.0,100.08,100.52,99.96,100.0,100.0,100.0,102.8,99.42,100.0,98.78,98.33,99.62,100.6,100.4,100.9,100.2
02.154,"Isitgichlar, konditsionerlar","Обогреватели, кондиционеры","Heaters, air conditioners","Иситгичлар, кондиционерлар",100.65,101.26,100.97,100.17,100.12,100.43,100.22,100.07,100.0,100.0,100.33,100.0,100.32,100.33,100.21,100.14,100.28,100.0,99.28,100.21,100.03,98.97,99.26,100.4,100.9,100.9,100.1,99.9
02.155,Chang yutkichlar,Пылесосы,Vacuum cleaners,Чанг юткичлар,99.79,99.62,100.41,100.0,100.0,100.0,100.06,100.28,100.0,100.16,102.01,100.74,100.52,100.39,100.62,100.29,100.0,100.0,99.13,100.33,100.0,99.37,99.55,99.08,100.5,100.6,100.4,99.8
02.156,Ovqat tayyorlash va oziq-ovqat mahsulotlariga ishlov berish uchun kichik priborlar,Малые приборы для приготовления пищи и обработки пищевых продуктов,Small cooking and food processing appliances,Овқат тайёрлаш ва озиқ-овқат маҳсулотларига ишлов бериш учун кичик приборлар,100.36,100.22,100.23,100.0,100.0,100.0,100.0,100.15,100.0,100.0,101.24,99.47,100.09,100.51,100.1,100.14,100.0,100.0,98.66,100.01,100.16,99.35,99.95,100.83,100.2,99.9,100.0,99.7
02.157,Ichimliklar tayyorlash uchun kichik priborlar,Малые приборы для приготовления напитков,Small beverage preparation appliances,Ичимликлар тайёрлаш учун кичик приборлар,100.34,99.34,104.97,100.49,100.27,100.0,100.0,100.0,100.18,101.12,100.58,100.0,100.33,99.09,99.43,100.44,100.87,100.07,99.9,99.79,100.24,99.22,99.89,99.4,100.2,100.1,100.0,99.8
02.158,Kichik maishiy priborlar,Малые бытовые приборы,Small household appliances,Кичик маиший приборлар,100.33,98.34,100.0,100.0,100.0,100.0,100.32,100.0,100.99,100.0,101.34,100.0,100.3,101.75,100.29,100.26,100.0,100.0,99.12,99.16,100.0,99.69,100.06,99.75,100.2,99.8,100.2,100.3
02.159,Shisha idishlar,Посуда стеклянная,Glassware,Шиша идишлар,100.0,98.77,99.62,100.07,100.85,100.0,100.0,101.0,100.49,100.0,102.43,100.0,100.0,100.46,100.0,100.26,100.12,100.31,100.0,100.0,100.22,100.24,100.89,100.0,100.0,100.0,100.0,99.9
02.160,Chinni va fayans idishlar,Фарфоровая и фаянсовая посуда,Porcelain and earthenware,Чинни ва фаянс идишлар,100.56,100.0,100.0,100.28,101.8,101.2,100.49,100.65,100.62,102.57,100.0,101.86,101.31,100.0,100.27,100.26,100.0,100.0,100.0,99.38,100.0,100.0,100.79,101.17,100.5,100.0,100.3,99.9
02.161,Zanglamaydigan poʻlatdan ishlangan ovqatlanish uchun priborlar,Столовые приборы из нержавеющей стали,Stainless steel cutlery,Зангламайдиган пўлатдан ишланган овқатланиш учун приборлар,100.0,100.0,100.45,99.86,101.81,100.0,100.74,100.27,100.0,100.0,100.38,102.18,100.2,100.22,100.0,100.0,100.0,100.21,100.0,100.0,100.09,100.15,101.12,100.0,100.0,100.0,100.1,100.0
02.162,Kastryullar,Кастрюли,Saucepans,Кастрюллар,100.0,100.0,100.0,100.0,100.34,100.0,100.0,100.0,100.55,100.78,102.89,100.0,100.43,101.14,100.0,100.03,100.0,100.07,99.48,99.6,100.0,100.0,101.22,98.64,100.0,101.0,100.0,99.9
02.163,Qozonlar,Казаны,Kazans,Қозонлар,100.22,101.04,100.0,100.0,101.59,100.32,100.6,100.0,100.99,102.62,99.39,100.62,101.09,101.18,100.0,100.0,100.27,100.27,99.69,100.13,100.27,100.0,100.0,100.05,100.1,100.0,100.0,99.9
02.164,Tovalar,Сковороды,Frying pans,Товалар,100.4,100.0,100.0,100.0,100.0,100.84,100.0,102.11,102.11,101.62,99.5,100.34,100.44,101.65,100.0,100.0,100.0,100.27,100.0,99.76,100.0,100.09,100.0,98.36,100.0,100.0,100.1,99.9
02.165,Choynak,Чайник,Kettle,Чойнак,100.41,100.0,100.0,100.0,100.31,100.0,100.3,100.0,100.42,100.0,101.54,100.65,100.42,100.15,100.69,100.21,100.19,100.17,100.01,100.48,100.08,100.03,99.62,100.29,99.8,100.0,100.4,100.0
02.166,"Belkuraklar, ketmonlar, panshaxalar, xaskashlar","Лопаты, кетмени, вилы, грабли","Shovels, hoes, pitchforks, rakes","Белкураклар, кетмонлар, паншахалар, хаскашлар",100.0,100.0,102.29,100.46,100.33,100.21,102.61,100.93,100.48,100.0,100.0,100.0,100.0,103.34,100.25,100.0,100.52,100.0,100.0,100.33,100.0,100.39,100.0,100.0,100.1,100.3,102.1,100.3
02.167,"Bolgʻalar, teshalar, boltalar, iskanalar","Молотки, теша, топоры, стамески","Hammers, cleavers, axes, chisels","Болғалар, тешалар, болталар, исканалар",100.0,100.0,100.0,100.22,100.0,100.0,100.87,100.0,100.59,100.0,102.84,100.84,99.9,100.68,100.17,100.0,100.0,100.24,100.66,100.0,100.0,100.38,100.0,100.0,101.0,100.3,100.6,100.1
02.168,"Otvyortkalar, ombirlar, qisqichlar va boshqalar","Отверки, плоскогубцы, щипци и тп.","Screwdrivers, pliers, tongs, etc.","Отвёрткалар, омбирлар, қисқичлар ва бошқалар",100.47,99.57,100.44,100.2,100.8,100.83,100.76,100.41,100.22,100.0,101.23,100.84,100.0,100.32,100.0,100.0,100.0,100.47,100.0,99.96,100.0,101.25,100.0,100.0,100.2,100.2,100.0,100.0
02.169,Karnizlar,Карнизы,Curtain rods,Карнизлар,100.0,100.0,100.3,100.0,100.0,101.64,100.0,100.46,100.0,100.0,101.78,100.0,100.0,102.7,100.35,100.0,100.0,100.0,100.0,100.0,100.0,100.34,100.35,100.0,100.2,100.0,100.0,102.3
02.170,Elektr lampochkalar,Лампочка электрическая,Electric light bulb,Электр лампочкалар,100.0,99.81,101.27,100.0,101.02,100.63,98.72,101.26,99.68,100.0,101.98,100.0,100.0,100.0,100.09,100.66,100.0,100.04,99.59,101.11,100.0,100.49,100.0,100.97,100.3,100.4,100.2,100.5
02.171,Elektr batareykalar,Батарейки электрические,Electric batteries,Электр батарейкалар,100.0,100.0,100.0,100.0,100.0,101.76,100.0,100.0,100.0,103.74,100.97,100.43,100.0,100.0,100.0,100.0,100.97,100.0,98.62,100.0,100.46,100.13,101.07,100.58,100.8,100.3,100.0,100.3
02.171.1,Poyafzal tozalash uchun kremlar va boshqa vositalar,"Крем, другие средства для чистки обуви",Shoe polish and other shoe cleaning agents,Пояфзал тозалаш учун кремлар ва бошқа воситалар,0.0,0.0,0.0,0.0,0.0,0.0,0.0,0.0,0.0,0.0,0.0,0.0,0.0,0.0,0.0,0.0,0.0,0.0,0.0,0.0,0.0,0.0,0.0,0.0,100.5,100.0,101.3,97.5
02.172,Xoʻjalik sovuni,Мыло хозяйственное,Household soap,Хўжалик совуни,99.05,102.08,100.0,99.87,100.0,96.82,100.0,101.03,101.35,99.47,101.87,100.0,99.53,98.94,100.0,100.08,99.8,101.0,99.6,100.23,100.0,101.12,100.0,100.63,100.4,100.0,100.5,100.0
02.173,"Kir yuvish kukuni yoki aralashmasi, oqartiruvchi modda va kir yuvish uchun boshqa vositalar","Стиральный порошок или смесь, отбеливатели и прочие средства для стирки","Washing powders or mixtures, bleaches, and other washing agents","Кир ювиш кукуни ёки аралашмаси, оқартирувчи модда ва кир ювиш учун бошқа воситалар",100.0,98.67,100.14,100.4,102.59,99.02,101.03,100.45,100.96,100.24,102.4,100.49,100.16,102.58,98.84,100.09,99.24,99.4,99.23,100.36,101.22,100.41,100.56,99.03,100.7,100.4,99.8,100.5
02.173.1,Idishlar va santexnika uchun abraziv yuvish vositasi,Абразивное моющее средство для посуды и сантехники,Abrasive detergent for dishware and bathroom fixtures,Идишлар ва сантехника учун абразив ювиш воситаси,0.0,0.0,0.0,0.0,0.0,0.0,0.0,0.0,0.0,0.0,0.0,0.0,0.0,0.0,0.0,0.0,0.0,0.0,0.0,0.0,0.0,0.0,0.0,0.0,101.2,100.3,100.0,100.8
02.173.2,Idish yuvish uchun yogʻ parchalovchi vositalar,Жирорасщепляющее средство для мытья посуды,Degreasing agent for dishwashing,Идиш ювиш учун ёғ парчаловчи воситалар,0.0,0.0,0.0,0.0,0.0,0.0,0.0,0.0,0.0,0.0,0.0,0.0,0.0,0.0,0.0,0.0,0.0,0.0,0.0,0.0,0.0,0.0,0.0,0.0,100.6,100.1,100.0,100.0
02.174,Dezinfeksiyalovchi vositalar,Дезинфицирующие средства,Disinfecting agents,Дезинфекцияловчи воситалар,100.0,99.69,100.0,102.23,100.45,100.0,100.28,100.42,100.53,100.66,102.52,100.06,101.97,101.61,100.96,99.79,100.0,100.24,100.76,100.22,99.02,101.01,100.47,99.79,99.6,100.0,94.1,104.0
02.175,"Tozalash uchun buyumlar (supurgilar, choʻtkalar, lattalar, qoʻlqoplar va shu kabilar)","Изделия для чистки (веники, щетки, тряпки, перчатки и аналогичные)","Cleaning products (brooms, brushes, rags, gloves and similar)","Тозалаш учун буюмлар (супургилар, чўткалар, латталар, қўлқоплар ва шу кабилар)",100.0,100.0,100.0,99.94,100.0,100.0,101.22,100.0,100.0,100.0,102.21,100.0,100.0,100.14,99.42,100.22,99.78,100.0,100.0,100.0,100.0,100.38,100.94,100.16,102.2,101.3,99.9,100.0
02.176,"Mixlar, shuruplar, boltlar, strubsinalar va shu kabi  mayda-chuyda metall buyumlar","Гвозди, шурупы, болты, струбцины и аналогичные скобяные изделия","Nails, screws, bolts, clamps and similar hardware","Михлар, шуруплар, болтлар, струбсиналар ва шу каби  майда-чуйда металл буюмлар",100.0,100.0,99.3,99.39,100.64,100.0,101.89,100.19,100.0,100.9,100.0,101.03,100.0,99.27,100.0,100.0,101.32,100.0,98.49,100.44,100.0,100.42,100.93,100.44,101.2,100.1,100.0,100.0
02.177,Yelimli chelak,Ведро пластиковое,Plastic bucket,Елимли челак,100.06,100.0,100.0,99.75,100.0,100.0,101.7,100.0,100.95,100.21,103.01,100.0,100.0,99.19,101.17,101.35,100.0,100.0,100.0,100.0,100.0,100.0,100.0,100.0,100.0,100.5,100.0,100.0
02.178,Gugurt,Спички,Matches,Гугурт,100.0,100.0,100.0,101.32,100.0,100.0,96.28,100.0,101.32,101.32,103.01,100.0,100.0,100.0,100.0,100.0,100.0,100.0,100.0,100.37,100.04,100.0,100.0,101.25,100.0,100.0,100.0,100.0
02.179,"Igna, toʻgʻnogʻich, spitsa va shu kabi buyumlar","Иголки, булавки, спицы  и аналогичные изделия","Needles, pins, knitting needles and similar products","Игна, тўғноғич, спица ва шу каби буюмлар",100.0,100.0,100.0,100.0,100.0,100.0,101.03,100.0,100.0,100.0,102.55,101.84,100.0,100.0,98.1,100.0,101.97,100.0,100.0,99.83,100.0,100.89,100.0,100.0,0.0,0.0,0.0,0.0
02.180,Vitaminlar,Витамины,Vitamins,Витаминлар,99.93,100.0,101.67,109.4,101.2,100.61,100.83,100.83,102.7,103.49,101.72,101.62,101.74,101.74,100.21,100.39,98.61,100.72,100.0,100.47,100.01,100.58,100.18,99.85,100.9,101.0,100.0,100.1
02.181,Antibiotiklar,Антибиотики,Antibiotics,Антибиотиклар,100.54,100.0,101.06,110.23,101.48,100.11,101.67,101.62,103.24,102.28,100.0,100.65,103.29,100.12,100.53,101.87,97.73,100.49,100.0,100.32,100.33,100.59,99.34,100.05,100.6,99.5,101.0,100.1
02.182,Antigistamin preparatlar,Антигистаминные препараты,Antihistamines,Антигистамин препаратлар,99.51,100.0,101.11,110.74,101.68,100.22,101.94,101.8,102.44,105.28,100.12,100.0,103.86,100.48,100.34,100.43,100.49,100.64,100.0,99.97,99.72,99.99,100.16,100.63,100.8,100.5,100.0,99.4
02.183,Tomir kengaytiruvchi preparatlar,Сосудорасширяющие препараты,Vasodilating drugs,Томир кенгайтирувчи препаратлар,100.0,101.15,101.67,108.38,100.66,100.02,100.56,102.05,103.9,102.65,103.56,100.45,100.87,100.2,100.0,102.84,97.53,101.14,99.87,100.0,100.16,100.98,99.91,100.97,100.9,100.9,100.0,100.1
02.184,Shamollashga qarshi dori vositalari,Противовоспалительные лекарственные средства,Anti-inflammatory drugs,Шамоллашга қарши дори воситалари,100.0,100.36,99.99,109.78,101.24,101.4,102.59,100.39,102.53,100.2,102.29,100.19,100.47,100.57,100.0,100.94,99.16,99.56,100.0,101.34,99.95,99.91,101.78,100.19,100.1,100.8,100.6,99.9
02.185,Antiseptik dori vositalari,Антисептические лекарственные средства,Antiseptic drugs,Антисептик дори воситалари,100.0,100.96,100.6,113.92,101.3,100.44,100.88,100.0,101.83,100.56,100.0,100.0,100.56,103.23,101.08,101.01,99.0,100.77,100.0,99.89,100.47,100.79,100.07,100.46,100.4,100.0,101.1,100.0
02.186,Tibbiyot diagnostika mahsulotlari,Медицинская диагностическая продукция,Medical diagnostic products,Тиббиёт диагностика маҳсулотлари,100.46,100.0,99.52,108.04,100.72,100.0,100.0,100.0,102.66,100.0,100.0,102.0,100.57,100.0,100.0,100.0,101.8,100.0,100.0,100.41,99.79,100.26,100.25,101.46,99.7,100.3,100.7,99.5
02.187,Tibbiyot maskalari va perchatkalari,"Маски и перчатки, медицинские","Masks and gloves, medical",Тиббиёт маскалари ва перчаткалари,100.0,100.17,100.86,109.79,102.74,100.0,100.0,101.79,100.89,101.5,100.0,100.0,103.91,100.0,100.0,100.0,100.0,101.22,100.0,100.0,100.0,98.61,100.0,100.0,0.0,0.0,0.0,0.0
02.188,Shprislar,Шприцы,Syringes,Шприцлар,100.0,100.0,100.0,108.86,100.96,100.0,100.0,100.0,100.0,100.8,100.15,100.1,97.79,100.34,100.0,97.2,99.45,100.0,100.62,99.53,100.0,100.11,100.66,101.18,99.7,100.0,100.5,100.0
02.189,Bintlar va shu kabi yara bogʻlash materiallari,Бинты и аналогичные перевязочные материалы,Bandages and similar dressings,Бинтлар ва шу каби яра боғлаш материаллари,100.32,100.0,100.14,112.65,100.0,100.48,100.35,100.0,101.57,100.0,100.18,100.0,99.04,100.0,98.44,100.0,102.23,101.81,100.0,100.18,100.0,100.0,100.0,100.0,100.8,100.7,100.0,100.0
02.190,Koʻz uchun yordamchi mahsulotlar,Вспомогательная продукция для зрения,Vision aids,Кўз учун ёрдамчи маҳсулотлар,100.0,100.0,100.0,100.27,101.16,100.3,101.96,100.0,100.0,100.0,103.78,100.0,100.25,100.0,100.56,100.43,100.42,100.0,100.0,100.0,100.0,100.0,100.63,100.0,99.8,100.3,100.0,100.2
02.191,Yengil avtomobillar,Легковые автомобили,Cars,Енгил автомобиллар,101.47,100.0,100.0,100.0,100.0,100.0,100.0,100.0,100.0,100.0,100.0,100.0,100.0,100.0,100.0,100.0,100.0,100.0,100.0,100.0,100.0,100.0,100.0,100.0,100.0,100.0,100.0,100.0
02.191.1,Ilgari foydalanishda boʻlgan avtomobillar (dona),Бывшие в употреблении автомобили,Pre-owned vehicles,Илгари фойдаланишда бўлган автомобильлар (дона),0.0,0.0,0.0,0.0,0.0,0.0,0.0,0.0,0.0,0.0,0.0,0.0,0.0,0.0,0.0,0.0,0.0,0.0,0.0,0.0,0.0,0.0,0.0,0.0,100.0,100.0,100.0,99.9
02.192,Velosipedlar,Велосипеды,Bicycles,Велосипедлар,100.05,100.0,100.0,100.14,100.0,100.0,101.63,100.0,100.26,100.49,103.0,100.0,100.0,100.15,98.9,99.8,101.33,100.01,99.22,100.08,100.0,100.0,99.64,101.19,101.3,100.0,100.0,100.0
02.193,Shinalar,Шины,Tires,Шиналар,100.56,100.82,100.5,99.58,100.37,100.15,100.28,100.2,100.0,100.54,100.36,102.01,100.39,100.58,100.73,100.04,100.13,100.01,99.65,99.19,100.0,100.06,100.0,99.76,101.2,101.0,100.0,100.1
02.194,Oʻt oldirish svechasi,Свечи зажигания,Spark plugs,Ўт олдириш свечаси,100.79,101.0,101.61,100.0,100.96,100.37,100.55,102.06,100.0,100.36,100.0,100.32,100.29,100.0,101.99,100.16,100.0,100.24,100.0,98.79,100.0,100.79,100.0,100.0,0.0,0.0,0.0,0.0
02.195,Shaxsiy transport vositalari uchun boshqa qismlar (akkumulyatorlar va b.q.),Прочие части для личных транспортных средств (аккумуляторы и др.),"Other parts for personal transport vehicles (including batteries, etc.)",Шахсий транспорт воситалари учун бошқа қисмлар (аккумуляторлар ва б.қ.),100.0,100.9,100.17,99.24,100.67,100.09,100.26,100.37,100.82,100.0,102.01,102.29,100.52,100.75,100.18,100.08,100.17,100.0,100.0,100.33,100.0,100.42,100.0,100.0,101.5,100.1,100.0,100.1
02.195.1,Avtomobil va mototsikllar uchun gʻiloflar,Чехлы для автомобилей и мотоциклов,Car and motorcycle covers,Автомобиль ва мотоцикллар учун ғилофлар,0.0,0.0,0.0,0.0,0.0,0.0,0.0,0.0,0.0,0.0,0.0,0.0,0.0,0.0,0.0,0.0,0.0,0.0,0.0,0.0,0.0,0.0,0.0,0.0,100.0,100.0,100.0,100.0
02.196,Benzin,Бензин,Gasoline,Бензин,106.13,100.43,100.5,97.46,100.0,99.42,99.47,100.0,100.53,100.5,104.67,99.72,101.15,100.06,100.0,99.96,100.0,99.83,100.09,103.52,100.44,100.72,101.64,103.02,0.0,0.0,0.0,0.0
02.196.1,Benzin AI-92,Бензин АИ-92,Gasoline AI-92,Бензин АИ-92,0.0,0.0,0.0,0.0,0.0,0.0,0.0,0.0,0.0,0.0,0.0,0.0,0.0,0.0,0.0,0.0,0.0,0.0,0.0,0.0,0.0,0.0,0.0,0.0,100.7,100.0,99.7,100.9
02.196.2,Benzin AI-95,Бензин АИ-95,Gasoline AI-95,Бензин АИ-95,0.0,0.0,0.0,0.0,0.0,0.0,0.0,0.0,0.0,0.0,0.0,0.0,0.0,0.0,0.0,0.0,0.0,0.0,0.0,0.0,0.0,0.0,0.0,0.0,100.4,99.3,100.2,100.4
02.196.3,Benzin AI-98 AI-100,"Бензин АИ-98, АИ-100","Gasoline AI-98, AI-100",Бензин АИ-98 АИ-100,0.0,0.0,0.0,0.0,0.0,0.0,0.0,0.0,0.0,0.0,0.0,0.0,0.0,0.0,0.0,0.0,0.0,0.0,0.0,0.0,0.0,0.0,0.0,0.0,100.0,100.5,100.0,100.0
02.197,Shaxsiy transport vositalari uchun propan,Пропан для личных транспортных средств,Propane for personal vehicles,Шахсий транспорт воситалари учун пропан,111.86,100.0,100.0,89.99,100.0,100.0,101.87,110.79,114.22,99.87,111.32,92.59,93.62,101.18,94.75,96.77,98.26,96.44,100.67,100.35,100.76,100.55,103.05,101.41,106.9,104.8,98.0,96.9
02.198,Shaxsiy transport vositalari uchun metan,Метан для личных транспортных средств,Methane for personal vehicl,Шахсий транспорт воситалари учун метан,100.0,100.0,100.0,103.08,100.0,111.94,100.0,104.0,100.85,100.0,100.0,100.0,100.0,100.16,100.16,100.63,130.19,99.52,100.49,100.25,100.0,100.0,100.0,100.0,100.1,100.0,100.0,100.0
02.198.1,Shaxsiy transport vositalari uchun boshqa toifalarga kiritilmagan yonilgʻi (elektromobillar uchun elektr energiya),"Прочее топливо для личных транспортных средств, не отнесенное к другим категориям (электроэнергия для автомобилей)",Other personal vehicle fuels not elsewhere classified (including electricity for cars),Шахсий транспорт воситалари учун бошқа тоифаларга киритилмаган ёнилғи (электромобиллар учун электр энергия),0.0,0.0,0.0,0.0,0.0,0.0,0.0,0.0,0.0,0.0,0.0,0.0,0.0,0.0,0.0,0.0,0.0,0.0,0.0,0.0,0.0,0.0,0.0,0.0,100.0,100.0,100.0,100.0
02.199,"Motor moylari, jumladan avtol","Моторные масла, включая автол","Motor oils, including autol","Мотор мойлари, жумладан автол",100.76,100.86,100.56,98.91,100.85,100.16,100.6,100.21,100.54,101.45,100.57,100.33,100.27,100.55,99.28,100.0,101.96,100.22,99.84,99.4,100.04,100.27,100.0,100.0,100.3,100.2,100.0,100.9
02.200,"Tormoz suyuqligi, ulovchi mexanizm uchun suyuqlik","Тормозная жидкость, жидкость для сцепления","Brake fluid, clutch fluid","Тормоз суюқлиги, уловчи механизм учун суюқлик",100.0,101.04,100.0,100.0,101.31,100.0,101.28,100.23,100.6,100.62,100.73,100.4,100.35,100.69,100.47,100.99,98.87,99.99,100.0,100.24,100.0,100.17,100.0,100.0,101.2,100.3,100.0,100.2
02.201,Sovituvchi suyuqliklar va qoʻshimchalar,Охлаждающие жидкости и добавки,Coolants and additives,Совитувчи суюқликлар ва қўшимчалар,100.0,101.16,100.0,100.0,100.56,100.36,102.53,101.23,102.18,100.0,99.0,102.54,100.36,100.6,101.12,100.35,100.0,99.94,99.65,99.73,100.0,102.14,100.0,100.4,101.5,99.7,100.0,100.0
02.202,Mustahkam oʻrnatilgan (turgʻun) telefon uskunalari,Фиксированное (стационарное) телефонное оборудование,Fixed (stationary) telephone equipment,Мустаҳкам ўрнатилган (турғун) телефон ускуналари,100.38,100.0,100.0,99.81,101.3,100.0,100.57,100.0,100.0,100.0,100.0,100.0,100.0,100.75,100.17,100.0,100.0,100.0,100.0,100.0,100.0,100.0,100.0,100.0,0.0,0.0,0.0,0.0
02.203,Mobil telefon uskunalari,Мобильное телефонное оборудование,Mobile telephone equipment,Мобил телефон ускуналари,98.43,100.0,100.0,99.97,100.0,100.0,100.0,100.75,100.4,100.61,100.0,100.0,100.32,100.09,99.72,100.0,100.79,100.0,100.88,100.12,99.96,100.4,99.13,100.28,100.0,99.8,99.6,100.3
02.204,Noutbuk,Ноутбук,Laptop,Ноутбук,100.31,100.0,100.0,100.0,100.0,100.63,98.94,100.31,100.0,100.16,102.15,100.61,100.0,100.14,100.14,100.14,100.0,100.0,101.1,100.03,100.0,99.92,99.92,100.13,99.7,101.2,99.8,100.0
02.205,Kompyuterlar va planshetlar,Компьютеры и планшеты,Computers and tablets,Компьютерлар ва планшетлар,100.03,100.0,100.0,100.0,100.0,100.0,100.0,100.0,100.0,100.0,104.87,100.0,100.0,100.0,100.0,100.0,100.0,100.0,100.34,100.0,100.0,100.0,100.0,99.49,100.4,100.0,100.0,99.8
02.206,Periferik uskunalar va ularning sarflash komponentlari,Периферийное оборудование и его расходные компоненты,Peripheral equipment and its consumables,Периферик ускуналар ва уларнинг сарфлаш компонентлари,100.3,100.0,100.0,100.02,100.0,100.0,100.0,100.12,100.47,101.39,100.69,100.24,100.23,101.21,100.0,100.0,100.0,100.0,99.92,100.03,99.99,99.77,99.93,100.16,100.3,100.2,99.8,100.1
02.207,Televizor,Телевизор,TV,Телевизор,100.0,98.17,100.5,100.0,100.0,100.0,99.78,100.59,100.28,100.99,100.17,100.0,99.69,100.21,99.81,99.59,100.0,100.0,100.71,101.11,100.47,99.98,100.06,100.89,100.9,101.0,100.0,99.4
02.208,"Boshqa ovoz va tasvirlarni qabul qilish, yozib olish va aks ettirish uchun uskunalar","Прочее оборудование для приема, записи и воспроизведения звука и изображений","Other equipment for receiving, recording and reproducing sound and images","Бошқа овоз ва тасвирларни қабул қилиш, ёзиб олиш ва акс эттириш учун ускуналар",100.34,100.9,100.0,100.25,99.49,100.0,98.15,101.33,100.0,100.0,103.0,100.03,99.57,100.74,100.0,100.0,100.0,100.0,98.77,99.84,100.2,99.94,100.13,99.83,100.5,100.1,100.1,99.9
02.209,Yumshoq oʻyinchoqlar,Мягкие игрушки,Soft toys,Юмшоқ ўйинчоқлар,100.0,100.0,100.19,100.18,100.46,100.27,104.61,100.12,100.0,100.0,100.0,100.0,100.0,100.67,100.71,100.17,100.09,100.0,100.0,100.0,100.08,100.41,100.13,100.09,100.0,100.0,100.5,100.1
02.210,"Uch gʻildirakli velosipedlar, samokatlar, pedalli avtomobillar va shu kabi gʻildirakli oʻyinchoqlar","Трехколесные велосипеды, самокаты, педальные автомобили и аналогичные игрушки на колесах","Tricycles, scooters, pedal cars and similar wheeled toys","Уч ғилдиракли велосипедлар, самокатлар, педалли автомобиллар ва шу каби ғилдиракли ўйинчоқлар",100.22,100.0,100.0,100.23,100.0,100.0,100.0,100.0,100.5,101.98,100.29,100.0,100.0,100.64,100.23,100.26,100.22,100.14,100.0,100.0,100.03,98.86,100.0,100.0,100.0,100.3,100.1,100.0
02.211,"Bolalar uchun plastmassa oʻyinchoqlar, dona","Игрушки пластмассовые для детей, шт.","Plastic toys for children, pcs.","Болалар учун пластмасса ўйинчоқлар, дона",100.0,100.0,99.69,100.21,100.26,100.0,101.39,100.43,100.5,100.23,100.62,100.0,100.0,101.79,100.0,100.69,100.2,100.03,100.0,100.0,100.0,100.0,100.0,100.15,100.0,99.9,100.3,100.0
02.212,Sport uchun jihozlar,Оборудование для спорта,Sports equipment,Спорт учун жиҳозлар,100.0,100.0,100.0,100.13,100.34,100.0,100.92,100.24,100.34,100.0,102.88,100.3,100.0,101.96,100.53,100.0,100.0,100.13,100.0,100.19,100.0,100.19,100.0,100.85,100.0,100.4,100.2,99.6
02.213,Ryukzaklar,Рюкзаки,Backpacks,Рюкзаклар,100.29,100.47,100.0,100.0,100.16,100.3,101.0,100.34,100.26,100.18,100.62,100.0,100.0,100.13,100.51,100.51,100.0,100.15,100.0,100.14,100.0,100.21,100.0,100.29,99.7,100.3,100.0,100.0
02.214,Gul tuvaklar,Горшки для цветов,Flower pots,Гул туваклар,100.0,100.0,100.0,98.38,100.0,99.64,101.15,101.81,100.6,101.48,103.33,100.0,100.55,100.55,100.0,100.0,100.0,100.0,100.0,100.0,100.0,100.0,100.0,101.4,100.2,100.2,100.6,100.0
02.215,Tabiiy gullar,Живые  цветы,Fresh flowers,Табиий гуллар,101.82,100.0,100.0,100.78,98.51,100.0,99.08,103.14,100.0,102.92,101.33,100.0,100.0,102.64,102.0,96.57,100.0,99.27,100.0,100.0,100.0,100.93,100.0,100.76,100.9,101.2,103.8,100.5
02.216,Kitob (sanalganda 300 v. atrofida),Книга (в пересчёте около 300 стр.),Book (in terms of about 300 pages),Китоб (саналганда 300 в. атрофида),100.0,100.0,100.0,100.0,100.0,100.0,104.15,100.0,104.56,100.0,97.99,100.0,100.0,100.38,100.0,100.0,100.0,100.28,100.49,100.0,100.0,100.0,100.0,100.0,100.2,100.0,100.0,100.0
02.217,Har hafta chiqadigan gazetalar (chakana sotuvda),Еженедельная газета (в розницу),Weekly newspaper (retail),Ҳар ҳафта чиқадиган газеталар (чакана сотувда),124.75,100.0,100.0,100.0,100.0,100.0,100.0,100.0,100.0,100.0,100.0,100.0,115.29,100.0,100.0,100.0,100.0,100.0,100.0,100.0,100.0,100.0,100.0,100.0,117.4,100.0,100.0,100.0
02.218,Har oy chiqadigan jurnallar (chakana sotuvda),Ежемесячный журнал (в розницу),Monthly magazine (retail),Ҳар ой чиқадиган журналлар (чакана сотувда),126.7,100.0,100.0,100.0,100.0,100.0,100.0,100.0,100.0,100.0,100.0,100.0,115.25,100.0,100.0,100.0,100.0,100.0,100.0,100.0,100.0,100.0,100.0,100.0,0.0,0.0,0.0,0.0
02.219,Maktab daftari,Тетрадь школьная,School notebook,Мактаб дафтари,100.0,99.62,100.4,99.83,95.47,100.92,97.81,97.79,100.67,99.25,99.05,100.0,100.59,99.87,99.59,100.0,100.35,101.02,99.65,100.3,100.29,100.0,100.53,99.8,100.5,100.0,100.2,100.0
02.220,A4 formatdagi qogʻoz,Бумага формата А4,A4 paper,А4 форматдаги қоғоз,99.29,99.74,99.09,99.21,92.18,99.66,98.73,99.65,99.55,98.52,96.71,100.0,100.17,100.16,98.44,100.45,99.77,99.31,100.0,100.0,100.16,100.0,100.0,100.55,99.7,100.2,100.0,100.0
02.221,Rasm daftari,Альбомы для рисования,Sketchbooks,Расм дафтари,100.0,102.24,100.0,100.0,98.3,101.19,100.0,99.14,101.49,100.74,97.0,100.43,101.03,102.36,100.43,100.0,98.0,99.34,100.0,100.0,100.0,100.0,100.0,100.0,100.0,100.0,100.0,100.0
02.222,Sharikli ruchka,Ручка шариковая,Ballpoint pen,Шарикли ручка,99.95,99.62,100.0,100.0,100.0,100.0,98.93,104.94,100.0,100.0,100.0,100.0,100.0,100.51,100.0,100.0,100.0,100.12,100.33,101.27,100.0,100.0,100.62,100.0,100.0,101.8,100.0,100.0
02.223,Rangli qalamlar,Карандаши цветные,Colored pencils,Рангли қаламлар,100.0,99.69,100.0,100.5,100.0,100.0,100.0,100.5,100.0,100.0,101.54,101.25,100.6,99.19,101.07,97.87,101.51,99.89,100.48,101.0,100.0,99.92,100.0,100.15,100.4,100.3,100.0,100.2
02.224,Flomasterlar toʻplami,Набор фломастеров,Felt-tip pen set,Фломастерлар тўплами,100.0,100.0,100.0,99.47,99.39,100.0,102.24,101.23,100.0,100.4,100.0,100.0,100.0,100.86,101.31,100.26,98.0,100.0,100.75,101.15,100.0,99.63,100.0,100.4,100.0,100.0,100.0,100.2
02.225,Rassomlar uchun boʻyoqlar,Художественные краски,Art paints,Рассомлар учун бўёқлар,100.0,100.0,100.0,100.22,100.29,100.0,100.0,100.0,100.0,99.27,101.85,100.65,100.0,99.58,99.59,100.0,100.89,100.0,100.0,100.89,100.0,100.0,100.0,100.66,100.2,99.8,100.0,100.1
02.226,"Daftarlar, kitoblar, hujjatlar uchun muqova (jild)","Обложки для тетрадей, книг, документов","Covers for notebooks, books, documents","Дафтарлар, китоблар, ҳужжатлар учун муқова (жилд)",100.47,100.0,103.6,100.82,101.7,100.7,100.83,100.0,102.45,100.0,96.99,100.0,101.54,102.6,100.0,100.0,97.99,100.0,100.0,100.54,100.0,100.0,100.0,100.48,100.0,100.0,101.2,100.0
02.227,Yelim,Клей,Glue,Елим,100.0,99.51,99.19,100.0,100.0,100.0,100.0,101.19,100.0,100.0,103.21,100.0,100.0,100.46,100.0,100.0,100.0,100.0,100.0,100.0,100.0,100.0,100.0,101.24,100.0,100.0,100.0,100.0
02.228,Fenlar,Фены,Hair dryers,Фенлар,100.27,100.0,100.07,100.0,100.27,100.0,101.06,100.18,100.0,100.0,100.18,100.24,100.39,101.75,100.18,100.6,100.01,100.04,100.0,100.08,100.05,100.0,100.03,100.0,100.1,100.0,100.0,100.1
02.229,"Ustara, soqol olish uchun lezviya","Бритвенные станки, лезвия для бритья","Razors, razor blades","Устара, соқол олиш учун лезвия",100.42,100.0,100.0,99.93,100.71,100.0,101.83,100.6,100.69,101.79,100.68,100.18,100.67,102.01,100.19,100.48,99.0,100.08,100.74,100.66,100.16,100.22,99.11,100.9,100.1,100.7,100.1,99.9
02.230,Tish choʻtkalari,Зубные щетки,Toothbrushes,Тиш чўткалари,100.27,99.94,100.23,100.0,99.1,100.0,100.0,101.84,101.01,100.3,103.14,100.0,100.1,103.87,100.47,101.17,100.87,100.0,102.37,99.03,100.19,99.84,99.69,99.16,100.8,100.0,100.4,100.9
02.231,Tish pastalari,Зубная паста,Toothpaste,Тиш пасталари,100.31,100.22,100.13,100.0,100.29,100.2,102.42,100.78,100.29,100.13,101.38,101.71,100.33,103.21,100.17,100.55,99.97,99.0,101.74,100.54,101.26,99.89,100.56,99.33,100.0,100.9,101.2,100.2
02.232,Tualet qogʻozi,Туалетная бумага,Toilet paper,Туалет қоғози,100.0,99.87,101.98,100.0,101.53,100.56,99.79,100.0,100.0,100.56,101.42,100.3,99.66,100.66,100.0,100.23,100.91,100.46,99.6,100.73,101.52,100.71,100.31,99.55,100.2,100.3,100.7,100.0
02.233,Soch uchun shampunlar,Шампуни для волос,Hair shampoos,Соч учун шампунлар,98.48,100.0,100.54,100.04,100.08,98.9,100.44,101.12,101.79,100.37,101.0,100.03,100.12,100.0,100.0,99.77,100.99,100.81,99.53,99.27,100.7,100.5,100.45,100.98,99.7,100.4,100.3,102.9
02.234,Soch uchun boʻyoqlar,Краска для волос,Hair dye,Соч учун бўёқлар,100.35,100.0,101.24,100.0,98.93,100.88,100.31,99.86,100.67,100.17,100.72,100.43,100.43,101.12,101.02,100.22,100.25,99.3,101.72,100.04,100.18,100.66,100.04,100.0,101.1,99.7,101.3,99.9
02.235,Atir sovun,Мыло туалетное,Toilet soap,Атир совун,100.15,99.68,101.58,99.82,102.48,100.44,99.22,102.48,100.05,101.77,100.39,102.97,101.35,103.38,101.17,100.53,100.15,100.0,100.01,100.21,100.0,101.92,99.71,99.67,101.0,99.7,100.5,100.5
02.236,"Soqol olish uchun koʻpik, krem, gel","Пена, крем, гель для бритья","Foam, cream, shaving gel","Соқол олиш учун кўпик, крем, гель",99.79,100.15,99.8,100.0,100.42,100.29,99.63,100.0,101.75,98.1,100.0,101.11,99.63,100.24,98.82,99.61,100.98,100.85,100.04,100.09,100.0,100.62,100.21,99.32,99.7,100.0,100.7,100.5
02.237,"Atir, pardoz suvi, odekolon","Духи, туалетная вода, одеколон","Perfume, eau de toilette, cologne","Атир, пардоз суви, одеколон",100.14,100.0,100.0,100.0,100.0,100.0,101.93,100.43,100.66,101.03,99.8,102.46,100.8,102.1,99.61,100.35,100.0,100.38,99.61,100.2,99.31,100.1,99.75,100.0,100.5,100.3,100.8,100.0
02.238,Dezodorant,Дезодорант,Deodorant,Дезодорант,101.51,99.85,100.26,100.33,100.68,100.37,100.91,99.07,100.26,100.81,99.84,99.73,99.48,101.2,100.17,102.5,100.61,100.22,99.45,100.99,100.29,99.8,101.22,99.81,99.4,101.0,99.8,100.6
02.239,Upa,Пудра,Powder,Упа,100.21,100.0,99.98,100.0,100.0,100.0,100.0,100.0,100.0,100.74,102.33,100.0,100.0,98.49,100.24,100.0,102.54,100.0,100.06,100.0,100.0,100.0,100.0,100.0,100.0,100.1,100.1,100.0
02.240,Lab boʻyogʻi,Губная помада,Lipstick,Лаб бўёғи,100.0,100.0,100.0,100.02,100.0,100.0,100.0,100.0,100.36,101.61,100.45,101.2,100.68,98.57,101.12,100.0,100.0,100.08,100.0,100.0,100.0,101.07,101.15,100.0,100.1,100.4,100.3,100.0
02.240.1,Ayollar prokladkalari va tamponlari,Женские прокладки и тампоны,Women’s sanitary pads and tampons,Аёллар прокладкалари ва тампонлари,0.0,0.0,0.0,0.0,0.0,0.0,0.0,0.0,0.0,0.0,0.0,0.0,0.0,0.0,0.0,0.0,0.0,0.0,0.0,0.0,0.0,0.0,0.0,0.0,99.7,100.4,100.3,101.6
02.241,Bolalar uchun tagliklar,Детские подгузники,Children's diapers,Болалар учун тагликлар,100.43,100.18,100.35,100.0,100.57,101.75,101.22,100.17,100.46,100.77,100.48,100.23,100.26,98.72,101.78,102.4,100.56,100.17,98.87,100.2,100.29,100.92,100.33,100.21,100.2,100.7,99.7,100.3
02.242,Qoʻl va yuz uchun kremlar,Крем для рук и лица,Hand and face cream,Қўл ва юз учун кремлар,100.38,100.07,100.05,100.19,99.35,100.0,100.64,101.3,101.27,100.23,100.27,100.01,100.0,100.31,100.92,100.0,100.54,100.06,99.28,100.0,99.07,100.84,100.68,100.77,100.0,100.4,101.1,99.8
02.242.1,"Boshqa toifalarga kiritilmagan shaxsiy foydalanish uchun boshqa asboblar, buyumlar va tovarlar","Прочие приборы, изделия и товары личного пользования, не отнесенные к другим категориям","Other personal devices, products, and goods not elsewhere classified","Бошқа тоифаларга киритилмаган шахсий фойдаланиш учун бошқа асбоблар, буюмлар ва товарлар",0.0,0.0,0.0,0.0,0.0,0.0,0.0,0.0,0.0,0.0,0.0,0.0,0.0,0.0,0.0,0.0,0.0,0.0,0.0,0.0,0.0,0.0,0.0,0.0,100.0,99.8,100.0,101.0
02.243,"Qoʻl soatlari, choʻntak soatlari va sekundomerlar","Наручные, карманные часы и  секундомеры","Wristwatches, pocket watches and stopwatches","Қўл соатлари, чўнтак соатлари ва секундомерлар",100.91,100.0,101.05,100.04,100.0,100.0,100.94,100.0,100.28,100.5,100.0,100.93,100.0,103.08,100.35,100.26,99.0,100.05,100.0,100.12,100.03,100.0,100.0,99.36,100.3,100.4,100.0,99.6
02.244,Qimmatbaho metallardan yasalgan nikoh uzuklari,Обручальные кольца из драгоценных металлов,Wedding rings made of precious metals,Қимматбаҳо металлардан ясалган никоҳ узуклари,100.34,100.86,101.7,100.46,101.43,101.28,101.52,102.57,104.94,103.7,106.28,101.2,103.85,101.35,104.24,105.67,101.64,100.08,100.0,100.0,100.79,106.33,102.1,100.91,107.7,102.3,100.2,100.5
02.245,Ayollar sumkalari,Сумка женская,Women's bag,Аёллар сумкалари,100.0,100.0,100.0,100.11,100.0,100.0,100.68,100.0,100.21,102.0,100.0,102.78,100.0,100.79,100.16,100.0,100.43,100.0,100.0,100.0,100.0,100.0,100.0,100.05,100.0,100.0,101.1,100.0
02.246,"Oʻquvchilar sumkalari, jumladan portfellar, raneslar, ryukzaklar","Сумки школьные, включая портфели, ранцы, рюкзаки","School bags, including briefcases, satchels, backpacks","Ўқувчилар сумкалари, жумладан портфеллар, ранецлар, рюкзаклар",100.0,100.0,100.42,100.0,100.0,100.0,100.23,100.0,100.52,100.0,103.21,100.0,100.0,100.0,100.0,100.01,100.12,100.04,100.0,100.37,100.0,100.0,100.98,100.0,99.9,100.0,100.0,100.0
02.247,Chemodanlar va yoʻl sumkalari,Чемоданы и дорожные сумки,Suitcases and travel bags,Чемоданлар ва йўл сумкалари,100.39,100.0,100.0,99.59,100.0,100.0,100.19,100.0,100.0,101.99,100.52,100.0,100.0,101.24,100.0,100.11,100.27,100.23,100.0,100.0,100.0,100.0,100.0,100.11,100.0,100.1,100.0,100.0
02.248,Bolalar aravachalari,Коляска детская,Children's stroller,Болалар аравачалари,100.0,100.0,100.0,101.25,100.36,100.0,100.81,100.15,100.09,100.04,100.5,100.23,100.29,100.74,100.14,100.0,100.65,100.0,100.0,100.0,100.0,100.13,100.0,100.0,100.2,100.2,100.1,100.1
02.249,Quyoshdan saqlaydigan koʻzoynaklar,Солнцезащитные очки,Sunglasses,Қуёшдан сақлайдиган кўзойнаклар,100.08,100.0,100.0,100.0,100.27,100.0,102.16,100.0,100.0,100.0,100.0,100.0,100.0,100.25,100.0,100.18,100.87,100.25,100.0,100.03,100.0,100.0,100.0,100.0,100.0,100.0,100.0,100.2
02.250,Yomgʻirdan va quyoshdan saqlovchi soyabonlar,Зонты от дождя и солнца,Umbrellas from rain and sun,Ёмғирдан ва қуёшдан сақловчи соябонлар,100.89,100.0,100.61,100.0,100.0,100.0,101.57,100.0,100.47,100.0,100.0,101.18,100.0,100.52,101.15,100.0,100.0,100.35,100.0,100.0,100.0,100.0,100.0,100.0,100.0,100.0,100.2,100.0
1.04,XIZMATLAR,УСЛУГИ,SERVICES,ХИЗМАТЛАР,100.53,100.61,100.35,100.98,116.21,102.53,100.61,100.73,101.68,100.77,100.18,100.26,100.91,100.7,100.55,100.52,106.73,102.12,100.13,100.27,100.18,100.07,100.13,101.27,100.7,100.3,100.1,100.4
03.1,Kimyoviy tozalash xizmatlari,Химчистка,Dry cleaning,Кимёвий тозалаш хизматлари,100.0,101.25,100.0,100.0,101.01,100.0,102.92,100.0,100.36,101.03,100.0,100.0,104.27,100.32,100.79,100.0,100.0,100.56,100.0,100.26,100.2,100.29,100.0,100.0,100.0,100.0,100.0,100.0
03.2,Kiyim tikish,Пошив одежды,Clothing tailoring,Кийим тикиш,100.0,100.29,100.61,100.0,100.0,100.12,101.74,100.0,102.18,102.49,100.0,101.26,101.7,102.14,100.91,100.0,100.37,100.0,100.0,100.0,100.0,100.0,100.46,100.0,100.0,101.4,100.4,100.4
03.3,Kiyimlarni taʼmirlash,Ремонт одежды,Clothing repair,Кийимларни таъмирлаш,100.0,100.0,100.0,100.0,100.0,100.48,101.79,100.0,102.09,103.59,100.0,101.55,101.89,101.74,100.56,100.52,102.26,100.0,100.0,100.0,100.0,102.08,100.0,100.0,100.0,100.0,101.1,101.6
03.4,Kiyimlarni ijaraga berish,Прокат одежды,Clothing rental,Кийимларни ижарага бериш,100.74,100.74,100.0,100.34,100.4,100.66,102.64,100.0,101.21,101.75,100.5,101.38,100.98,101.41,100.34,100.0,100.76,100.0,100.0,100.0,101.39,100.0,100.0,100.87,100.1,100.0,100.0,100.3
03.5,Poyafzal taʼmirlash,Ремонт обуви,Shoe repair,Пояфзал таъмирлаш,100.6,100.0,100.0,100.0,100.0,100.55,100.26,102.33,101.61,100.0,100.0,103.0,101.29,100.0,99.88,100.0,100.0,100.0,100.0,100.0,100.97,100.0,101.61,100.64,100.0,100.9,100.0,100.9
03.6,Kvartirani ijaraga olgan shaxslar tomonidan asosiy turar joy uchun toʻlanadigan amaldagi ijara xaqi,"Фактическая арендная плата, выплачиваемая квартиросъемщиками за основное место жительства",Actual rent paid by tenants for their primary residence,Квартирани ижарага олган шахслар томонидан асосий турар жой учун тўланадиган амалдаги ижара хақи,100.0,100.0,103.18,100.0,100.0,100.0,100.0,100.0,103.34,101.68,100.0,101.82,100.0,100.93,100.28,100.87,100.0,100.0,100.0,100.0,100.0,100.0,100.0,101.32,100.0,100.0,100.0,101.2
03.7,Slesarlar va santexniklarning xizmatlari,"Услуги слесарей, сантехников","Mechanics, plumbers",Слесарлар ва сантехникларнинг хизматлари,100.62,100.0,100.56,100.51,100.0,100.23,101.18,100.21,102.22,100.85,102.17,100.0,100.0,100.0,101.71,100.0,100.83,100.0,100.0,100.0,100.0,100.0,100.82,100.0,100.8,100.0,100.8,101.0
03.8,Elektriklarning xizmatlari,Услуги электриков,Electricians,Электрикларнинг хизматлари,103.44,101.34,100.95,104.59,100.0,100.0,100.7,100.0,101.24,100.0,100.0,100.0,100.58,104.2,102.13,100.0,101.32,100.0,100.0,100.0,100.0,100.0,100.0,100.3,100.0,101.3,100.9,100.4
03.9,Boʻyash ishlari,Малярные работы,Painting,Бўяш ишлари,101.94,101.1,100.0,100.87,100.21,100.0,101.45,100.0,100.64,102.06,101.5,100.0,100.89,100.51,100.94,100.19,100.09,100.0,100.0,100.0,100.34,101.53,100.12,100.66,100.2,100.0,102.1,100.1
03.10,Sovuq suv va kanalizatsiya uchun haq toʻlash,Холодное водоснабжение и канализация,Cold water supply and sewerage fee,Совуқ сув ва канализация учун ҳақ тўлаш,97.75,100.0,100.0,112.0,100.0,119.54,100.0,100.0,100.0,100.0,100.0,100.0,100.0,100.0,100.0,100.0,100.0,122.12,100.0,100.0,100.0,100.0,100.0,100.0,100.0,100.0,100.0,100.0
03.11,Maishiy chiqindi uchun haq toʻlash,Плата за вывоз мусора,Garbage collection fee,Маиший чиқинди учун ҳақ тўлаш,100.0,100.0,100.0,112.0,100.0,170.73,100.0,100.0,100.0,100.0,100.0,100.0,100.0,100.0,100.0,100.0,100.0,100.0,100.0,100.0,100.0,100.0,100.0,137.16,103.2,100.0,100.0,100.0
03.12,Koʻp xonadonli uylarda koʻrsatilgan xizmatlarga xaq toʻlash,Плата за обслуживание в многоквартирных домах,Service fee in apartment buildings,Кўп хонадонли уйларда кўрсатилган хизматларга хақ тўлаш,100.0,100.0,100.0,100.0,100.0,100.0,100.0,100.0,100.0,100.0,100.0,100.0,100.0,100.0,100.0,100.0,100.0,100.0,100.0,111.37,100.0,100.0,100.0,100.0,100.0,100.0,100.0,100.0
03.13,Elektr energiyasi uchun haq toʻlash,Плата за электроэнергию,Electricity fee,Электр энергияси учун ҳақ тўлаш,100.0,100.0,100.0,100.0,167.01,100.0,100.0,100.0,100.0,100.0,100.0,100.0,100.0,100.0,100.0,100.0,118.81,100.0,100.0,100.0,100.0,100.0,100.0,100.0,100.0,100.0,100.0,100.0
03.14,Tarmoq gaz uchun haq toʻlash,Плата за газ сетевой,Network gas fee,Тармоқ газ учун ҳақ тўлаш,100.0,100.0,100.0,100.0,228.95,100.0,100.0,100.0,100.0,100.0,100.0,100.0,100.0,100.0,100.0,100.0,139.15,100.0,100.0,100.0,100.0,100.0,100.0,100.0,100.0,100.0,100.0,100.0
03.15,Suyultirilgan gaz uchun haq toʻlash,Плата за газ сжиженный,Liquefied gas fee,Суюлтирилган газ учун ҳақ тўлаш,100.0,100.0,100.0,100.0,142.86,100.0,100.0,100.0,100.0,100.0,100.0,100.0,100.0,100.0,100.0,100.0,125.0,100.0,100.0,100.0,100.0,100.0,100.0,100.0,100.0,100.0,100.0,100.0
03.16,Issiq suv taʼminoti uchun xaq toʻlash,Оплата снабжения горячей водой,Hot water supply fee,Иссиқ сув таъминоти учун хақ тўлаш,100.0,100.0,100.0,112.0,100.0,100.0,100.0,115.0,100.0,100.0,100.0,100.0,100.0,100.0,100.0,100.0,100.0,100.0,100.0,100.0,100.0,100.0,100.0,100.0,100.0,100.0,100.0,100.0
03.17,Markaziy isitish uchun haq toʻlash,Оплата центрального отопления,Central heating fee,Марказий иситиш учун ҳақ тўлаш,100.0,100.0,100.0,112.0,100.0,100.0,100.0,115.0,100.0,100.0,100.0,100.0,100.0,100.0,100.0,100.0,100.0,100.0,100.0,100.0,100.0,100.0,100.0,100.0,100.0,100.0,100.0,100.0
03.18,"Mebellarni, uy-roʻzgʻor asboblarini va tukli gilamlarni taʼmirlash va oʻrnatish","Ремонт и установка мебели, предметов домашнего обихода и ворсовых ковров","Repair and installation of furniture, household items and pile carpets","Мебелларни, уй-рўзғор асбобларини ва тукли гиламларни таъмирлаш ва ўрнатиш",100.0,100.0,100.0,100.35,100.72,100.0,101.76,100.34,100.33,102.96,101.05,100.0,100.0,100.0,100.81,100.0,100.0,100.19,100.0,100.0,101.62,100.0,100.0,100.47,101.3,101.0,102.1,100.0
03.18.1,"Mebellarni, uy-roʻzgʻor asboblarini va tukli gilamlarni ijaraga berish","Прокат мебели, предметов домашнего обихода и ворсовых ковров","Furniture, household goods, and pile carpet rental services","Мебелларни, уй-рўзғор асбобларини ва тукли гиламларни ижарага бериш",0.0,0.0,0.0,0.0,0.0,0.0,0.0,0.0,0.0,0.0,0.0,0.0,0.0,0.0,0.0,0.0,0.0,0.0,0.0,0.0,0.0,0.0,0.0,0.0,100.0,100.0,100.0,100.0
03.19,Uy xoʻjaliklarida ishlatiladigan toʻqimachilik mahsulotlarini tikish boʻyicha xizmatlar,"Услуги по пошиву текстильных изделий, используемых в домашнем хозяйстве",Tailoring services for textiles used in the household,Уй хўжаликларида ишлатиладиган тўқимачилик маҳсулотларини тикиш бўйича хизматлар,100.91,100.0,100.0,100.0,100.0,100.0,100.0,100.79,103.4,100.64,101.5,101.93,101.17,102.77,102.87,100.0,100.0,100.0,100.0,100.0,100.0,100.46,100.0,100.7,100.0,100.2,100.4,100.2
03.20,Maishiy priborlarni taʼmirlash va oʻrnatish,Ремонт и установка бытовых приборов,Repair and installation of household appliances,Маиший приборларни таъмирлаш ва ўрнатиш,101.53,100.73,100.0,100.67,100.0,100.0,101.17,100.0,100.0,102.67,105.24,100.68,100.0,100.76,101.68,100.37,101.26,100.24,100.36,101.04,100.0,100.0,100.0,100.0,100.0,100.0,100.0,100.3
03.21,Maishiy priborlarni ijaraga berish,Прокат бытовых приборов,Home appliance rental,Маиший приборларни ижарага бериш,106.26,102.02,102.67,102.41,100.0,100.0,103.79,103.93,100.0,100.0,102.41,100.0,100.0,101.74,100.0,100.0,100.0,100.0,100.0,100.0,100.0,100.0,100.26,100.0,0.0,0.0,0.0,0.0
03.22,Gilamlar va gilam mahsulotlarini yuvish va tozalash boʻyicha xizmatlar,Услуги по стирке и чистке ковров и ковровых изделий,Carpet and rug washing and cleaning services,Гиламлар ва гилам маҳсулотларини ювиш ва тозалаш бўйича хизматлар,101.34,101.24,100.0,101.92,100.0,100.0,101.76,101.61,103.13,101.49,100.0,100.0,104.56,100.0,100.0,105.49,100.0,100.0,100.0,100.0,100.0,100.0,102.9,102.99,100.0,100.7,100.7,103.3
03.23,Dezinfeksiyalash va zararkunandalarni yoʻqotish boʻyicha xizmatlar,Услуги по дезинфекции и уничтожению вредителей,Disinfection and pest control services,Дезинфекциялаш ва зараркунандаларни йўқотиш бўйича хизматлар,100.0,100.0,115.64,100.0,100.0,106.43,100.0,100.0,100.0,100.0,100.0,100.0,100.0,100.0,100.0,102.16,100.0,100.0,100.0,100.0,100.0,100.0,100.0,100.0,100.0,100.0,100.0,100.0
03.24,Immunizatsiya boʻyicha xizmatlar,Услуги по иммунизации,Immunization services,Иммунизация бўйича хизматлар,100.0,100.0,100.0,100.0,100.0,100.0,100.0,100.0,101.27,100.0,106.07,100.0,101.61,100.0,100.0,100.0,100.0,100.0,100.0,100.0,100.0,100.0,100.0,100.0,100.0,100.0,100.0,100.0
03.25,Davolovchi massaj,Лечебный массаж,Massage therapy,Даволовчи массаж,100.0,100.0,100.0,100.0,103.66,100.0,109.05,100.0,100.0,100.0,100.0,100.0,100.0,100.0,100.0,100.0,102.68,100.0,100.0,100.0,100.0,100.0,100.0,100.0,100.0,100.0,100.0,104.3
03.26,Stomatologik profilaktik xizmatlar,Стоматологические профилактические услуги,Dental preventive services,Стоматологик профилактик хизматлар,100.79,100.0,100.0,100.0,100.0,100.0,100.0,101.87,101.22,103.02,100.0,101.5,104.19,100.0,100.0,100.0,102.25,100.0,100.0,100.0,100.0,100.0,100.0,100.0,100.0,100.0,100.0,102.1
03.27,Ambulatoriyada davolash va reabilitatsiya xizmatlari,Амбулаторные лечебные и реабилитационные услуги,Outpatient treatment and rehabilitation services,Амбулаторияда даволаш ва реабилитация хизматлари,100.0,100.0,100.0,100.0,100.0,100.0,113.79,100.0,100.0,100.0,100.0,100.0,100.0,100.0,100.0,100.0,100.0,100.0,100.0,100.0,100.0,103.24,100.0,101.81,100.0,100.0,100.0,100.0
03.28,Statsionar davolash va reabilitatsiya xizmatlari,Стационарные лечебные и реабилитационные услуги,Inpatient treatment and rehabilitation services,Стационар даволаш ва реабилитация хизматлари,100.0,100.0,103.01,100.0,103.25,100.0,100.0,100.0,100.0,100.0,100.0,100.0,100.0,100.0,100.0,100.0,103.85,100.0,100.0,100.0,100.0,100.0,100.0,100.0,100.0,100.0,100.0,102.1
03.29,Tibbiyot laboratoriyalari xizmatlari,Услуги медицинских лабораторий,Medical laboratory services,Тиббиёт лабораториялари хизматлари,100.0,100.0,102.37,100.0,104.22,100.0,111.22,100.0,100.0,100.0,100.0,100.0,100.0,100.0,100.0,108.86,109.47,100.0,100.0,100.0,100.0,100.0,100.0,100.0,100.0,100.0,100.0,100.0
03.30,Diagnostika vizualizatsiyasi xizmatlari,Услуги по диагностической визуализации,Diagnostic imaging services,Диагностика визуализацияси хизматлари,100.0,100.0,101.4,100.0,100.0,100.0,100.41,100.0,100.0,105.74,100.0,100.0,100.0,100.0,100.0,100.0,102.66,100.0,100.0,100.0,100.0,100.0,100.0,100.0,100.0,100.0,101.0,102.7
03.31,Shaxsiy transport vositalarini yuvish boʻyicha xizmatlar,Услуги по мойке личных транспортных средств,Personal vehicle wash services,Шахсий транспорт воситаларини ювиш бўйича хизматлар,100.0,100.0,100.0,100.0,100.0,100.72,100.0,101.94,101.29,104.05,102.4,101.87,101.78,100.0,100.84,100.0,100.0,100.0,100.0,100.0,100.0,100.0,101.0,101.55,100.0,101.0,101.4,100.0
03.32,Shaxsiy transport vositalariga texnik xizmat koʻrsatish va taʼmirlash,Техническое обслуживание и ремонт личных транспортных средств,Personal vehicle maintenance and repair,Шахсий транспорт воситаларига техник хизмат кўрсатиш ва таъмирлаш,104.2,100.0,100.0,100.0,100.0,100.0,101.29,100.0,104.59,101.06,100.0,101.87,100.0,100.0,100.0,101.7,100.0,100.0,101.12,100.0,100.0,100.0,100.49,100.0,100.8,100.0,100.0,100.7
03.33,Avtomobil toʻxtash joylari xizmatlari,Услуги по парковке,Parking services,Автомобил тўхташ жойлари хизматлари,100.0,100.0,100.0,119.42,100.0,100.0,100.0,100.0,100.0,100.0,100.0,100.0,100.0,100.0,100.0,100.0,100.0,100.0,100.0,100.0,100.0,100.0,100.0,100.0,100.0,100.0,100.0,100.0
03.34,"Avtomobil boshqarish darslari, avtomobil boshqarish boʻyicha imtihonlar, haydovchilik guvohnomasini olish va  yoʻllarning yaroqliligini tekshirish","Курсы по подготовке водителей, уроки вождения, экзамены по вождению, получение водительских прав","Driver training courses, driving lessons, driving exams, and obtaining a driver’s license","Автомобиль бошқариш дарслари, автомобиль бошқариш бўйича имтиҳонлар, ҳайдовчилик гувоҳномасини олиш ва  йўлларнинг яроқлилигини текшириш",100.0,100.0,100.0,100.0,100.0,100.0,100.0,133.49,100.0,110.11,100.0,100.0,100.0,108.94,100.0,100.0,100.0,100.0,100.0,100.0,100.0,100.0,100.0,100.0,104.2,100.0,100.0,100.0
03.34.1,Shaxsiy transport vositalarini haydovchisiz ijaraga berish,Прокат личных транспортных средств без водителя (аренда автомобиля),Self-drive rental of personal vehicles (car rental),Шахсий транспорт воситаларини ҳайдовчисиз ижарага бериш,0.0,0.0,0.0,0.0,0.0,0.0,0.0,0.0,0.0,0.0,0.0,0.0,0.0,0.0,0.0,0.0,0.0,0.0,0.0,0.0,0.0,0.0,0.0,0.0,100.0,100.0,100.0,100.0
03.34.2,Elektr samokatlar yoki elektr velosipedlar ijarasi (prokat),Аренда (прокат) электросамокатов или электровелосипедов,Electric scooter and electric bicycle rental services,Электр самокатлар ёки электр велосипедлар ижараси (прокат),0.0,0.0,0.0,0.0,0.0,0.0,0.0,0.0,0.0,0.0,0.0,0.0,0.0,0.0,0.0,0.0,0.0,0.0,0.0,0.0,0.0,0.0,0.0,0.0,100.0,100.0,100.0,100.0
03.35,Shahar atrofidagi poyezdda yoʻl haqi,Пpоезд в пpигоpодном поезде,Commuter train travel,Шаҳар атрофидаги поездда йўл ҳақи,0.0,0.0,0.0,0.0,0.0,0.0,0.0,0.0,0.0,0.0,0.0,0.0,100.0,103.93,100.0,100.0,100.0,100.0,100.0,100.0,101.77,100.0,100.0,193.37,100.0,100.0,100.0,100.0
03.36,Uzoq masofaga qatnaydigan poyezdda yoʻl haqi,Пpоезд в поезде дальнего следования,Travel by long-distance train,Узоқ масофага қатнайдиган поездда йўл ҳақи,100.61,99.39,103.61,100.52,102.73,102.64,102.49,100.45,100.48,100.16,99.46,100.36,98.31,107.7,100.75,101.22,100.19,100.52,100.06,99.8,98.93,99.75,99.81,100.32,99.5,114.0,99.5,101.4
03.37,Metroda yoʻl haqi,Пpоезд в метро,Travel by metro,Метрода йўл ҳақи,0.0,0.0,0.0,0.0,0.0,0.0,0.0,0.0,0.0,0.0,0.0,0.0,0.0,0.0,0.0,0.0,0.0,0.0,0.0,0.0,0.0,0.0,0.0,0.0,0.0,0.0,0.0,0.0
03.38,Tramvayda yoʻl haqi,Пpоезд в трамвай,Travel by tram,Трамвайда йўл ҳақи,0.0,0.0,0.0,0.0,0.0,0.0,0.0,0.0,0.0,0.0,0.0,0.0,0.0,0.0,0.0,0.0,0.0,0.0,0.0,0.0,0.0,0.0,0.0,0.0,0.0,0.0,0.0,0.0
03.39,Shaharlararo avtobusda yoʻl haqi va shu kabi tashishlar,Проезд в междугородном автобусе и аналогичные перевозки,Intercity bus transportation and similar services,Шаҳарлараро автобусда йўл ҳақи ва шу каби ташишлар,100.0,101.55,100.0,101.5,122.02,100.49,100.0,100.0,100.0,100.0,100.0,100.0,100.0,100.0,100.0,100.0,100.0,100.0,100.0,100.0,100.0,100.0,100.0,100.0,100.0,100.0,101.9,104.0
03.40,Shahar avtobusida yoʻl haqi,Пpоезд в гоpодском автобусе,Travel by city bus,Шаҳар автобусида йўл ҳақи,100.0,118.92,100.0,100.0,100.0,100.0,100.0,100.0,100.0,100.0,100.0,100.0,100.0,100.0,100.0,100.0,100.0,147.89,100.0,100.0,100.0,100.0,100.0,100.0,100.0,100.0,100.0,100.0
03.41,Trolleybusda yoʻl haqi,Пpоезд в троллейбусе,Travel by trolleybus,Троллейбусда йўл ҳақи,100.0,100.0,100.0,100.0,100.0,100.0,100.0,100.0,100.0,100.0,100.0,100.0,100.0,100.0,100.0,100.0,100.0,200.0,100.0,100.0,100.0,100.0,100.0,100.0,100.0,100.0,100.0,100.0
03.42,Yoʻnalishli taksida yoʻl haqi,Пpоезд в маршрутном такси,Travel by minibus,Йўналишли таксида йўл ҳақи,100.0,100.0,100.0,100.0,100.0,100.0,100.0,100.0,105.92,100.0,100.0,100.0,100.0,100.0,100.0,100.0,110.76,100.0,102.02,101.87,100.0,101.16,100.0,100.0,100.0,100.0,100.0,100.0
03.43,Taksida yoʻl haqi,Пpоезд в такси,Travel by taxi,Таксида йўл ҳақи,101.64,100.0,100.0,101.43,104.52,100.0,100.0,100.0,100.65,101.49,100.0,101.58,100.0,100.0,100.0,100.0,104.09,100.0,100.0,100.0,101.31,100.0,101.4,100.71,100.2,100.2,100.2,100.0
03.44,Ichki yoʻlovchi havo transporti,"Воздушный пассажирский транспорт, внутренний","Air passenger transport, domestic",Ички йўловчи ҳаво транспорти,100.54,98.95,101.75,98.82,101.05,102.12,100.56,100.72,100.5,99.82,97.73,100.18,99.11,168.63,103.86,104.91,88.63,100.67,100.98,98.99,99.11,96.67,98.88,101.95,98.5,104.4,95.9,102.3
03.45,Xalqaro yoʻlovchi havo transporti,"Воздушный пассажирский транспорт, международный","Air passenger transport, international",Халқаро йўловчи ҳаво транспорти,100.9,98.26,102.93,98.04,101.76,99.33,100.93,101.2,100.84,99.7,96.55,100.3,98.53,101.85,104.77,105.28,98.9,100.67,100.98,98.99,99.15,96.38,98.88,101.95,93.6,104.4,95.9,102.6
03.46,Kuryerlik xizmatlari va posilkalarni eltib berish boʻyicha xizmatlar,Курьерские услуги и услуги по доставке посылок,Courier services and parcel delivery services,Курьерлик хизматлари ва посилкаларни элтиб бериш бўйича хизматлар,100.0,100.0,100.0,105.84,100.0,103.77,100.0,100.0,100.0,100.0,100.0,100.0,106.93,100.0,100.0,100.0,102.51,100.0,106.55,100.0,100.0,100.0,101.32,100.0,100.0,100.0,100.0,100.0
03.47,Tashish (koʻchish) va saqlash boʻyicha xizmatlar,Услуги по перевозке (переезду) и хранению,Transportation (moving) and storage services,Ташиш (кўчиш) ва сақлаш бўйича хизматлар,103.56,101.21,102.28,101.0,100.51,100.46,100.0,100.45,101.5,101.02,101.41,101.6,101.3,104.18,100.94,100.0,101.29,100.0,100.0,101.41,101.36,100.0,100.0,100.37,100.0,100.7,100.4,100.0
03.48,Tayyor ovqatlarni yetkazib berish xizmati,Услуги по поставке готовой пищи,Services for the delivery of prepared food,Тайёр овқатларни етказиб бериш хизмати,103.53,100.0,100.0,100.0,100.0,100.0,102.27,100.0,100.0,111.11,100.0,100.0,100.0,100.0,100.0,100.0,100.0,100.0,105.0,100.0,100.0,100.0,100.0,100.0,103.1,100.0,102.9,100.0
03.49,Mustahkam oʻrnatilgan (turgʻun) aloqa xizmatlari uchun telefon abonent toʻlovi,Телефонная абонентская плата за услуги фиксированной (стационарной) связи,Telephone subscription fee for fixed (stationary) communication services,Мустаҳкам ўрнатилган (турғун) алоқа хизматлари учун телефон абонент тўлови,100.0,100.0,100.0,100.0,100.0,100.0,100.0,100.0,100.0,100.0,100.0,100.0,100.0,100.0,100.0,100.0,100.0,100.0,100.0,100.0,100.0,100.0,100.0,100.0,100.0,100.0,100.0,100.0
03.50,Mobil aloqa xizmatlari,Услуги мобильной связи,Mobile communication services,Мобил алоқа хизматлари,100.0,100.0,100.0,95.67,100.0,100.0,100.0,100.0,100.0,103.2,100.16,100.0,100.0,100.0,103.51,102.54,102.93,100.0,100.0,100.0,100.0,100.0,100.46,104.9,102.4,100.0,100.0,100.0
03.51,Internet tarmogʻidan foydalanish uchun abonent toʻlovi (simli),Абонентская плата за доступ к сети Интернет (проводной),Subscription fee for access to the Internet (wired),Интернет тармоғидан фойдаланиш учун абонент тўлови (симли),100.0,100.0,100.0,100.0,100.0,100.0,100.0,104.17,100.0,100.0,100.0,100.0,100.0,101.84,100.0,100.0,100.0,100.0,100.0,100.0,102.11,100.0,100.0,100.0,100.0,100.0,100.0,100.0
03.52,Mobil internet uchun toʻlov (oylik paketga kiritilganidan tashqari),Плата за покупку мобильного Интернета (сверх включенного в ежемесячный пакет),Fees for additional mobile Internet usage (beyond the included monthly package),Мобил интернет учун тўлов (ойлик пакетга киритилганидан ташқари),100.0,100.0,100.0,100.0,100.0,100.0,100.0,100.0,100.0,100.0,100.0,100.0,100.0,100.0,100.0,100.0,100.0,100.0,100.0,100.0,100.0,100.0,100.0,100.0,100.0,100.0,100.0,100.0
03.53,Kompleks telekommunikatsiya xizmatlari,Комплексные телекоммуникационные услуги,Comprehensive telecommunication services,Комплекс телекоммуникация хизматлари,100.0,100.0,100.0,100.0,100.0,100.0,100.0,100.0,102.9,100.0,100.0,100.0,100.0,100.0,100.0,100.0,100.0,100.0,100.0,100.0,100.0,100.0,100.0,100.0,100.0,100.0,100.0,100.0
03.54,Axborot va kommunikatsiya uskunalarini taʼmirlash,Ремонт информационного и коммуникационного оборудования,Repair of information and communication equipment,Ахборот ва коммуникация ускуналарини таъмирлаш,100.0,100.0,100.0,100.0,100.0,100.0,100.85,100.0,102.2,105.66,100.91,100.88,106.04,102.72,100.27,100.64,100.0,100.0,100.0,100.44,100.0,100.0,100.0,100.0,100.0,101.1,101.0,100.0
03.54.1,"Audiovizual tarkibiga obuna, audiovizual tarkibini uzluksiz uzatish va ijaraga berish boʻyicha xizmatlar","Подписка на аудиовизуальное содержание, услуги по поточной передаче и аренде аудиовизуального содержания","Subscriptions for audiovisual content, streaming, and audiovisual content rental services","Аудиовизуал таркибига обуна, аудиовизуал таркибини узлуксиз узатиш ва ижарага бериш бўйича хизматлар",0.0,0.0,0.0,0.0,0.0,0.0,0.0,0.0,0.0,0.0,0.0,0.0,0.0,0.0,0.0,0.0,0.0,0.0,0.0,0.0,0.0,0.0,0.0,0.0,99.8,100.9,99.5,100.2
03.54.2,"Boshqa toifalarga kiritilmagan, axborot va aloqa sohasidagi boshqa xizmatlar","Прочие услуги в области информации и связи, не включенные в другие категории",Other information and communication services not elsewhere classified,"Бошқа тоифаларга киритилмаган, ахборот ва алоқа соҳасидаги бошқа хизматлар",0.0,0.0,0.0,0.0,0.0,0.0,0.0,0.0,0.0,0.0,0.0,0.0,0.0,0.0,0.0,0.0,0.0,0.0,0.0,0.0,0.0,0.0,0.0,0.0,99.2,102.1,98.7,100.9
03.55,Video-fotosurat xizmatlari,Видео-фото съемка,Video and photo shooting,Видео-фотосурат хизматлари,100.0,100.0,100.0,101.36,100.0,104.46,100.42,100.62,100.0,100.0,100.0,100.35,100.0,100.93,100.0,100.97,100.57,100.65,100.0,100.0,100.0,100.0,100.0,100.42,100.0,101.3,100.0,100.4
03.56,Uy hayvonlari uchun veterinariya va boshqa xizmatlar,Ветеринарные и прочие услуги для домашних животных,Veterinary and other services for pets,Уй ҳайвонлари учун ветеринария ва бошқа хизматлар,100.0,100.0,100.0,100.0,100.0,100.0,100.0,100.0,100.0,110.29,100.0,100.0,100.0,100.0,100.0,100.0,100.0,100.0,100.0,109.87,100.0,100.0,100.0,100.0,100.0,100.0,100.0,100.0
03.57,Madaniyat va istirohat bogʻlari xizmatlari,Услуги парков культуры и отдыха,Services of culture and recreation parks,Маданият ва истироҳат боғлари хизматлари,100.0,100.0,100.0,104.66,100.0,100.0,100.0,100.0,103.36,100.0,100.0,100.0,100.0,100.0,100.0,100.0,100.0,100.0,100.97,100.0,101.77,100.0,100.0,100.0,100.0,100.0,100.0,100.0
03.57.1,Akvaparklar xizmatlari,Услуги аквапарков,Services of water parks,Аквапарклар хизматлари,0.0,0.0,0.0,0.0,0.0,0.0,0.0,0.0,0.0,0.0,0.0,0.0,0.0,0.0,0.0,0.0,0.0,0.0,0.0,0.0,0.0,0.0,0.0,0.0,100.0,100.0,100.0,100.0
03.58,Sport tadbirlarini tashkil etish boʻyicha xizmatlar,Услуги по организации спортивных мероприятий,Services for organizing sports events,Спорт тадбирларини ташкил этиш бўйича хизматлар,100.0,100.0,100.0,100.0,100.0,100.0,102.41,102.2,100.0,102.02,100.0,102.02,100.0,103.53,100.0,101.53,102.41,100.0,100.0,104.15,100.0,100.0,100.0,100.0,100.0,100.0,100.0,100.0
03.59,Kinoteatrlarning xizmatlari,Услуги предоставляемые кинотеатрами,Services provided by cinemas,Кинотеатрларнинг хизматлари,100.0,100.0,120.0,104.17,100.0,100.0,100.0,100.0,100.0,100.0,100.0,100.0,100.0,100.0,100.0,100.0,100.0,100.0,100.0,102.6,100.0,100.0,100.0,100.0,100.0,100.0,100.0,100.0
03.60,Teatrlarning xizmatlari,Услуги предоставляемые театрами,Services provided by theaters,Театрларнинг хизматлари,100.0,100.0,100.0,100.0,100.0,100.0,100.0,100.0,100.0,100.0,100.0,100.0,125.99,100.0,100.0,100.0,100.0,100.0,100.0,100.0,100.0,100.0,100.0,100.0,114.5,100.0,100.0,100.0
03.61,Konsert zallarining xizmatlari,Услуги предоставляемые концертными залами,Services provided by concert halls,Концерт залларининг хизматлари,0.0,0.0,0.0,0.0,0.0,0.0,0.0,0.0,0.0,0.0,0.0,0.0,100.0,100.0,100.0,100.0,100.0,100.0,100.0,100.0,100.0,100.0,100.0,100.0,100.0,100.0,100.0,100.0
03.62,Muzeylarning xizmatlari,Услуги предоставляемые музеями,Services provided by museums,Музейларнинг хизматлари,100.0,100.0,100.0,109.34,100.0,100.0,100.0,100.0,100.0,100.0,100.0,100.0,100.0,100.0,100.0,100.0,100.0,100.0,100.0,100.0,100.0,100.0,100.0,100.0,119.1,100.0,100.0,100.0
03.63,Hayvonot bogʻlarining xizmatlari,Услуги предоставляемые зоопарками,Services provided by zoos,Ҳайвонот боғларининг хизматлари,0.0,0.0,0.0,0.0,0.0,0.0,0.0,0.0,0.0,0.0,0.0,0.0,0.0,0.0,0.0,0.0,0.0,0.0,0.0,0.0,0.0,0.0,0.0,0.0,0.0,0.0,0.0,0.0
03.64,Fotografiya (suratga olish) sohasidagi xizmatlar,Услуги в области фотографии,Photography services,Фотография (суратга олиш) соҳасидаги хизматлар,100.0,102.99,102.67,100.0,103.4,100.0,100.0,100.0,100.0,104.66,100.0,100.0,102.99,100.0,102.67,100.0,100.0,100.0,102.41,100.0,100.0,101.87,100.0,100.0,100.0,100.0,100.8,101.8
03.65,Toʻy va boshqa tadbirlarni oʻtkazish uchun joy ijarasiga haq toʻlash,Плата за аренду помещения для проведения свадеб и других мероприятий,Rental fee for premises for weddings and other events,Тўй ва бошқа тадбирларни ўтказиш учун жой ижарасига ҳақ тўлаш,101.2,100.3,105.66,100.63,105.89,101.65,100.6,100.0,100.0,101.67,101.36,100.77,100.77,100.0,100.0,100.74,100.71,100.0,100.0,100.0,100.35,100.0,100.0,100.48,100.1,100.0,100.0,100.6
03.65.1,"Suratga olishni, musiqani, raqsni oʻrgatish, artistlikni oʻrgatish boʻyicha xizmatlar","Услуги обучения фотогафии, музыке, танцам, артистическое обучение","Training services in photography, music, dance, and performing arts","Суратга олишни, мусиқани, рақсни ўргатиш, артистликни ўргатиш бўйича хизматлар",0.0,0.0,0.0,0.0,0.0,0.0,0.0,0.0,0.0,0.0,0.0,0.0,0.0,0.0,0.0,0.0,0.0,0.0,0.0,0.0,0.0,0.0,0.0,0.0,100.0,100.0,100.0,100.0
03.66,Taklifnomalar va otkritkalar chop etish xizmatlari,Услуги по печати пригласительных и открыток,Invitation and postcard printing services,Таклифномалар ва откриткалар чоп этиш хизматлари,103.18,100.0,100.0,101.12,101.07,100.0,102.02,104.15,100.0,100.0,107.46,100.0,101.23,103.22,103.01,101.43,101.03,100.95,100.0,100.0,100.0,100.0,100.46,100.0,100.0,100.0,101.0,100.6
03.67,Turistik sayohat,Туристическая поездка,Tourist trip,Туристик саёҳат,100.0,100.0,100.0,100.0,100.0,100.0,100.0,100.0,112.41,100.0,100.0,100.0,100.0,100.0,105.66,100.0,100.0,100.0,100.0,100.0,100.0,100.0,100.0,100.0,100.0,100.0,100.0,100.0
03.68,Davlat maktabgacha taʼlim tashkiloti,Государственная дошкольно- образаватильная организация,State preschool educational organization,Давлат мактабгача таълим ташкилоти,100.0,100.0,100.0,100.0,100.0,119.92,100.0,100.0,100.0,100.0,100.0,100.0,124.36,100.0,100.0,100.0,100.0,100.0,100.0,100.0,100.0,100.0,100.0,100.0,100.0,100.0,100.0,100.0
03.69,Nodavlat (xususiy)  maktabgacha taʼlim tashkiloti,Негосударственная (частная) дошкольно- образаватильная организация,Non-state (private) preschool educational organization,Нодавлат (хусусий)  мактабгача таълим ташкилоти,106.79,100.0,100.0,100.0,100.0,103.24,100.0,100.0,105.48,100.0,100.0,100.0,100.0,100.0,100.0,100.0,100.0,100.0,100.0,100.0,100.0,101.41,100.32,100.0,100.0,100.0,100.0,100.0
03.69.1,Oʻrta taʼlim Nodavlat (xususiy maktab)  oʻrta taʼlim tashkiloti (1 oy uchun),Среднее образование (обучение в негосударственных (частных) школах),Secondary education in non-state (private) schools,Ўрта таълим Нодавлат (хусусий мактаб)  ўрта таълим ташкилоти (1 ой учун),0.0,0.0,0.0,0.0,0.0,0.0,0.0,0.0,0.0,0.0,0.0,0.0,0.0,0.0,0.0,0.0,0.0,0.0,0.0,0.0,0.0,0.0,0.0,0.0,100.0,100.0,100.0,100.0
03.70,Shartnoma asosida davlat OTM larida oʻqish,Обучение в государственных вузах на контрактной основе,Education in state universities on a contract basis,Шартнома асосида давлат ОТМ ларида ўқиш,100.0,100.0,100.0,100.0,100.0,100.0,100.0,100.0,115.11,100.0,100.0,100.0,100.0,100.0,100.0,100.0,100.0,100.0,100.0,100.0,100.0,100.0,100.0,100.0,100.0,100.0,100.0,100.0
03.71,Shartnoma asosida nodavlat OTM larida oʻqish,Обучение в негосударственных вузах на контрактной основе,Education in non-state universities on a contract basis,Шартнома асосида нодавлат ОТМ ларида ўқиш,100.0,100.0,100.0,100.0,100.0,100.0,100.0,100.0,100.0,100.0,100.0,100.0,100.0,100.0,100.0,100.0,100.0,100.0,100.0,100.0,97.45,100.0,100.0,100.0,100.0,100.0,100.0,100.0
03.72,Repetitorlik,Репетиторство,Tutoring,Репетиторлик,102.67,100.0,100.0,104.66,109.1,100.0,101.53,100.0,102.02,100.0,100.0,100.0,100.0,100.0,101.44,100.0,100.0,100.0,100.0,101.44,101.36,100.0,100.0,100.0,100.0,100.0,100.0,100.0
03.73,Chet tili kurslarida va shu kabi kurslarda mashgʻulot,Курсы иностранных языков и аналогичные курсы,Language courses and similar courses,Чет тили курсларида ва шу каби курсларда машғулот,101.53,100.0,100.0,102.99,108.56,102.02,101.87,101.74,102.02,100.0,100.0,100.0,100.0,100.0,100.0,100.0,100.0,100.0,100.0,101.44,101.36,100.0,100.0,100.0,100.0,100.0,100.0,100.0
03.74,"Otellar, motellar, mehmonxonalar va shu kabi mehmonxona xizmatlari","Отели, мотели, гостиницы и аналогичное гостиничное обслуживание","Hotels, motels, inns and similar accommodation services","Отеллар, мотеллар, меҳмонхоналар ва шу каби меҳмонхона хизматлари",105.54,100.0,100.0,102.64,100.0,104.2,100.0,100.0,100.0,100.0,100.0,100.0,101.58,100.0,100.0,100.0,103.33,100.0,100.0,102.45,100.0,100.0,100.0,100.0,100.6,100.0,100.0,101.3
03.75,"Dam olish markazlari, kempinglar, yoshlar yotoqxonalari va shu kabi mehmonxona xizmatlari","Центры отдыха, кемпинги, молодежные общежития и аналогичное гостиничное обслуживание","Holiday centres, campsites, youth hostels and similar accommodation services","Дам олиш марказлари, кемпинглар, ёшлар ётоқхоналари ва шу каби меҳмонхона хизматлари",105.63,100.0,100.0,100.0,100.0,100.0,100.0,100.0,100.0,100.0,100.0,100.0,112.6,103.81,100.0,100.0,100.0,100.0,100.0,100.0,100.0,100.0,100.0,100.0,107.9,100.0,100.0,100.0
03.76,Shaxsiy transport vositalarini sugʻurtalash,Страхование личных транспортных средств,Personal vehicle insurance,Шахсий транспорт воситаларини суғурталаш,100.0,100.0,100.0,100.0,100.0,100.0,100.0,100.0,100.0,100.0,100.0,100.0,100.0,100.0,100.0,100.0,100.0,100.0,100.0,100.0,100.0,100.0,100.0,100.0,394.4,100.0,100.0,100.0
03.77,Banklar kreditlarini sugʻurtalash,Страхование кредита в банках,Bank credit insurance,Банклар кредитларини суғурталаш,100.0,100.0,100.0,100.0,100.0,100.0,100.0,100.0,100.0,100.0,100.0,100.0,100.0,100.0,100.0,100.0,100.0,100.0,100.0,100.0,100.0,100.0,100.0,100.0,100.0,100.0,100.0,100.0
03.78,Bank muassasalari xizmatlari,Услуги банковских учреждений,Banking services,Банк муассасалари хизматлари,101.36,98.28,99.37,100.37,103.19,100.73,99.72,100.0,99.6,100.17,100.21,100.33,100.0,99.64,99.72,99.72,100.0,100.0,100.0,103.68,100.0,100.78,100.0,103.28,100.0,100.0,100.0,100.0
03.79,Pul oʻtkazmalari uchun xaq toʻlash,Плата за денежные переводы,Money transfer fees,Пул ўтказмалари учун хақ тўлаш,100.36,100.68,100.65,100.8,100.35,99.24,100.16,99.9,100.94,100.48,99.98,100.62,100.71,100.25,99.49,100.24,100.08,97.89,99.95,99.08,98.77,98.06,98.36,100.94,99.2,102.3,98.4,100.6
03.80,Boshqa toifalarga kiritilmagan boshqa moliyaviy xizmatlar (elektron toʻlov tizimlari orqali pul vositalarini oʻtkazish boʻyicha xizmatlar),"Прочие финансовые услуги, не отнесенные к другим категориям (услуги по переводу денежных средств через электронные платёжные системы)",Other financial services not elsewhere classified (including money transfer services via electronic payment systems),Бошқа тоифаларга киритилмаган бошқа молиявий хизматлар (электрон тўлов тизимлари орқали пул воситаларини ўтказиш бўйича хизматлар),99.14,100.0,100.0,100.0,100.0,100.0,104.56,100.0,100.0,100.0,100.0,100.0,100.0,100.0,100.0,100.0,100.0,100.0,105.82,100.0,100.0,102.74,100.0,100.0,100.0,100.0,100.0,105.0
03.81,Mikromoliyaviy tashkilotlar va lombardlar tomonidan koʻrsatiladigan xizmatlar,Услуги микрофинансовых организаций и ломбардов,Microfinance organizations and pawnshop services,Микромолиявий ташкилотлар ва ломбардлар томонидан кўрсатиладиган хизматлар,100.0,100.0,100.0,100.0,100.0,100.0,100.0,100.0,100.0,100.0,100.0,100.0,100.0,100.0,100.0,100.0,100.0,100.0,100.0,100.0,99.73,100.0,100.0,100.0,100.0,100.0,100.0,100.0
03.82,Ayollar va qizlar uchun sartaroshxona xizmatlari,Услуги парикмахерских для женщин и девочек,Hairdressing services for women and girls,Аёллар ва қизлар учун сартарошхона хизматлари,102.92,100.0,100.0,100.0,103.97,100.8,101.36,100.39,100.38,100.18,102.92,100.72,100.0,100.49,101.86,100.31,100.0,100.66,100.0,100.0,100.0,100.0,101.45,100.59,100.4,100.0,101.1,101.5
03.83,Erkaklar va oʻgʻil bolalar uchun sartaroshxonalar xizmatlari,Услуги парикмахерских для мужчин и мальчиков,Hairdressing services for men and boys,Эркаклар ва ўғил болалар учун сартарошхоналар хизматлари,100.77,100.62,100.0,100.0,100.0,100.0,105.66,105.21,101.06,103.85,100.28,100.27,103.19,100.26,101.81,101.34,100.49,100.0,100.0,100.0,102.03,100.13,100.24,101.48,101.3,101.5,100.0,101.3
03.84,Kosmetologlar xizmatlari,Услуги косметолога,Cosmetologist services,Косметологлар хизматлари,103.85,100.0,100.0,100.0,100.0,100.35,100.5,100.0,103.34,100.39,105.83,101.17,100.0,101.43,101.75,101.34,100.0,100.0,100.0,100.0,100.0,100.0,100.0,100.0,100.0,100.0,101.4,100.0
03.85,Xammom va dushxonalar xizmatlari,Услуги бань и душевых,Bath and shower services,Хаммом ва душхоналар хизматлари,100.0,100.0,100.0,100.0,100.0,100.0,100.0,100.0,105.92,100.0,100.0,103.93,100.0,105.74,100.0,100.0,100.0,100.0,100.0,100.0,100.0,100.0,100.0,100.0,100.0,100.0,100.0,100.0
03.86,Soatlarni taʼmirlash,Ремонт часов,Watch repair,Соатларни таъмирлаш,100.0,100.0,100.0,100.0,100.0,100.0,101.28,100.0,100.0,105.77,101.08,100.82,100.0,102.44,102.85,101.5,101.43,100.0,100.0,100.71,100.68,100.0,100.0,100.0,100.0,100.0,101.4,100.0
03.87,Zargarlik xizmati,Услуги ювелиров,Jewelers services,Заргарлик хизмати,100.0,100.0,100.0,100.0,106.99,100.0,100.0,100.0,100.0,100.0,100.0,100.0,100.0,100.9,100.0,100.47,102.77,100.0,100.44,100.0,100.43,100.0,100.0,100.0,100.0,100.0,101.3,100.0
03.88,Diniy xizmatlar,Ритуальные услуги,Funeral services,Диний хизматлар,100.0,100.0,100.0,100.68,100.66,100.0,102.37,100.0,100.0,103.39,103.92,100.0,100.0,101.4,101.16,100.0,101.27,100.0,100.0,100.57,100.0,100.0,100.0,100.0,100.0,100.0,100.0,100.8
03.89,Huquqiy tusdagi xizmatlar,Услуги правового хаpактеpа,Legal services,Ҳуқуқий тусдаги хизматлар,100.0,100.0,100.0,100.0,100.0,100.0,100.0,100.0,100.0,110.29,100.0,100.0,100.0,100.0,106.52,100.0,100.0,100.0,100.0,109.87,100.0,100.0,100.0,100.0,100.0,100.0,100.0,100.0
03.90,Xujjatlardan nusxa koʻchirish (kserokopiyalash) boʻyicha xizmatlar,Услуги по ксерокопированию документов,Document photocopying services,Хужжатлардан нусха кўчириш (ксерокопиялаш) бўйича хизматлар,100.0,100.0,100.0,100.0,100.0,100.0,100.0,100.0,100.0,108.45,100.0,100.0,100.0,108.45,100.0,100.0,100.0,100.0,100.0,105.92,100.0,100.0,100.0,100.0,100.0,100.0,100.0,100.0
03.91,Boshqa toifalarga kiritilmagan turli xil xizmatlar (ayrim davlat xizmatlari),"Прочие разнообразные услуги, не отнесенные к другим категориям (госуслуги)",Other miscellaneous services not elsewhere classified (including government/public services),Бошқа тоифаларга киритилмаган турли хил хизматлар (айрим давлат хизматлари),0.0,0.0,0.0,0.0,0.0,0.0,0.0,0.0,0.0,0.0,0.0,0.0,0.0,0.0,0.0,0.0,0.0,0.0,0.0,0.0,0.0,0.0,0.0,0.0,100.0,100.0,100.0,100.0
