"Electricity statistics by Country/area, Technology, Data Type, Grid connection and Year"

"Country/area","Technology","Data Type","Grid connection","Year",Electricity statistics
"Uzbekistan","Total renewable","Electricity Installed Capacity (MW)","All","2000",1596.00
"Uzbekistan","Total renewable","Electricity Installed Capacity (MW)","All","2001",1596.00
"Uzbekistan","Total renewable","Electricity Installed Capacity (MW)","All","2002",1596.00
"Uzbekistan","Total renewable","Electricity Installed Capacity (MW)","All","2003",1599.00
"Uzbekistan","Total renewable","Electricity Installed Capacity (MW)","All","2004",1751.00
"Uzbekistan","Total renewable","Electricity Installed Capacity (MW)","All","2005",1709.00
"Uzbekistan","Total renewable","Electricity Installed Capacity (MW)","All","2006",1710.00
"Uzbekistan","Total renewable","Electricity Installed Capacity (MW)","All","2007",1710.00
"Uzbekistan","Total renewable","Electricity Installed Capacity (MW)","All","2008",1743.00
"Uzbekistan","Total renewable","Electricity Installed Capacity (MW)","All","2009",1742.80
"Uzbekistan","Total renewable","Electricity Installed Capacity (MW)","All","2010",1792.90
"Uzbekistan","Total renewable","Electricity Installed Capacity (MW)","All","2011",1787.90
"Uzbekistan","Total renewable","Electricity Installed Capacity (MW)","All","2012",1822.20
"Uzbekistan","Total renewable","Electricity Installed Capacity (MW)","All","2013",1823.00
"Uzbekistan","Total renewable","Electricity Installed Capacity (MW)","All","2014",1872.13
"Uzbekistan","Total renewable","Electricity Installed Capacity (MW)","All","2015",1881.53
"Uzbekistan","Total renewable","Electricity Installed Capacity (MW)","All","2016",1882.73
"Uzbekistan","Total renewable","Electricity Installed Capacity (MW)","All","2017",1861.45
"Uzbekistan","Total renewable","Electricity Installed Capacity (MW)","All","2018",1919.15
"Uzbekistan","Total renewable","Electricity Installed Capacity (MW)","All","2019",1911.75
"Uzbekistan","Total renewable","Electricity Installed Capacity (MW)","All","2020",2024.85
"Uzbekistan","Total renewable","Electricity Installed Capacity (MW)","All","2021",2056.15
"Uzbekistan","Total renewable","Electricity Installed Capacity (MW)","All","2022",2429.45
"Uzbekistan","Total renewable","Electricity Installed Capacity (MW)","All","2023",2856.85
"Uzbekistan","Total renewable","Electricity Installed Capacity (MW)","All","2024",5166.35
"Uzbekistan","Total renewable","Electricity Installed Capacity (MW)","On-grid","2000",1596.00
"Uzbekistan","Total renewable","Electricity Installed Capacity (MW)","On-grid","2001",1596.00
"Uzbekistan","Total renewable","Electricity Installed Capacity (MW)","On-grid","2002",1596.00
"Uzbekistan","Total renewable","Electricity Installed Capacity (MW)","On-grid","2003",1599.00
"Uzbekistan","Total renewable","Electricity Installed Capacity (MW)","On-grid","2004",1751.00
"Uzbekistan","Total renewable","Electricity Installed Capacity (MW)","On-grid","2005",1709.00
"Uzbekistan","Total renewable","Electricity Installed Capacity (MW)","On-grid","2006",1710.00
"Uzbekistan","Total renewable","Electricity Installed Capacity (MW)","On-grid","2007",1710.00
"Uzbekistan","Total renewable","Electricity Installed Capacity (MW)","On-grid","2008",1743.00
"Uzbekistan","Total renewable","Electricity Installed Capacity (MW)","On-grid","2009",1742.80
"Uzbekistan","Total renewable","Electricity Installed Capacity (MW)","On-grid","2010",1792.90
"Uzbekistan","Total renewable","Electricity Installed Capacity (MW)","On-grid","2011",1787.90
"Uzbekistan","Total renewable","Electricity Installed Capacity (MW)","On-grid","2012",1822.20
"Uzbekistan","Total renewable","Electricity Installed Capacity (MW)","On-grid","2013",1822.00
"Uzbekistan","Total renewable","Electricity Installed Capacity (MW)","On-grid","2014",1871.13
"Uzbekistan","Total renewable","Electricity Installed Capacity (MW)","On-grid","2015",1880.53
"Uzbekistan","Total renewable","Electricity Installed Capacity (MW)","On-grid","2016",1880.53
"Uzbekistan","Total renewable","Electricity Installed Capacity (MW)","On-grid","2017",1858.43
"Uzbekistan","Total renewable","Electricity Installed Capacity (MW)","On-grid","2018",1915.83
"Uzbekistan","Total renewable","Electricity Installed Capacity (MW)","On-grid","2019",1908.43
"Uzbekistan","Total renewable","Electricity Installed Capacity (MW)","On-grid","2020",2021.53
"Uzbekistan","Total renewable","Electricity Installed Capacity (MW)","On-grid","2021",2052.82
"Uzbekistan","Total renewable","Electricity Installed Capacity (MW)","On-grid","2022",2426.13
"Uzbekistan","Total renewable","Electricity Installed Capacity (MW)","On-grid","2023",2853.53
"Uzbekistan","Total renewable","Electricity Installed Capacity (MW)","On-grid","2024",5163.02
"Uzbekistan","Total renewable","Electricity Installed Capacity (MW)","Off-grid","2000",-
"Uzbekistan","Total renewable","Electricity Installed Capacity (MW)","Off-grid","2001",-
"Uzbekistan","Total renewable","Electricity Installed Capacity (MW)","Off-grid","2002",-
"Uzbekistan","Total renewable","Electricity Installed Capacity (MW)","Off-grid","2003",-
"Uzbekistan","Total renewable","Electricity Installed Capacity (MW)","Off-grid","2004",-
"Uzbekistan","Total renewable","Electricity Installed Capacity (MW)","Off-grid","2005",-
"Uzbekistan","Total renewable","Electricity Installed Capacity (MW)","Off-grid","2006",-
"Uzbekistan","Total renewable","Electricity Installed Capacity (MW)","Off-grid","2007",-
"Uzbekistan","Total renewable","Electricity Installed Capacity (MW)","Off-grid","2008",-
"Uzbekistan","Total renewable","Electricity Installed Capacity (MW)","Off-grid","2009",-
"Uzbekistan","Total renewable","Electricity Installed Capacity (MW)","Off-grid","2010",-
"Uzbekistan","Total renewable","Electricity Installed Capacity (MW)","Off-grid","2011",-
"Uzbekistan","Total renewable","Electricity Installed Capacity (MW)","Off-grid","2012",-
"Uzbekistan","Total renewable","Electricity Installed Capacity (MW)","Off-grid","2013",1.00
"Uzbekistan","Total renewable","Electricity Installed Capacity (MW)","Off-grid","2014",1.00
"Uzbekistan","Total renewable","Electricity Installed Capacity (MW)","Off-grid","2015",1.00
"Uzbekistan","Total renewable","Electricity Installed Capacity (MW)","Off-grid","2016",2.20
"Uzbekistan","Total renewable","Electricity Installed Capacity (MW)","Off-grid","2017",3.03
"Uzbekistan","Total renewable","Electricity Installed Capacity (MW)","Off-grid","2018",3.33
"Uzbekistan","Total renewable","Electricity Installed Capacity (MW)","Off-grid","2019",3.33
"Uzbekistan","Total renewable","Electricity Installed Capacity (MW)","Off-grid","2020",3.33
"Uzbekistan","Total renewable","Electricity Installed Capacity (MW)","Off-grid","2021",3.33
"Uzbekistan","Total renewable","Electricity Installed Capacity (MW)","Off-grid","2022",3.33
"Uzbekistan","Total renewable","Electricity Installed Capacity (MW)","Off-grid","2023",3.33
"Uzbekistan","Total renewable","Electricity Installed Capacity (MW)","Off-grid","2024",3.33
"Uzbekistan","Total renewable","Electricity Generation (GWh)","All","2000",5879.00
"Uzbekistan","Total renewable","Electricity Generation (GWh)","All","2001",5959.00
"Uzbekistan","Total renewable","Electricity Generation (GWh)","All","2002",6186.00
"Uzbekistan","Total renewable","Electricity Generation (GWh)","All","2003",7620.00
"Uzbekistan","Total renewable","Electricity Generation (GWh)","All","2004",9010.00
"Uzbekistan","Total renewable","Electricity Generation (GWh)","All","2005",8630.00
"Uzbekistan","Total renewable","Electricity Generation (GWh)","All","2006",9160.00
"Uzbekistan","Total renewable","Electricity Generation (GWh)","All","2007",6400.00
"Uzbekistan","Total renewable","Electricity Generation (GWh)","All","2008",11360.00
"Uzbekistan","Total renewable","Electricity Generation (GWh)","All","2009",9330.00
"Uzbekistan","Total renewable","Electricity Generation (GWh)","All","2010",8100.00
"Uzbekistan","Total renewable","Electricity Generation (GWh)","All","2011",8100.00
"Uzbekistan","Total renewable","Electricity Generation (GWh)","All","2012",8100.00
"Uzbekistan","Total renewable","Electricity Generation (GWh)","All","2013",8102.00
"Uzbekistan","Total renewable","Electricity Generation (GWh)","All","2014",8102.05
"Uzbekistan","Total renewable","Electricity Generation (GWh)","All","2015",8102.18
"Uzbekistan","Total renewable","Electricity Generation (GWh)","All","2016",8104.64
"Uzbekistan","Total renewable","Electricity Generation (GWh)","All","2017",8106.29
"Uzbekistan","Total renewable","Electricity Generation (GWh)","All","2018",5904.13
"Uzbekistan","Total renewable","Electricity Generation (GWh)","All","2019",6467.60
"Uzbekistan","Total renewable","Electricity Generation (GWh)","All","2020",5015.80
"Uzbekistan","Total renewable","Electricity Generation (GWh)","All","2021",5050.20
"Uzbekistan","Total renewable","Electricity Generation (GWh)","All","2022",6935.80
"Uzbekistan","Total renewable","Electricity Generation (GWh)","All","2023",8400.00
"Uzbekistan","Total renewable","Electricity Generation (GWh)","All","2024",-
"Uzbekistan","Total renewable","Electricity Generation (GWh)","On-grid","2000",5879.00
"Uzbekistan","Total renewable","Electricity Generation (GWh)","On-grid","2001",5959.00
"Uzbekistan","Total renewable","Electricity Generation (GWh)","On-grid","2002",6186.00
"Uzbekistan","Total renewable","Electricity Generation (GWh)","On-grid","2003",7620.00
"Uzbekistan","Total renewable","Electricity Generation (GWh)","On-grid","2004",9010.00
"Uzbekistan","Total renewable","Electricity Generation (GWh)","On-grid","2005",8630.00
"Uzbekistan","Total renewable","Electricity Generation (GWh)","On-grid","2006",9160.00
"Uzbekistan","Total renewable","Electricity Generation (GWh)","On-grid","2007",6400.00
"Uzbekistan","Total renewable","Electricity Generation (GWh)","On-grid","2008",11360.00
"Uzbekistan","Total renewable","Electricity Generation (GWh)","On-grid","2009",9330.00
"Uzbekistan","Total renewable","Electricity Generation (GWh)","On-grid","2010",8100.00
"Uzbekistan","Total renewable","Electricity Generation (GWh)","On-grid","2011",8100.00
"Uzbekistan","Total renewable","Electricity Generation (GWh)","On-grid","2012",8100.00
"Uzbekistan","Total renewable","Electricity Generation (GWh)","On-grid","2013",8100.00
"Uzbekistan","Total renewable","Electricity Generation (GWh)","On-grid","2014",8100.05
"Uzbekistan","Total renewable","Electricity Generation (GWh)","On-grid","2015",8100.18
"Uzbekistan","Total renewable","Electricity Generation (GWh)","On-grid","2016",8100.25
"Uzbekistan","Total renewable","Electricity Generation (GWh)","On-grid","2017",8100.25
"Uzbekistan","Total renewable","Electricity Generation (GWh)","On-grid","2018",5897.49
"Uzbekistan","Total renewable","Electricity Generation (GWh)","On-grid","2019",6467.60
"Uzbekistan","Total renewable","Electricity Generation (GWh)","On-grid","2020",5015.80
"Uzbekistan","Total renewable","Electricity Generation (GWh)","On-grid","2021",5050.20
"Uzbekistan","Total renewable","Electricity Generation (GWh)","On-grid","2022",6935.80
"Uzbekistan","Total renewable","Electricity Generation (GWh)","On-grid","2023",8400.00
"Uzbekistan","Total renewable","Electricity Generation (GWh)","On-grid","2024",-
"Uzbekistan","Total renewable","Electricity Generation (GWh)","Off-grid","2000",-
"Uzbekistan","Total renewable","Electricity Generation (GWh)","Off-grid","2001",-
"Uzbekistan","Total renewable","Electricity Generation (GWh)","Off-grid","2002",-
"Uzbekistan","Total renewable","Electricity Generation (GWh)","Off-grid","2003",-
"Uzbekistan","Total renewable","Electricity Generation (GWh)","Off-grid","2004",-
"Uzbekistan","Total renewable","Electricity Generation (GWh)","Off-grid","2005",-
"Uzbekistan","Total renewable","Electricity Generation (GWh)","Off-grid","2006",-
"Uzbekistan","Total renewable","Electricity Generation (GWh)","Off-grid","2007",-
"Uzbekistan","Total renewable","Electricity Generation (GWh)","Off-grid","2008",-
"Uzbekistan","Total renewable","Electricity Generation (GWh)","Off-grid","2009",-
"Uzbekistan","Total renewable","Electricity Generation (GWh)","Off-grid","2010",-
"Uzbekistan","Total renewable","Electricity Generation (GWh)","Off-grid","2011",-
"Uzbekistan","Total renewable","Electricity Generation (GWh)","Off-grid","2012",-
"Uzbekistan","Total renewable","Electricity Generation (GWh)","Off-grid","2013",2.00
"Uzbekistan","Total renewable","Electricity Generation (GWh)","Off-grid","2014",2.00
"Uzbekistan","Total renewable","Electricity Generation (GWh)","Off-grid","2015",2.00
"Uzbekistan","Total renewable","Electricity Generation (GWh)","Off-grid","2016",4.39
"Uzbekistan","Total renewable","Electricity Generation (GWh)","Off-grid","2017",6.04
"Uzbekistan","Total renewable","Electricity Generation (GWh)","Off-grid","2018",6.64
"Uzbekistan","Total renewable","Electricity Generation (GWh)","Off-grid","2019",-
"Uzbekistan","Total renewable","Electricity Generation (GWh)","Off-grid","2020",-
"Uzbekistan","Total renewable","Electricity Generation (GWh)","Off-grid","2021",-
"Uzbekistan","Total renewable","Electricity Generation (GWh)","Off-grid","2022",-
"Uzbekistan","Total renewable","Electricity Generation (GWh)","Off-grid","2023",-
"Uzbekistan","Total renewable","Electricity Generation (GWh)","Off-grid","2024",-
"Uzbekistan","Solar photovoltaic","Electricity Installed Capacity (MW)","All","2000",-
"Uzbekistan","Solar photovoltaic","Electricity Installed Capacity (MW)","All","2001",-
"Uzbekistan","Solar photovoltaic","Electricity Installed Capacity (MW)","All","2002",-
"Uzbekistan","Solar photovoltaic","Electricity Installed Capacity (MW)","All","2003",-
"Uzbekistan","Solar photovoltaic","Electricity Installed Capacity (MW)","All","2004",-
"Uzbekistan","Solar photovoltaic","Electricity Installed Capacity (MW)","All","2005",-
"Uzbekistan","Solar photovoltaic","Electricity Installed Capacity (MW)","All","2006",-
"Uzbekistan","Solar photovoltaic","Electricity Installed Capacity (MW)","All","2007",-
"Uzbekistan","Solar photovoltaic","Electricity Installed Capacity (MW)","All","2008",-
"Uzbekistan","Solar photovoltaic","Electricity Installed Capacity (MW)","All","2009",-
"Uzbekistan","Solar photovoltaic","Electricity Installed Capacity (MW)","All","2010",-
"Uzbekistan","Solar photovoltaic","Electricity Installed Capacity (MW)","All","2011",-
"Uzbekistan","Solar photovoltaic","Electricity Installed Capacity (MW)","All","2012",-
"Uzbekistan","Solar photovoltaic","Electricity Installed Capacity (MW)","All","2013",1.00
"Uzbekistan","Solar photovoltaic","Electricity Installed Capacity (MW)","All","2014",1.13
"Uzbekistan","Solar photovoltaic","Electricity Installed Capacity (MW)","All","2015",1.13
"Uzbekistan","Solar photovoltaic","Electricity Installed Capacity (MW)","All","2016",2.33
"Uzbekistan","Solar photovoltaic","Electricity Installed Capacity (MW)","All","2017",3.20
"Uzbekistan","Solar photovoltaic","Electricity Installed Capacity (MW)","All","2018",3.50
"Uzbekistan","Solar photovoltaic","Electricity Installed Capacity (MW)","All","2019",3.50
"Uzbekistan","Solar photovoltaic","Electricity Installed Capacity (MW)","All","2020",3.50
"Uzbekistan","Solar photovoltaic","Electricity Installed Capacity (MW)","All","2021",3.50
"Uzbekistan","Solar photovoltaic","Electricity Installed Capacity (MW)","All","2022",203.50
"Uzbekistan","Solar photovoltaic","Electricity Installed Capacity (MW)","All","2023",474.50
"Uzbekistan","Solar photovoltaic","Electricity Installed Capacity (MW)","All","2024",2274.50
"Uzbekistan","Solar photovoltaic","Electricity Installed Capacity (MW)","On-grid","2000",-
"Uzbekistan","Solar photovoltaic","Electricity Installed Capacity (MW)","On-grid","2001",-
"Uzbekistan","Solar photovoltaic","Electricity Installed Capacity (MW)","On-grid","2002",-
"Uzbekistan","Solar photovoltaic","Electricity Installed Capacity (MW)","On-grid","2003",-
"Uzbekistan","Solar photovoltaic","Electricity Installed Capacity (MW)","On-grid","2004",-
"Uzbekistan","Solar photovoltaic","Electricity Installed Capacity (MW)","On-grid","2005",-
"Uzbekistan","Solar photovoltaic","Electricity Installed Capacity (MW)","On-grid","2006",-
"Uzbekistan","Solar photovoltaic","Electricity Installed Capacity (MW)","On-grid","2007",-
"Uzbekistan","Solar photovoltaic","Electricity Installed Capacity (MW)","On-grid","2008",-
"Uzbekistan","Solar photovoltaic","Electricity Installed Capacity (MW)","On-grid","2009",-
"Uzbekistan","Solar photovoltaic","Electricity Installed Capacity (MW)","On-grid","2010",-
"Uzbekistan","Solar photovoltaic","Electricity Installed Capacity (MW)","On-grid","2011",-
"Uzbekistan","Solar photovoltaic","Electricity Installed Capacity (MW)","On-grid","2012",-
"Uzbekistan","Solar photovoltaic","Electricity Installed Capacity (MW)","On-grid","2013",-
"Uzbekistan","Solar photovoltaic","Electricity Installed Capacity (MW)","On-grid","2014",0.13
"Uzbekistan","Solar photovoltaic","Electricity Installed Capacity (MW)","On-grid","2015",0.13
"Uzbekistan","Solar photovoltaic","Electricity Installed Capacity (MW)","On-grid","2016",0.13
"Uzbekistan","Solar photovoltaic","Electricity Installed Capacity (MW)","On-grid","2017",0.18
"Uzbekistan","Solar photovoltaic","Electricity Installed Capacity (MW)","On-grid","2018",0.18
"Uzbekistan","Solar photovoltaic","Electricity Installed Capacity (MW)","On-grid","2019",0.18
"Uzbekistan","Solar photovoltaic","Electricity Installed Capacity (MW)","On-grid","2020",0.18
"Uzbekistan","Solar photovoltaic","Electricity Installed Capacity (MW)","On-grid","2021",0.18
"Uzbekistan","Solar photovoltaic","Electricity Installed Capacity (MW)","On-grid","2022",200.18
"Uzbekistan","Solar photovoltaic","Electricity Installed Capacity (MW)","On-grid","2023",471.18
"Uzbekistan","Solar photovoltaic","Electricity Installed Capacity (MW)","On-grid","2024",2271.18
"Uzbekistan","Solar photovoltaic","Electricity Installed Capacity (MW)","Off-grid","2000",-
"Uzbekistan","Solar photovoltaic","Electricity Installed Capacity (MW)","Off-grid","2001",-
"Uzbekistan","Solar photovoltaic","Electricity Installed Capacity (MW)","Off-grid","2002",-
"Uzbekistan","Solar photovoltaic","Electricity Installed Capacity (MW)","Off-grid","2003",-
"Uzbekistan","Solar photovoltaic","Electricity Installed Capacity (MW)","Off-grid","2004",-
"Uzbekistan","Solar photovoltaic","Electricity Installed Capacity (MW)","Off-grid","2005",-
"Uzbekistan","Solar photovoltaic","Electricity Installed Capacity (MW)","Off-grid","2006",-
"Uzbekistan","Solar photovoltaic","Electricity Installed Capacity (MW)","Off-grid","2007",-
"Uzbekistan","Solar photovoltaic","Electricity Installed Capacity (MW)","Off-grid","2008",-
"Uzbekistan","Solar photovoltaic","Electricity Installed Capacity (MW)","Off-grid","2009",-
"Uzbekistan","Solar photovoltaic","Electricity Installed Capacity (MW)","Off-grid","2010",-
"Uzbekistan","Solar photovoltaic","Electricity Installed Capacity (MW)","Off-grid","2011",-
"Uzbekistan","Solar photovoltaic","Electricity Installed Capacity (MW)","Off-grid","2012",-
"Uzbekistan","Solar photovoltaic","Electricity Installed Capacity (MW)","Off-grid","2013",1.00
"Uzbekistan","Solar photovoltaic","Electricity Installed Capacity (MW)","Off-grid","2014",1.00
"Uzbekistan","Solar photovoltaic","Electricity Installed Capacity (MW)","Off-grid","2015",1.00
"Uzbekistan","Solar photovoltaic","Electricity Installed Capacity (MW)","Off-grid","2016",2.20
"Uzbekistan","Solar photovoltaic","Electricity Installed Capacity (MW)","Off-grid","2017",3.03
"Uzbekistan","Solar photovoltaic","Electricity Installed Capacity (MW)","Off-grid","2018",3.33
"Uzbekistan","Solar photovoltaic","Electricity Installed Capacity (MW)","Off-grid","2019",3.33
"Uzbekistan","Solar photovoltaic","Electricity Installed Capacity (MW)","Off-grid","2020",3.33
"Uzbekistan","Solar photovoltaic","Electricity Installed Capacity (MW)","Off-grid","2021",3.33
"Uzbekistan","Solar photovoltaic","Electricity Installed Capacity (MW)","Off-grid","2022",3.33
"Uzbekistan","Solar photovoltaic","Electricity Installed Capacity (MW)","Off-grid","2023",3.33
"Uzbekistan","Solar photovoltaic","Electricity Installed Capacity (MW)","Off-grid","2024",3.33
"Uzbekistan","Solar photovoltaic","Electricity Generation (GWh)","All","2000",-
"Uzbekistan","Solar photovoltaic","Electricity Generation (GWh)","All","2001",-
"Uzbekistan","Solar photovoltaic","Electricity Generation (GWh)","All","2002",-
"Uzbekistan","Solar photovoltaic","Electricity Generation (GWh)","All","2003",-
"Uzbekistan","Solar photovoltaic","Electricity Generation (GWh)","All","2004",-
"Uzbekistan","Solar photovoltaic","Electricity Generation (GWh)","All","2005",-
"Uzbekistan","Solar photovoltaic","Electricity Generation (GWh)","All","2006",-
"Uzbekistan","Solar photovoltaic","Electricity Generation (GWh)","All","2007",-
"Uzbekistan","Solar photovoltaic","Electricity Generation (GWh)","All","2008",-
"Uzbekistan","Solar photovoltaic","Electricity Generation (GWh)","All","2009",-
"Uzbekistan","Solar photovoltaic","Electricity Generation (GWh)","All","2010",-
"Uzbekistan","Solar photovoltaic","Electricity Generation (GWh)","All","2011",-
"Uzbekistan","Solar photovoltaic","Electricity Generation (GWh)","All","2012",-
"Uzbekistan","Solar photovoltaic","Electricity Generation (GWh)","All","2013",2.00
"Uzbekistan","Solar photovoltaic","Electricity Generation (GWh)","All","2014",2.05
"Uzbekistan","Solar photovoltaic","Electricity Generation (GWh)","All","2015",2.18
"Uzbekistan","Solar photovoltaic","Electricity Generation (GWh)","All","2016",4.64
"Uzbekistan","Solar photovoltaic","Electricity Generation (GWh)","All","2017",6.29
"Uzbekistan","Solar photovoltaic","Electricity Generation (GWh)","All","2018",6.83
"Uzbekistan","Solar photovoltaic","Electricity Generation (GWh)","All","2019",0.10
"Uzbekistan","Solar photovoltaic","Electricity Generation (GWh)","All","2020",0.30
"Uzbekistan","Solar photovoltaic","Electricity Generation (GWh)","All","2021",49.00
"Uzbekistan","Solar photovoltaic","Electricity Generation (GWh)","All","2022",435.80
"Uzbekistan","Solar photovoltaic","Electricity Generation (GWh)","All","2023",622.40
"Uzbekistan","Solar photovoltaic","Electricity Generation (GWh)","All","2024",-
"Uzbekistan","Solar photovoltaic","Electricity Generation (GWh)","On-grid","2000",-
"Uzbekistan","Solar photovoltaic","Electricity Generation (GWh)","On-grid","2001",-
"Uzbekistan","Solar photovoltaic","Electricity Generation (GWh)","On-grid","2002",-
"Uzbekistan","Solar photovoltaic","Electricity Generation (GWh)","On-grid","2003",-
"Uzbekistan","Solar photovoltaic","Electricity Generation (GWh)","On-grid","2004",-
"Uzbekistan","Solar photovoltaic","Electricity Generation (GWh)","On-grid","2005",-
"Uzbekistan","Solar photovoltaic","Electricity Generation (GWh)","On-grid","2006",-
"Uzbekistan","Solar photovoltaic","Electricity Generation (GWh)","On-grid","2007",-
"Uzbekistan","Solar photovoltaic","Electricity Generation (GWh)","On-grid","2008",-
"Uzbekistan","Solar photovoltaic","Electricity Generation (GWh)","On-grid","2009",-
"Uzbekistan","Solar photovoltaic","Electricity Generation (GWh)","On-grid","2010",-
"Uzbekistan","Solar photovoltaic","Electricity Generation (GWh)","On-grid","2011",-
"Uzbekistan","Solar photovoltaic","Electricity Generation (GWh)","On-grid","2012",-
"Uzbekistan","Solar photovoltaic","Electricity Generation (GWh)","On-grid","2013",-
"Uzbekistan","Solar photovoltaic","Electricity Generation (GWh)","On-grid","2014",0.05
"Uzbekistan","Solar photovoltaic","Electricity Generation (GWh)","On-grid","2015",0.18
"Uzbekistan","Solar photovoltaic","Electricity Generation (GWh)","On-grid","2016",0.25
"Uzbekistan","Solar photovoltaic","Electricity Generation (GWh)","On-grid","2017",0.25
"Uzbekistan","Solar photovoltaic","Electricity Generation (GWh)","On-grid","2018",0.19
"Uzbekistan","Solar photovoltaic","Electricity Generation (GWh)","On-grid","2019",0.10
"Uzbekistan","Solar photovoltaic","Electricity Generation (GWh)","On-grid","2020",0.30
"Uzbekistan","Solar photovoltaic","Electricity Generation (GWh)","On-grid","2021",49.00
"Uzbekistan","Solar photovoltaic","Electricity Generation (GWh)","On-grid","2022",435.80
"Uzbekistan","Solar photovoltaic","Electricity Generation (GWh)","On-grid","2023",622.40
"Uzbekistan","Solar photovoltaic","Electricity Generation (GWh)","On-grid","2024",-
"Uzbekistan","Solar photovoltaic","Electricity Generation (GWh)","Off-grid","2000",-
"Uzbekistan","Solar photovoltaic","Electricity Generation (GWh)","Off-grid","2001",-
"Uzbekistan","Solar photovoltaic","Electricity Generation (GWh)","Off-grid","2002",-
"Uzbekistan","Solar photovoltaic","Electricity Generation (GWh)","Off-grid","2003",-
"Uzbekistan","Solar photovoltaic","Electricity Generation (GWh)","Off-grid","2004",-
"Uzbekistan","Solar photovoltaic","Electricity Generation (GWh)","Off-grid","2005",-
"Uzbekistan","Solar photovoltaic","Electricity Generation (GWh)","Off-grid","2006",-
"Uzbekistan","Solar photovoltaic","Electricity Generation (GWh)","Off-grid","2007",-
"Uzbekistan","Solar photovoltaic","Electricity Generation (GWh)","Off-grid","2008",-
"Uzbekistan","Solar photovoltaic","Electricity Generation (GWh)","Off-grid","2009",-
"Uzbekistan","Solar photovoltaic","Electricity Generation (GWh)","Off-grid","2010",-
"Uzbekistan","Solar photovoltaic","Electricity Generation (GWh)","Off-grid","2011",-
"Uzbekistan","Solar photovoltaic","Electricity Generation (GWh)","Off-grid","2012",-
"Uzbekistan","Solar photovoltaic","Electricity Generation (GWh)","Off-grid","2013",2.00
"Uzbekistan","Solar photovoltaic","Electricity Generation (GWh)","Off-grid","2014",2.00
"Uzbekistan","Solar photovoltaic","Electricity Generation (GWh)","Off-grid","2015",2.00
"Uzbekistan","Solar photovoltaic","Electricity Generation (GWh)","Off-grid","2016",4.39
"Uzbekistan","Solar photovoltaic","Electricity Generation (GWh)","Off-grid","2017",6.04
"Uzbekistan","Solar photovoltaic","Electricity Generation (GWh)","Off-grid","2018",6.64
"Uzbekistan","Solar photovoltaic","Electricity Generation (GWh)","Off-grid","2019",-
"Uzbekistan","Solar photovoltaic","Electricity Generation (GWh)","Off-grid","2020",-
"Uzbekistan","Solar photovoltaic","Electricity Generation (GWh)","Off-grid","2021",-
"Uzbekistan","Solar photovoltaic","Electricity Generation (GWh)","Off-grid","2022",-
"Uzbekistan","Solar photovoltaic","Electricity Generation (GWh)","Off-grid","2023",-
"Uzbekistan","Solar photovoltaic","Electricity Generation (GWh)","Off-grid","2024",-
"Uzbekistan","Solar thermal energy","Electricity Installed Capacity (MW)","All","2000",-
"Uzbekistan","Solar thermal energy","Electricity Installed Capacity (MW)","All","2001",-
"Uzbekistan","Solar thermal energy","Electricity Installed Capacity (MW)","All","2002",-
"Uzbekistan","Solar thermal energy","Electricity Installed Capacity (MW)","All","2003",-
"Uzbekistan","Solar thermal energy","Electricity Installed Capacity (MW)","All","2004",-
"Uzbekistan","Solar thermal energy","Electricity Installed Capacity (MW)","All","2005",-
"Uzbekistan","Solar thermal energy","Electricity Installed Capacity (MW)","All","2006",-
"Uzbekistan","Solar thermal energy","Electricity Installed Capacity (MW)","All","2007",-
"Uzbekistan","Solar thermal energy","Electricity Installed Capacity (MW)","All","2008",-
"Uzbekistan","Solar thermal energy","Electricity Installed Capacity (MW)","All","2009",-
"Uzbekistan","Solar thermal energy","Electricity Installed Capacity (MW)","All","2010",-
"Uzbekistan","Solar thermal energy","Electricity Installed Capacity (MW)","All","2011",-
"Uzbekistan","Solar thermal energy","Electricity Installed Capacity (MW)","All","2012",-
"Uzbekistan","Solar thermal energy","Electricity Installed Capacity (MW)","All","2013",-
"Uzbekistan","Solar thermal energy","Electricity Installed Capacity (MW)","All","2014",-
"Uzbekistan","Solar thermal energy","Electricity Installed Capacity (MW)","All","2015",-
"Uzbekistan","Solar thermal energy","Electricity Installed Capacity (MW)","All","2016",-
"Uzbekistan","Solar thermal energy","Electricity Installed Capacity (MW)","All","2017",-
"Uzbekistan","Solar thermal energy","Electricity Installed Capacity (MW)","All","2018",-
"Uzbekistan","Solar thermal energy","Electricity Installed Capacity (MW)","All","2019",-
"Uzbekistan","Solar thermal energy","Electricity Installed Capacity (MW)","All","2020",-
"Uzbekistan","Solar thermal energy","Electricity Installed Capacity (MW)","All","2021",-
"Uzbekistan","Solar thermal energy","Electricity Installed Capacity (MW)","All","2022",-
"Uzbekistan","Solar thermal energy","Electricity Installed Capacity (MW)","All","2023",-
"Uzbekistan","Solar thermal energy","Electricity Installed Capacity (MW)","All","2024",-
"Uzbekistan","Solar thermal energy","Electricity Installed Capacity (MW)","On-grid","2000",-
"Uzbekistan","Solar thermal energy","Electricity Installed Capacity (MW)","On-grid","2001",-
"Uzbekistan","Solar thermal energy","Electricity Installed Capacity (MW)","On-grid","2002",-
"Uzbekistan","Solar thermal energy","Electricity Installed Capacity (MW)","On-grid","2003",-
"Uzbekistan","Solar thermal energy","Electricity Installed Capacity (MW)","On-grid","2004",-
"Uzbekistan","Solar thermal energy","Electricity Installed Capacity (MW)","On-grid","2005",-
"Uzbekistan","Solar thermal energy","Electricity Installed Capacity (MW)","On-grid","2006",-
"Uzbekistan","Solar thermal energy","Electricity Installed Capacity (MW)","On-grid","2007",-
"Uzbekistan","Solar thermal energy","Electricity Installed Capacity (MW)","On-grid","2008",-
"Uzbekistan","Solar thermal energy","Electricity Installed Capacity (MW)","On-grid","2009",-
"Uzbekistan","Solar thermal energy","Electricity Installed Capacity (MW)","On-grid","2010",-
"Uzbekistan","Solar thermal energy","Electricity Installed Capacity (MW)","On-grid","2011",-
"Uzbekistan","Solar thermal energy","Electricity Installed Capacity (MW)","On-grid","2012",-
"Uzbekistan","Solar thermal energy","Electricity Installed Capacity (MW)","On-grid","2013",-
"Uzbekistan","Solar thermal energy","Electricity Installed Capacity (MW)","On-grid","2014",-
"Uzbekistan","Solar thermal energy","Electricity Installed Capacity (MW)","On-grid","2015",-
"Uzbekistan","Solar thermal energy","Electricity Installed Capacity (MW)","On-grid","2016",-
"Uzbekistan","Solar thermal energy","Electricity Installed Capacity (MW)","On-grid","2017",-
"Uzbekistan","Solar thermal energy","Electricity Installed Capacity (MW)","On-grid","2018",-
"Uzbekistan","Solar thermal energy","Electricity Installed Capacity (MW)","On-grid","2019",-
"Uzbekistan","Solar thermal energy","Electricity Installed Capacity (MW)","On-grid","2020",-
"Uzbekistan","Solar thermal energy","Electricity Installed Capacity (MW)","On-grid","2021",-
"Uzbekistan","Solar thermal energy","Electricity Installed Capacity (MW)","On-grid","2022",-
"Uzbekistan","Solar thermal energy","Electricity Installed Capacity (MW)","On-grid","2023",-
"Uzbekistan","Solar thermal energy","Electricity Installed Capacity (MW)","On-grid","2024",-
"Uzbekistan","Solar thermal energy","Electricity Installed Capacity (MW)","Off-grid","2000",-
"Uzbekistan","Solar thermal energy","Electricity Installed Capacity (MW)","Off-grid","2001",-
"Uzbekistan","Solar thermal energy","Electricity Installed Capacity (MW)","Off-grid","2002",-
"Uzbekistan","Solar thermal energy","Electricity Installed Capacity (MW)","Off-grid","2003",-
"Uzbekistan","Solar thermal energy","Electricity Installed Capacity (MW)","Off-grid","2004",-
"Uzbekistan","Solar thermal energy","Electricity Installed Capacity (MW)","Off-grid","2005",-
"Uzbekistan","Solar thermal energy","Electricity Installed Capacity (MW)","Off-grid","2006",-
"Uzbekistan","Solar thermal energy","Electricity Installed Capacity (MW)","Off-grid","2007",-
"Uzbekistan","Solar thermal energy","Electricity Installed Capacity (MW)","Off-grid","2008",-
"Uzbekistan","Solar thermal energy","Electricity Installed Capacity (MW)","Off-grid","2009",-
"Uzbekistan","Solar thermal energy","Electricity Installed Capacity (MW)","Off-grid","2010",-
"Uzbekistan","Solar thermal energy","Electricity Installed Capacity (MW)","Off-grid","2011",-
"Uzbekistan","Solar thermal energy","Electricity Installed Capacity (MW)","Off-grid","2012",-
"Uzbekistan","Solar thermal energy","Electricity Installed Capacity (MW)","Off-grid","2013",-
"Uzbekistan","Solar thermal energy","Electricity Installed Capacity (MW)","Off-grid","2014",-
"Uzbekistan","Solar thermal energy","Electricity Installed Capacity (MW)","Off-grid","2015",-
"Uzbekistan","Solar thermal energy","Electricity Installed Capacity (MW)","Off-grid","2016",-
"Uzbekistan","Solar thermal energy","Electricity Installed Capacity (MW)","Off-grid","2017",-
"Uzbekistan","Solar thermal energy","Electricity Installed Capacity (MW)","Off-grid","2018",-
"Uzbekistan","Solar thermal energy","Electricity Installed Capacity (MW)","Off-grid","2019",-
"Uzbekistan","Solar thermal energy","Electricity Installed Capacity (MW)","Off-grid","2020",-
"Uzbekistan","Solar thermal energy","Electricity Installed Capacity (MW)","Off-grid","2021",-
"Uzbekistan","Solar thermal energy","Electricity Installed Capacity (MW)","Off-grid","2022",-
"Uzbekistan","Solar thermal energy","Electricity Installed Capacity (MW)","Off-grid","2023",-
"Uzbekistan","Solar thermal energy","Electricity Installed Capacity (MW)","Off-grid","2024",-
"Uzbekistan","Solar thermal energy","Electricity Generation (GWh)","All","2000",-
"Uzbekistan","Solar thermal energy","Electricity Generation (GWh)","All","2001",-
"Uzbekistan","Solar thermal energy","Electricity Generation (GWh)","All","2002",-
"Uzbekistan","Solar thermal energy","Electricity Generation (GWh)","All","2003",-
"Uzbekistan","Solar thermal energy","Electricity Generation (GWh)","All","2004",-
"Uzbekistan","Solar thermal energy","Electricity Generation (GWh)","All","2005",-
"Uzbekistan","Solar thermal energy","Electricity Generation (GWh)","All","2006",-
"Uzbekistan","Solar thermal energy","Electricity Generation (GWh)","All","2007",-
"Uzbekistan","Solar thermal energy","Electricity Generation (GWh)","All","2008",-
"Uzbekistan","Solar thermal energy","Electricity Generation (GWh)","All","2009",-
"Uzbekistan","Solar thermal energy","Electricity Generation (GWh)","All","2010",-
"Uzbekistan","Solar thermal energy","Electricity Generation (GWh)","All","2011",-
"Uzbekistan","Solar thermal energy","Electricity Generation (GWh)","All","2012",-
"Uzbekistan","Solar thermal energy","Electricity Generation (GWh)","All","2013",-
"Uzbekistan","Solar thermal energy","Electricity Generation (GWh)","All","2014",-
"Uzbekistan","Solar thermal energy","Electricity Generation (GWh)","All","2015",-
"Uzbekistan","Solar thermal energy","Electricity Generation (GWh)","All","2016",-
"Uzbekistan","Solar thermal energy","Electricity Generation (GWh)","All","2017",-
"Uzbekistan","Solar thermal energy","Electricity Generation (GWh)","All","2018",-
"Uzbekistan","Solar thermal energy","Electricity Generation (GWh)","All","2019",-
"Uzbekistan","Solar thermal energy","Electricity Generation (GWh)","All","2020",-
"Uzbekistan","Solar thermal energy","Electricity Generation (GWh)","All","2021",-
"Uzbekistan","Solar thermal energy","Electricity Generation (GWh)","All","2022",-
"Uzbekistan","Solar thermal energy","Electricity Generation (GWh)","All","2023",-
"Uzbekistan","Solar thermal energy","Electricity Generation (GWh)","All","2024",-
"Uzbekistan","Solar thermal energy","Electricity Generation (GWh)","On-grid","2000",-
"Uzbekistan","Solar thermal energy","Electricity Generation (GWh)","On-grid","2001",-
"Uzbekistan","Solar thermal energy","Electricity Generation (GWh)","On-grid","2002",-
"Uzbekistan","Solar thermal energy","Electricity Generation (GWh)","On-grid","2003",-
"Uzbekistan","Solar thermal energy","Electricity Generation (GWh)","On-grid","2004",-
"Uzbekistan","Solar thermal energy","Electricity Generation (GWh)","On-grid","2005",-
"Uzbekistan","Solar thermal energy","Electricity Generation (GWh)","On-grid","2006",-
"Uzbekistan","Solar thermal energy","Electricity Generation (GWh)","On-grid","2007",-
"Uzbekistan","Solar thermal energy","Electricity Generation (GWh)","On-grid","2008",-
"Uzbekistan","Solar thermal energy","Electricity Generation (GWh)","On-grid","2009",-
"Uzbekistan","Solar thermal energy","Electricity Generation (GWh)","On-grid","2010",-
"Uzbekistan","Solar thermal energy","Electricity Generation (GWh)","On-grid","2011",-
"Uzbekistan","Solar thermal energy","Electricity Generation (GWh)","On-grid","2012",-
"Uzbekistan","Solar thermal energy","Electricity Generation (GWh)","On-grid","2013",-
"Uzbekistan","Solar thermal energy","Electricity Generation (GWh)","On-grid","2014",-
"Uzbekistan","Solar thermal energy","Electricity Generation (GWh)","On-grid","2015",-
"Uzbekistan","Solar thermal energy","Electricity Generation (GWh)","On-grid","2016",-
"Uzbekistan","Solar thermal energy","Electricity Generation (GWh)","On-grid","2017",-
"Uzbekistan","Solar thermal energy","Electricity Generation (GWh)","On-grid","2018",-
"Uzbekistan","Solar thermal energy","Electricity Generation (GWh)","On-grid","2019",-
"Uzbekistan","Solar thermal energy","Electricity Generation (GWh)","On-grid","2020",-
"Uzbekistan","Solar thermal energy","Electricity Generation (GWh)","On-grid","2021",-
"Uzbekistan","Solar thermal energy","Electricity Generation (GWh)","On-grid","2022",-
"Uzbekistan","Solar thermal energy","Electricity Generation (GWh)","On-grid","2023",-
"Uzbekistan","Solar thermal energy","Electricity Generation (GWh)","On-grid","2024",-
"Uzbekistan","Solar thermal energy","Electricity Generation (GWh)","Off-grid","2000",-
"Uzbekistan","Solar thermal energy","Electricity Generation (GWh)","Off-grid","2001",-
"Uzbekistan","Solar thermal energy","Electricity Generation (GWh)","Off-grid","2002",-
"Uzbekistan","Solar thermal energy","Electricity Generation (GWh)","Off-grid","2003",-
"Uzbekistan","Solar thermal energy","Electricity Generation (GWh)","Off-grid","2004",-
"Uzbekistan","Solar thermal energy","Electricity Generation (GWh)","Off-grid","2005",-
"Uzbekistan","Solar thermal energy","Electricity Generation (GWh)","Off-grid","2006",-
"Uzbekistan","Solar thermal energy","Electricity Generation (GWh)","Off-grid","2007",-
"Uzbekistan","Solar thermal energy","Electricity Generation (GWh)","Off-grid","2008",-
"Uzbekistan","Solar thermal energy","Electricity Generation (GWh)","Off-grid","2009",-
"Uzbekistan","Solar thermal energy","Electricity Generation (GWh)","Off-grid","2010",-
"Uzbekistan","Solar thermal energy","Electricity Generation (GWh)","Off-grid","2011",-
"Uzbekistan","Solar thermal energy","Electricity Generation (GWh)","Off-grid","2012",-
"Uzbekistan","Solar thermal energy","Electricity Generation (GWh)","Off-grid","2013",-
"Uzbekistan","Solar thermal energy","Electricity Generation (GWh)","Off-grid","2014",-
"Uzbekistan","Solar thermal energy","Electricity Generation (GWh)","Off-grid","2015",-
"Uzbekistan","Solar thermal energy","Electricity Generation (GWh)","Off-grid","2016",-
"Uzbekistan","Solar thermal energy","Electricity Generation (GWh)","Off-grid","2017",-
"Uzbekistan","Solar thermal energy","Electricity Generation (GWh)","Off-grid","2018",-
"Uzbekistan","Solar thermal energy","Electricity Generation (GWh)","Off-grid","2019",-
"Uzbekistan","Solar thermal energy","Electricity Generation (GWh)","Off-grid","2020",-
"Uzbekistan","Solar thermal energy","Electricity Generation (GWh)","Off-grid","2021",-
"Uzbekistan","Solar thermal energy","Electricity Generation (GWh)","Off-grid","2022",-
"Uzbekistan","Solar thermal energy","Electricity Generation (GWh)","Off-grid","2023",-
"Uzbekistan","Solar thermal energy","Electricity Generation (GWh)","Off-grid","2024",-
"Uzbekistan","Onshore wind energy","Electricity Installed Capacity (MW)","All","2000",-
"Uzbekistan","Onshore wind energy","Electricity Installed Capacity (MW)","All","2001",-
"Uzbekistan","Onshore wind energy","Electricity Installed Capacity (MW)","All","2002",-
"Uzbekistan","Onshore wind energy","Electricity Installed Capacity (MW)","All","2003",-
"Uzbekistan","Onshore wind energy","Electricity Installed Capacity (MW)","All","2004",-
"Uzbekistan","Onshore wind energy","Electricity Installed Capacity (MW)","All","2005",-
"Uzbekistan","Onshore wind energy","Electricity Installed Capacity (MW)","All","2006",-
"Uzbekistan","Onshore wind energy","Electricity Installed Capacity (MW)","All","2007",-
"Uzbekistan","Onshore wind energy","Electricity Installed Capacity (MW)","All","2008",-
"Uzbekistan","Onshore wind energy","Electricity Installed Capacity (MW)","All","2009",-
"Uzbekistan","Onshore wind energy","Electricity Installed Capacity (MW)","All","2010",-
"Uzbekistan","Onshore wind energy","Electricity Installed Capacity (MW)","All","2011",-
"Uzbekistan","Onshore wind energy","Electricity Installed Capacity (MW)","All","2012",-
"Uzbekistan","Onshore wind energy","Electricity Installed Capacity (MW)","All","2013",-
"Uzbekistan","Onshore wind energy","Electricity Installed Capacity (MW)","All","2014",-
"Uzbekistan","Onshore wind energy","Electricity Installed Capacity (MW)","All","2015",-
"Uzbekistan","Onshore wind energy","Electricity Installed Capacity (MW)","All","2016",-
"Uzbekistan","Onshore wind energy","Electricity Installed Capacity (MW)","All","2017",0.75
"Uzbekistan","Onshore wind energy","Electricity Installed Capacity (MW)","All","2018",0.75
"Uzbekistan","Onshore wind energy","Electricity Installed Capacity (MW)","All","2019",0.75
"Uzbekistan","Onshore wind energy","Electricity Installed Capacity (MW)","All","2020",0.75
"Uzbekistan","Onshore wind energy","Electricity Installed Capacity (MW)","All","2021",0.75
"Uzbekistan","Onshore wind energy","Electricity Installed Capacity (MW)","All","2022",0.75
"Uzbekistan","Onshore wind energy","Electricity Installed Capacity (MW)","All","2023",0.75
"Uzbekistan","Onshore wind energy","Electricity Installed Capacity (MW)","All","2024",500.75
"Uzbekistan","Onshore wind energy","Electricity Installed Capacity (MW)","On-grid","2000",-
"Uzbekistan","Onshore wind energy","Electricity Installed Capacity (MW)","On-grid","2001",-
"Uzbekistan","Onshore wind energy","Electricity Installed Capacity (MW)","On-grid","2002",-
"Uzbekistan","Onshore wind energy","Electricity Installed Capacity (MW)","On-grid","2003",-
"Uzbekistan","Onshore wind energy","Electricity Installed Capacity (MW)","On-grid","2004",-
"Uzbekistan","Onshore wind energy","Electricity Installed Capacity (MW)","On-grid","2005",-
"Uzbekistan","Onshore wind energy","Electricity Installed Capacity (MW)","On-grid","2006",-
"Uzbekistan","Onshore wind energy","Electricity Installed Capacity (MW)","On-grid","2007",-
"Uzbekistan","Onshore wind energy","Electricity Installed Capacity (MW)","On-grid","2008",-
"Uzbekistan","Onshore wind energy","Electricity Installed Capacity (MW)","On-grid","2009",-
"Uzbekistan","Onshore wind energy","Electricity Installed Capacity (MW)","On-grid","2010",-
"Uzbekistan","Onshore wind energy","Electricity Installed Capacity (MW)","On-grid","2011",-
"Uzbekistan","Onshore wind energy","Electricity Installed Capacity (MW)","On-grid","2012",-
"Uzbekistan","Onshore wind energy","Electricity Installed Capacity (MW)","On-grid","2013",-
"Uzbekistan","Onshore wind energy","Electricity Installed Capacity (MW)","On-grid","2014",-
"Uzbekistan","Onshore wind energy","Electricity Installed Capacity (MW)","On-grid","2015",-
"Uzbekistan","Onshore wind energy","Electricity Installed Capacity (MW)","On-grid","2016",-
"Uzbekistan","Onshore wind energy","Electricity Installed Capacity (MW)","On-grid","2017",0.75
"Uzbekistan","Onshore wind energy","Electricity Installed Capacity (MW)","On-grid","2018",0.75
"Uzbekistan","Onshore wind energy","Electricity Installed Capacity (MW)","On-grid","2019",0.75
"Uzbekistan","Onshore wind energy","Electricity Installed Capacity (MW)","On-grid","2020",0.75
"Uzbekistan","Onshore wind energy","Electricity Installed Capacity (MW)","On-grid","2021",0.75
"Uzbekistan","Onshore wind energy","Electricity Installed Capacity (MW)","On-grid","2022",0.75
"Uzbekistan","Onshore wind energy","Electricity Installed Capacity (MW)","On-grid","2023",0.75
"Uzbekistan","Onshore wind energy","Electricity Installed Capacity (MW)","On-grid","2024",500.75
"Uzbekistan","Onshore wind energy","Electricity Installed Capacity (MW)","Off-grid","2000",-
"Uzbekistan","Onshore wind energy","Electricity Installed Capacity (MW)","Off-grid","2001",-
"Uzbekistan","Onshore wind energy","Electricity Installed Capacity (MW)","Off-grid","2002",-
"Uzbekistan","Onshore wind energy","Electricity Installed Capacity (MW)","Off-grid","2003",-
"Uzbekistan","Onshore wind energy","Electricity Installed Capacity (MW)","Off-grid","2004",-
"Uzbekistan","Onshore wind energy","Electricity Installed Capacity (MW)","Off-grid","2005",-
"Uzbekistan","Onshore wind energy","Electricity Installed Capacity (MW)","Off-grid","2006",-
"Uzbekistan","Onshore wind energy","Electricity Installed Capacity (MW)","Off-grid","2007",-
"Uzbekistan","Onshore wind energy","Electricity Installed Capacity (MW)","Off-grid","2008",-
"Uzbekistan","Onshore wind energy","Electricity Installed Capacity (MW)","Off-grid","2009",-
"Uzbekistan","Onshore wind energy","Electricity Installed Capacity (MW)","Off-grid","2010",-
"Uzbekistan","Onshore wind energy","Electricity Installed Capacity (MW)","Off-grid","2011",-
"Uzbekistan","Onshore wind energy","Electricity Installed Capacity (MW)","Off-grid","2012",-
"Uzbekistan","Onshore wind energy","Electricity Installed Capacity (MW)","Off-grid","2013",-
"Uzbekistan","Onshore wind energy","Electricity Installed Capacity (MW)","Off-grid","2014",-
"Uzbekistan","Onshore wind energy","Electricity Installed Capacity (MW)","Off-grid","2015",-
"Uzbekistan","Onshore wind energy","Electricity Installed Capacity (MW)","Off-grid","2016",-
"Uzbekistan","Onshore wind energy","Electricity Installed Capacity (MW)","Off-grid","2017",-
"Uzbekistan","Onshore wind energy","Electricity Installed Capacity (MW)","Off-grid","2018",-
"Uzbekistan","Onshore wind energy","Electricity Installed Capacity (MW)","Off-grid","2019",-
"Uzbekistan","Onshore wind energy","Electricity Installed Capacity (MW)","Off-grid","2020",-
"Uzbekistan","Onshore wind energy","Electricity Installed Capacity (MW)","Off-grid","2021",-
"Uzbekistan","Onshore wind energy","Electricity Installed Capacity (MW)","Off-grid","2022",-
"Uzbekistan","Onshore wind energy","Electricity Installed Capacity (MW)","Off-grid","2023",-
"Uzbekistan","Onshore wind energy","Electricity Installed Capacity (MW)","Off-grid","2024",-
"Uzbekistan","Onshore wind energy","Electricity Generation (GWh)","All","2000",-
"Uzbekistan","Onshore wind energy","Electricity Generation (GWh)","All","2001",-
"Uzbekistan","Onshore wind energy","Electricity Generation (GWh)","All","2002",-
"Uzbekistan","Onshore wind energy","Electricity Generation (GWh)","All","2003",-
"Uzbekistan","Onshore wind energy","Electricity Generation (GWh)","All","2004",-
"Uzbekistan","Onshore wind energy","Electricity Generation (GWh)","All","2005",-
"Uzbekistan","Onshore wind energy","Electricity Generation (GWh)","All","2006",-
"Uzbekistan","Onshore wind energy","Electricity Generation (GWh)","All","2007",-
"Uzbekistan","Onshore wind energy","Electricity Generation (GWh)","All","2008",-
"Uzbekistan","Onshore wind energy","Electricity Generation (GWh)","All","2009",-
"Uzbekistan","Onshore wind energy","Electricity Generation (GWh)","All","2010",-
"Uzbekistan","Onshore wind energy","Electricity Generation (GWh)","All","2011",-
"Uzbekistan","Onshore wind energy","Electricity Generation (GWh)","All","2012",-
"Uzbekistan","Onshore wind energy","Electricity Generation (GWh)","All","2013",-
"Uzbekistan","Onshore wind energy","Electricity Generation (GWh)","All","2014",-
"Uzbekistan","Onshore wind energy","Electricity Generation (GWh)","All","2015",-
"Uzbekistan","Onshore wind energy","Electricity Generation (GWh)","All","2016",-
"Uzbekistan","Onshore wind energy","Electricity Generation (GWh)","All","2017",-
"Uzbekistan","Onshore wind energy","Electricity Generation (GWh)","All","2018",-
"Uzbekistan","Onshore wind energy","Electricity Generation (GWh)","All","2019",15.50
"Uzbekistan","Onshore wind energy","Electricity Generation (GWh)","All","2020",15.50
"Uzbekistan","Onshore wind energy","Electricity Generation (GWh)","All","2021",1.20
"Uzbekistan","Onshore wind energy","Electricity Generation (GWh)","All","2022",-
"Uzbekistan","Onshore wind energy","Electricity Generation (GWh)","All","2023",7.20
"Uzbekistan","Onshore wind energy","Electricity Generation (GWh)","All","2024",-
"Uzbekistan","Onshore wind energy","Electricity Generation (GWh)","On-grid","2000",-
"Uzbekistan","Onshore wind energy","Electricity Generation (GWh)","On-grid","2001",-
"Uzbekistan","Onshore wind energy","Electricity Generation (GWh)","On-grid","2002",-
"Uzbekistan","Onshore wind energy","Electricity Generation (GWh)","On-grid","2003",-
"Uzbekistan","Onshore wind energy","Electricity Generation (GWh)","On-grid","2004",-
"Uzbekistan","Onshore wind energy","Electricity Generation (GWh)","On-grid","2005",-
"Uzbekistan","Onshore wind energy","Electricity Generation (GWh)","On-grid","2006",-
"Uzbekistan","Onshore wind energy","Electricity Generation (GWh)","On-grid","2007",-
"Uzbekistan","Onshore wind energy","Electricity Generation (GWh)","On-grid","2008",-
"Uzbekistan","Onshore wind energy","Electricity Generation (GWh)","On-grid","2009",-
"Uzbekistan","Onshore wind energy","Electricity Generation (GWh)","On-grid","2010",-
"Uzbekistan","Onshore wind energy","Electricity Generation (GWh)","On-grid","2011",-
"Uzbekistan","Onshore wind energy","Electricity Generation (GWh)","On-grid","2012",-
"Uzbekistan","Onshore wind energy","Electricity Generation (GWh)","On-grid","2013",-
"Uzbekistan","Onshore wind energy","Electricity Generation (GWh)","On-grid","2014",-
"Uzbekistan","Onshore wind energy","Electricity Generation (GWh)","On-grid","2015",-
"Uzbekistan","Onshore wind energy","Electricity Generation (GWh)","On-grid","2016",-
"Uzbekistan","Onshore wind energy","Electricity Generation (GWh)","On-grid","2017",-
"Uzbekistan","Onshore wind energy","Electricity Generation (GWh)","On-grid","2018",-
"Uzbekistan","Onshore wind energy","Electricity Generation (GWh)","On-grid","2019",15.50
"Uzbekistan","Onshore wind energy","Electricity Generation (GWh)","On-grid","2020",15.50
"Uzbekistan","Onshore wind energy","Electricity Generation (GWh)","On-grid","2021",1.20
"Uzbekistan","Onshore wind energy","Electricity Generation (GWh)","On-grid","2022",-
"Uzbekistan","Onshore wind energy","Electricity Generation (GWh)","On-grid","2023",7.20
"Uzbekistan","Onshore wind energy","Electricity Generation (GWh)","On-grid","2024",-
"Uzbekistan","Onshore wind energy","Electricity Generation (GWh)","Off-grid","2000",-
"Uzbekistan","Onshore wind energy","Electricity Generation (GWh)","Off-grid","2001",-
"Uzbekistan","Onshore wind energy","Electricity Generation (GWh)","Off-grid","2002",-
"Uzbekistan","Onshore wind energy","Electricity Generation (GWh)","Off-grid","2003",-
"Uzbekistan","Onshore wind energy","Electricity Generation (GWh)","Off-grid","2004",-
"Uzbekistan","Onshore wind energy","Electricity Generation (GWh)","Off-grid","2005",-
"Uzbekistan","Onshore wind energy","Electricity Generation (GWh)","Off-grid","2006",-
"Uzbekistan","Onshore wind energy","Electricity Generation (GWh)","Off-grid","2007",-
"Uzbekistan","Onshore wind energy","Electricity Generation (GWh)","Off-grid","2008",-
"Uzbekistan","Onshore wind energy","Electricity Generation (GWh)","Off-grid","2009",-
"Uzbekistan","Onshore wind energy","Electricity Generation (GWh)","Off-grid","2010",-
"Uzbekistan","Onshore wind energy","Electricity Generation (GWh)","Off-grid","2011",-
"Uzbekistan","Onshore wind energy","Electricity Generation (GWh)","Off-grid","2012",-
"Uzbekistan","Onshore wind energy","Electricity Generation (GWh)","Off-grid","2013",-
"Uzbekistan","Onshore wind energy","Electricity Generation (GWh)","Off-grid","2014",-
"Uzbekistan","Onshore wind energy","Electricity Generation (GWh)","Off-grid","2015",-
"Uzbekistan","Onshore wind energy","Electricity Generation (GWh)","Off-grid","2016",-
"Uzbekistan","Onshore wind energy","Electricity Generation (GWh)","Off-grid","2017",-
"Uzbekistan","Onshore wind energy","Electricity Generation (GWh)","Off-grid","2018",-
"Uzbekistan","Onshore wind energy","Electricity Generation (GWh)","Off-grid","2019",-
"Uzbekistan","Onshore wind energy","Electricity Generation (GWh)","Off-grid","2020",-
"Uzbekistan","Onshore wind energy","Electricity Generation (GWh)","Off-grid","2021",-
"Uzbekistan","Onshore wind energy","Electricity Generation (GWh)","Off-grid","2022",-
"Uzbekistan","Onshore wind energy","Electricity Generation (GWh)","Off-grid","2023",-
"Uzbekistan","Onshore wind energy","Electricity Generation (GWh)","Off-grid","2024",-
"Uzbekistan","Offshore wind energy","Electricity Installed Capacity (MW)","All","2000",-
"Uzbekistan","Offshore wind energy","Electricity Installed Capacity (MW)","All","2001",-
"Uzbekistan","Offshore wind energy","Electricity Installed Capacity (MW)","All","2002",-
"Uzbekistan","Offshore wind energy","Electricity Installed Capacity (MW)","All","2003",-
"Uzbekistan","Offshore wind energy","Electricity Installed Capacity (MW)","All","2004",-
"Uzbekistan","Offshore wind energy","Electricity Installed Capacity (MW)","All","2005",-
"Uzbekistan","Offshore wind energy","Electricity Installed Capacity (MW)","All","2006",-
"Uzbekistan","Offshore wind energy","Electricity Installed Capacity (MW)","All","2007",-
"Uzbekistan","Offshore wind energy","Electricity Installed Capacity (MW)","All","2008",-
"Uzbekistan","Offshore wind energy","Electricity Installed Capacity (MW)","All","2009",-
"Uzbekistan","Offshore wind energy","Electricity Installed Capacity (MW)","All","2010",-
"Uzbekistan","Offshore wind energy","Electricity Installed Capacity (MW)","All","2011",-
"Uzbekistan","Offshore wind energy","Electricity Installed Capacity (MW)","All","2012",-
"Uzbekistan","Offshore wind energy","Electricity Installed Capacity (MW)","All","2013",-
"Uzbekistan","Offshore wind energy","Electricity Installed Capacity (MW)","All","2014",-
"Uzbekistan","Offshore wind energy","Electricity Installed Capacity (MW)","All","2015",-
"Uzbekistan","Offshore wind energy","Electricity Installed Capacity (MW)","All","2016",-
"Uzbekistan","Offshore wind energy","Electricity Installed Capacity (MW)","All","2017",-
"Uzbekistan","Offshore wind energy","Electricity Installed Capacity (MW)","All","2018",-
"Uzbekistan","Offshore wind energy","Electricity Installed Capacity (MW)","All","2019",-
"Uzbekistan","Offshore wind energy","Electricity Installed Capacity (MW)","All","2020",-
"Uzbekistan","Offshore wind energy","Electricity Installed Capacity (MW)","All","2021",-
"Uzbekistan","Offshore wind energy","Electricity Installed Capacity (MW)","All","2022",-
"Uzbekistan","Offshore wind energy","Electricity Installed Capacity (MW)","All","2023",-
"Uzbekistan","Offshore wind energy","Electricity Installed Capacity (MW)","All","2024",-
"Uzbekistan","Offshore wind energy","Electricity Installed Capacity (MW)","On-grid","2000",-
"Uzbekistan","Offshore wind energy","Electricity Installed Capacity (MW)","On-grid","2001",-
"Uzbekistan","Offshore wind energy","Electricity Installed Capacity (MW)","On-grid","2002",-
"Uzbekistan","Offshore wind energy","Electricity Installed Capacity (MW)","On-grid","2003",-
"Uzbekistan","Offshore wind energy","Electricity Installed Capacity (MW)","On-grid","2004",-
"Uzbekistan","Offshore wind energy","Electricity Installed Capacity (MW)","On-grid","2005",-
"Uzbekistan","Offshore wind energy","Electricity Installed Capacity (MW)","On-grid","2006",-
"Uzbekistan","Offshore wind energy","Electricity Installed Capacity (MW)","On-grid","2007",-
"Uzbekistan","Offshore wind energy","Electricity Installed Capacity (MW)","On-grid","2008",-
"Uzbekistan","Offshore wind energy","Electricity Installed Capacity (MW)","On-grid","2009",-
"Uzbekistan","Offshore wind energy","Electricity Installed Capacity (MW)","On-grid","2010",-
"Uzbekistan","Offshore wind energy","Electricity Installed Capacity (MW)","On-grid","2011",-
"Uzbekistan","Offshore wind energy","Electricity Installed Capacity (MW)","On-grid","2012",-
"Uzbekistan","Offshore wind energy","Electricity Installed Capacity (MW)","On-grid","2013",-
"Uzbekistan","Offshore wind energy","Electricity Installed Capacity (MW)","On-grid","2014",-
"Uzbekistan","Offshore wind energy","Electricity Installed Capacity (MW)","On-grid","2015",-
"Uzbekistan","Offshore wind energy","Electricity Installed Capacity (MW)","On-grid","2016",-
"Uzbekistan","Offshore wind energy","Electricity Installed Capacity (MW)","On-grid","2017",-
"Uzbekistan","Offshore wind energy","Electricity Installed Capacity (MW)","On-grid","2018",-
"Uzbekistan","Offshore wind energy","Electricity Installed Capacity (MW)","On-grid","2019",-
"Uzbekistan","Offshore wind energy","Electricity Installed Capacity (MW)","On-grid","2020",-
"Uzbekistan","Offshore wind energy","Electricity Installed Capacity (MW)","On-grid","2021",-
"Uzbekistan","Offshore wind energy","Electricity Installed Capacity (MW)","On-grid","2022",-
"Uzbekistan","Offshore wind energy","Electricity Installed Capacity (MW)","On-grid","2023",-
"Uzbekistan","Offshore wind energy","Electricity Installed Capacity (MW)","On-grid","2024",-
"Uzbekistan","Offshore wind energy","Electricity Installed Capacity (MW)","Off-grid","2000",-
"Uzbekistan","Offshore wind energy","Electricity Installed Capacity (MW)","Off-grid","2001",-
"Uzbekistan","Offshore wind energy","Electricity Installed Capacity (MW)","Off-grid","2002",-
"Uzbekistan","Offshore wind energy","Electricity Installed Capacity (MW)","Off-grid","2003",-
"Uzbekistan","Offshore wind energy","Electricity Installed Capacity (MW)","Off-grid","2004",-
"Uzbekistan","Offshore wind energy","Electricity Installed Capacity (MW)","Off-grid","2005",-
"Uzbekistan","Offshore wind energy","Electricity Installed Capacity (MW)","Off-grid","2006",-
"Uzbekistan","Offshore wind energy","Electricity Installed Capacity (MW)","Off-grid","2007",-
"Uzbekistan","Offshore wind energy","Electricity Installed Capacity (MW)","Off-grid","2008",-
"Uzbekistan","Offshore wind energy","Electricity Installed Capacity (MW)","Off-grid","2009",-
"Uzbekistan","Offshore wind energy","Electricity Installed Capacity (MW)","Off-grid","2010",-
"Uzbekistan","Offshore wind energy","Electricity Installed Capacity (MW)","Off-grid","2011",-
"Uzbekistan","Offshore wind energy","Electricity Installed Capacity (MW)","Off-grid","2012",-
"Uzbekistan","Offshore wind energy","Electricity Installed Capacity (MW)","Off-grid","2013",-
"Uzbekistan","Offshore wind energy","Electricity Installed Capacity (MW)","Off-grid","2014",-
"Uzbekistan","Offshore wind energy","Electricity Installed Capacity (MW)","Off-grid","2015",-
"Uzbekistan","Offshore wind energy","Electricity Installed Capacity (MW)","Off-grid","2016",-
"Uzbekistan","Offshore wind energy","Electricity Installed Capacity (MW)","Off-grid","2017",-
"Uzbekistan","Offshore wind energy","Electricity Installed Capacity (MW)","Off-grid","2018",-
"Uzbekistan","Offshore wind energy","Electricity Installed Capacity (MW)","Off-grid","2019",-
"Uzbekistan","Offshore wind energy","Electricity Installed Capacity (MW)","Off-grid","2020",-
"Uzbekistan","Offshore wind energy","Electricity Installed Capacity (MW)","Off-grid","2021",-
"Uzbekistan","Offshore wind energy","Electricity Installed Capacity (MW)","Off-grid","2022",-
"Uzbekistan","Offshore wind energy","Electricity Installed Capacity (MW)","Off-grid","2023",-
"Uzbekistan","Offshore wind energy","Electricity Installed Capacity (MW)","Off-grid","2024",-
"Uzbekistan","Offshore wind energy","Electricity Generation (GWh)","All","2000",-
"Uzbekistan","Offshore wind energy","Electricity Generation (GWh)","All","2001",-
"Uzbekistan","Offshore wind energy","Electricity Generation (GWh)","All","2002",-
"Uzbekistan","Offshore wind energy","Electricity Generation (GWh)","All","2003",-
"Uzbekistan","Offshore wind energy","Electricity Generation (GWh)","All","2004",-
"Uzbekistan","Offshore wind energy","Electricity Generation (GWh)","All","2005",-
"Uzbekistan","Offshore wind energy","Electricity Generation (GWh)","All","2006",-
"Uzbekistan","Offshore wind energy","Electricity Generation (GWh)","All","2007",-
"Uzbekistan","Offshore wind energy","Electricity Generation (GWh)","All","2008",-
"Uzbekistan","Offshore wind energy","Electricity Generation (GWh)","All","2009",-
"Uzbekistan","Offshore wind energy","Electricity Generation (GWh)","All","2010",-
"Uzbekistan","Offshore wind energy","Electricity Generation (GWh)","All","2011",-
"Uzbekistan","Offshore wind energy","Electricity Generation (GWh)","All","2012",-
"Uzbekistan","Offshore wind energy","Electricity Generation (GWh)","All","2013",-
"Uzbekistan","Offshore wind energy","Electricity Generation (GWh)","All","2014",-
"Uzbekistan","Offshore wind energy","Electricity Generation (GWh)","All","2015",-
"Uzbekistan","Offshore wind energy","Electricity Generation (GWh)","All","2016",-
"Uzbekistan","Offshore wind energy","Electricity Generation (GWh)","All","2017",-
"Uzbekistan","Offshore wind energy","Electricity Generation (GWh)","All","2018",-
"Uzbekistan","Offshore wind energy","Electricity Generation (GWh)","All","2019",-
"Uzbekistan","Offshore wind energy","Electricity Generation (GWh)","All","2020",-
"Uzbekistan","Offshore wind energy","Electricity Generation (GWh)","All","2021",-
"Uzbekistan","Offshore wind energy","Electricity Generation (GWh)","All","2022",-
"Uzbekistan","Offshore wind energy","Electricity Generation (GWh)","All","2023",-
"Uzbekistan","Offshore wind energy","Electricity Generation (GWh)","All","2024",-
"Uzbekistan","Offshore wind energy","Electricity Generation (GWh)","On-grid","2000",-
"Uzbekistan","Offshore wind energy","Electricity Generation (GWh)","On-grid","2001",-
"Uzbekistan","Offshore wind energy","Electricity Generation (GWh)","On-grid","2002",-
"Uzbekistan","Offshore wind energy","Electricity Generation (GWh)","On-grid","2003",-
"Uzbekistan","Offshore wind energy","Electricity Generation (GWh)","On-grid","2004",-
"Uzbekistan","Offshore wind energy","Electricity Generation (GWh)","On-grid","2005",-
"Uzbekistan","Offshore wind energy","Electricity Generation (GWh)","On-grid","2006",-
"Uzbekistan","Offshore wind energy","Electricity Generation (GWh)","On-grid","2007",-
"Uzbekistan","Offshore wind energy","Electricity Generation (GWh)","On-grid","2008",-
"Uzbekistan","Offshore wind energy","Electricity Generation (GWh)","On-grid","2009",-
"Uzbekistan","Offshore wind energy","Electricity Generation (GWh)","On-grid","2010",-
"Uzbekistan","Offshore wind energy","Electricity Generation (GWh)","On-grid","2011",-
"Uzbekistan","Offshore wind energy","Electricity Generation (GWh)","On-grid","2012",-
"Uzbekistan","Offshore wind energy","Electricity Generation (GWh)","On-grid","2013",-
"Uzbekistan","Offshore wind energy","Electricity Generation (GWh)","On-grid","2014",-
"Uzbekistan","Offshore wind energy","Electricity Generation (GWh)","On-grid","2015",-
"Uzbekistan","Offshore wind energy","Electricity Generation (GWh)","On-grid","2016",-
"Uzbekistan","Offshore wind energy","Electricity Generation (GWh)","On-grid","2017",-
"Uzbekistan","Offshore wind energy","Electricity Generation (GWh)","On-grid","2018",-
"Uzbekistan","Offshore wind energy","Electricity Generation (GWh)","On-grid","2019",-
"Uzbekistan","Offshore wind energy","Electricity Generation (GWh)","On-grid","2020",-
"Uzbekistan","Offshore wind energy","Electricity Generation (GWh)","On-grid","2021",-
"Uzbekistan","Offshore wind energy","Electricity Generation (GWh)","On-grid","2022",-
"Uzbekistan","Offshore wind energy","Electricity Generation (GWh)","On-grid","2023",-
"Uzbekistan","Offshore wind energy","Electricity Generation (GWh)","On-grid","2024",-
"Uzbekistan","Offshore wind energy","Electricity Generation (GWh)","Off-grid","2000",-
"Uzbekistan","Offshore wind energy","Electricity Generation (GWh)","Off-grid","2001",-
"Uzbekistan","Offshore wind energy","Electricity Generation (GWh)","Off-grid","2002",-
"Uzbekistan","Offshore wind energy","Electricity Generation (GWh)","Off-grid","2003",-
"Uzbekistan","Offshore wind energy","Electricity Generation (GWh)","Off-grid","2004",-
"Uzbekistan","Offshore wind energy","Electricity Generation (GWh)","Off-grid","2005",-
"Uzbekistan","Offshore wind energy","Electricity Generation (GWh)","Off-grid","2006",-
"Uzbekistan","Offshore wind energy","Electricity Generation (GWh)","Off-grid","2007",-
"Uzbekistan","Offshore wind energy","Electricity Generation (GWh)","Off-grid","2008",-
"Uzbekistan","Offshore wind energy","Electricity Generation (GWh)","Off-grid","2009",-
"Uzbekistan","Offshore wind energy","Electricity Generation (GWh)","Off-grid","2010",-
"Uzbekistan","Offshore wind energy","Electricity Generation (GWh)","Off-grid","2011",-
"Uzbekistan","Offshore wind energy","Electricity Generation (GWh)","Off-grid","2012",-
"Uzbekistan","Offshore wind energy","Electricity Generation (GWh)","Off-grid","2013",-
"Uzbekistan","Offshore wind energy","Electricity Generation (GWh)","Off-grid","2014",-
"Uzbekistan","Offshore wind energy","Electricity Generation (GWh)","Off-grid","2015",-
"Uzbekistan","Offshore wind energy","Electricity Generation (GWh)","Off-grid","2016",-
"Uzbekistan","Offshore wind energy","Electricity Generation (GWh)","Off-grid","2017",-
"Uzbekistan","Offshore wind energy","Electricity Generation (GWh)","Off-grid","2018",-
"Uzbekistan","Offshore wind energy","Electricity Generation (GWh)","Off-grid","2019",-
"Uzbekistan","Offshore wind energy","Electricity Generation (GWh)","Off-grid","2020",-
"Uzbekistan","Offshore wind energy","Electricity Generation (GWh)","Off-grid","2021",-
"Uzbekistan","Offshore wind energy","Electricity Generation (GWh)","Off-grid","2022",-
"Uzbekistan","Offshore wind energy","Electricity Generation (GWh)","Off-grid","2023",-
"Uzbekistan","Offshore wind energy","Electricity Generation (GWh)","Off-grid","2024",-
"Uzbekistan","Renewable hydropower","Electricity Installed Capacity (MW)","All","2000",1596.00
"Uzbekistan","Renewable hydropower","Electricity Installed Capacity (MW)","All","2001",1596.00
"Uzbekistan","Renewable hydropower","Electricity Installed Capacity (MW)","All","2002",1596.00
"Uzbekistan","Renewable hydropower","Electricity Installed Capacity (MW)","All","2003",1599.00
"Uzbekistan","Renewable hydropower","Electricity Installed Capacity (MW)","All","2004",1751.00
"Uzbekistan","Renewable hydropower","Electricity Installed Capacity (MW)","All","2005",1709.00
"Uzbekistan","Renewable hydropower","Electricity Installed Capacity (MW)","All","2006",1710.00
"Uzbekistan","Renewable hydropower","Electricity Installed Capacity (MW)","All","2007",1710.00
"Uzbekistan","Renewable hydropower","Electricity Installed Capacity (MW)","All","2008",1743.00
"Uzbekistan","Renewable hydropower","Electricity Installed Capacity (MW)","All","2009",1742.80
"Uzbekistan","Renewable hydropower","Electricity Installed Capacity (MW)","All","2010",1792.90
"Uzbekistan","Renewable hydropower","Electricity Installed Capacity (MW)","All","2011",1787.90
"Uzbekistan","Renewable hydropower","Electricity Installed Capacity (MW)","All","2012",1822.20
"Uzbekistan","Renewable hydropower","Electricity Installed Capacity (MW)","All","2013",1822.00
"Uzbekistan","Renewable hydropower","Electricity Installed Capacity (MW)","All","2014",1871.00
"Uzbekistan","Renewable hydropower","Electricity Installed Capacity (MW)","All","2015",1880.40
"Uzbekistan","Renewable hydropower","Electricity Installed Capacity (MW)","All","2016",1880.40
"Uzbekistan","Renewable hydropower","Electricity Installed Capacity (MW)","All","2017",1857.50
"Uzbekistan","Renewable hydropower","Electricity Installed Capacity (MW)","All","2018",1914.90
"Uzbekistan","Renewable hydropower","Electricity Installed Capacity (MW)","All","2019",1907.50
"Uzbekistan","Renewable hydropower","Electricity Installed Capacity (MW)","All","2020",2020.60
"Uzbekistan","Renewable hydropower","Electricity Installed Capacity (MW)","All","2021",2051.90
"Uzbekistan","Renewable hydropower","Electricity Installed Capacity (MW)","All","2022",2225.20
"Uzbekistan","Renewable hydropower","Electricity Installed Capacity (MW)","All","2023",2381.60
"Uzbekistan","Renewable hydropower","Electricity Installed Capacity (MW)","All","2024",2391.10
"Uzbekistan","Renewable hydropower","Electricity Installed Capacity (MW)","On-grid","2000",1596.00
"Uzbekistan","Renewable hydropower","Electricity Installed Capacity (MW)","On-grid","2001",1596.00
"Uzbekistan","Renewable hydropower","Electricity Installed Capacity (MW)","On-grid","2002",1596.00
"Uzbekistan","Renewable hydropower","Electricity Installed Capacity (MW)","On-grid","2003",1599.00
"Uzbekistan","Renewable hydropower","Electricity Installed Capacity (MW)","On-grid","2004",1751.00
"Uzbekistan","Renewable hydropower","Electricity Installed Capacity (MW)","On-grid","2005",1709.00
"Uzbekistan","Renewable hydropower","Electricity Installed Capacity (MW)","On-grid","2006",1710.00
"Uzbekistan","Renewable hydropower","Electricity Installed Capacity (MW)","On-grid","2007",1710.00
"Uzbekistan","Renewable hydropower","Electricity Installed Capacity (MW)","On-grid","2008",1743.00
"Uzbekistan","Renewable hydropower","Electricity Installed Capacity (MW)","On-grid","2009",1742.80
"Uzbekistan","Renewable hydropower","Electricity Installed Capacity (MW)","On-grid","2010",1792.90
"Uzbekistan","Renewable hydropower","Electricity Installed Capacity (MW)","On-grid","2011",1787.90
"Uzbekistan","Renewable hydropower","Electricity Installed Capacity (MW)","On-grid","2012",1822.20
"Uzbekistan","Renewable hydropower","Electricity Installed Capacity (MW)","On-grid","2013",1822.00
"Uzbekistan","Renewable hydropower","Electricity Installed Capacity (MW)","On-grid","2014",1871.00
"Uzbekistan","Renewable hydropower","Electricity Installed Capacity (MW)","On-grid","2015",1880.40
"Uzbekistan","Renewable hydropower","Electricity Installed Capacity (MW)","On-grid","2016",1880.40
"Uzbekistan","Renewable hydropower","Electricity Installed Capacity (MW)","On-grid","2017",1857.50
"Uzbekistan","Renewable hydropower","Electricity Installed Capacity (MW)","On-grid","2018",1914.90
"Uzbekistan","Renewable hydropower","Electricity Installed Capacity (MW)","On-grid","2019",1907.50
"Uzbekistan","Renewable hydropower","Electricity Installed Capacity (MW)","On-grid","2020",2020.60
"Uzbekistan","Renewable hydropower","Electricity Installed Capacity (MW)","On-grid","2021",2051.90
"Uzbekistan","Renewable hydropower","Electricity Installed Capacity (MW)","On-grid","2022",2225.20
"Uzbekistan","Renewable hydropower","Electricity Installed Capacity (MW)","On-grid","2023",2381.60
"Uzbekistan","Renewable hydropower","Electricity Installed Capacity (MW)","On-grid","2024",2391.10
"Uzbekistan","Renewable hydropower","Electricity Installed Capacity (MW)","Off-grid","2000",-
"Uzbekistan","Renewable hydropower","Electricity Installed Capacity (MW)","Off-grid","2001",-
"Uzbekistan","Renewable hydropower","Electricity Installed Capacity (MW)","Off-grid","2002",-
"Uzbekistan","Renewable hydropower","Electricity Installed Capacity (MW)","Off-grid","2003",-
"Uzbekistan","Renewable hydropower","Electricity Installed Capacity (MW)","Off-grid","2004",-
"Uzbekistan","Renewable hydropower","Electricity Installed Capacity (MW)","Off-grid","2005",-
"Uzbekistan","Renewable hydropower","Electricity Installed Capacity (MW)","Off-grid","2006",-
"Uzbekistan","Renewable hydropower","Electricity Installed Capacity (MW)","Off-grid","2007",-
"Uzbekistan","Renewable hydropower","Electricity Installed Capacity (MW)","Off-grid","2008",-
"Uzbekistan","Renewable hydropower","Electricity Installed Capacity (MW)","Off-grid","2009",-
"Uzbekistan","Renewable hydropower","Electricity Installed Capacity (MW)","Off-grid","2010",-
"Uzbekistan","Renewable hydropower","Electricity Installed Capacity (MW)","Off-grid","2011",-
"Uzbekistan","Renewable hydropower","Electricity Installed Capacity (MW)","Off-grid","2012",-
"Uzbekistan","Renewable hydropower","Electricity Installed Capacity (MW)","Off-grid","2013",-
"Uzbekistan","Renewable hydropower","Electricity Installed Capacity (MW)","Off-grid","2014",-
"Uzbekistan","Renewable hydropower","Electricity Installed Capacity (MW)","Off-grid","2015",-
"Uzbekistan","Renewable hydropower","Electricity Installed Capacity (MW)","Off-grid","2016",-
"Uzbekistan","Renewable hydropower","Electricity Installed Capacity (MW)","Off-grid","2017",-
"Uzbekistan","Renewable hydropower","Electricity Installed Capacity (MW)","Off-grid","2018",-
"Uzbekistan","Renewable hydropower","Electricity Installed Capacity (MW)","Off-grid","2019",-
"Uzbekistan","Renewable hydropower","Electricity Installed Capacity (MW)","Off-grid","2020",-
"Uzbekistan","Renewable hydropower","Electricity Installed Capacity (MW)","Off-grid","2021",-
"Uzbekistan","Renewable hydropower","Electricity Installed Capacity (MW)","Off-grid","2022",-
"Uzbekistan","Renewable hydropower","Electricity Installed Capacity (MW)","Off-grid","2023",-
"Uzbekistan","Renewable hydropower","Electricity Installed Capacity (MW)","Off-grid","2024",-
"Uzbekistan","Renewable hydropower","Electricity Generation (GWh)","All","2000",5879.00
"Uzbekistan","Renewable hydropower","Electricity Generation (GWh)","All","2001",5959.00
"Uzbekistan","Renewable hydropower","Electricity Generation (GWh)","All","2002",6186.00
"Uzbekistan","Renewable hydropower","Electricity Generation (GWh)","All","2003",7620.00
"Uzbekistan","Renewable hydropower","Electricity Generation (GWh)","All","2004",9010.00
"Uzbekistan","Renewable hydropower","Electricity Generation (GWh)","All","2005",8630.00
"Uzbekistan","Renewable hydropower","Electricity Generation (GWh)","All","2006",9160.00
"Uzbekistan","Renewable hydropower","Electricity Generation (GWh)","All","2007",6400.00
"Uzbekistan","Renewable hydropower","Electricity Generation (GWh)","All","2008",11360.00
"Uzbekistan","Renewable hydropower","Electricity Generation (GWh)","All","2009",9330.00
"Uzbekistan","Renewable hydropower","Electricity Generation (GWh)","All","2010",8100.00
"Uzbekistan","Renewable hydropower","Electricity Generation (GWh)","All","2011",8100.00
"Uzbekistan","Renewable hydropower","Electricity Generation (GWh)","All","2012",8100.00
"Uzbekistan","Renewable hydropower","Electricity Generation (GWh)","All","2013",8100.00
"Uzbekistan","Renewable hydropower","Electricity Generation (GWh)","All","2014",8100.00
"Uzbekistan","Renewable hydropower","Electricity Generation (GWh)","All","2015",8100.00
"Uzbekistan","Renewable hydropower","Electricity Generation (GWh)","All","2016",8100.00
"Uzbekistan","Renewable hydropower","Electricity Generation (GWh)","All","2017",8100.00
"Uzbekistan","Renewable hydropower","Electricity Generation (GWh)","All","2018",5897.30
"Uzbekistan","Renewable hydropower","Electricity Generation (GWh)","All","2019",6452.00
"Uzbekistan","Renewable hydropower","Electricity Generation (GWh)","All","2020",5000.00
"Uzbekistan","Renewable hydropower","Electricity Generation (GWh)","All","2021",5000.00
"Uzbekistan","Renewable hydropower","Electricity Generation (GWh)","All","2022",6500.00
"Uzbekistan","Renewable hydropower","Electricity Generation (GWh)","All","2023",7770.40
"Uzbekistan","Renewable hydropower","Electricity Generation (GWh)","All","2024",-
"Uzbekistan","Renewable hydropower","Electricity Generation (GWh)","On-grid","2000",5879.00
"Uzbekistan","Renewable hydropower","Electricity Generation (GWh)","On-grid","2001",5959.00
"Uzbekistan","Renewable hydropower","Electricity Generation (GWh)","On-grid","2002",6186.00
"Uzbekistan","Renewable hydropower","Electricity Generation (GWh)","On-grid","2003",7620.00
"Uzbekistan","Renewable hydropower","Electricity Generation (GWh)","On-grid","2004",9010.00
"Uzbekistan","Renewable hydropower","Electricity Generation (GWh)","On-grid","2005",8630.00
"Uzbekistan","Renewable hydropower","Electricity Generation (GWh)","On-grid","2006",9160.00
"Uzbekistan","Renewable hydropower","Electricity Generation (GWh)","On-grid","2007",6400.00
"Uzbekistan","Renewable hydropower","Electricity Generation (GWh)","On-grid","2008",11360.00
"Uzbekistan","Renewable hydropower","Electricity Generation (GWh)","On-grid","2009",9330.00
"Uzbekistan","Renewable hydropower","Electricity Generation (GWh)","On-grid","2010",8100.00
"Uzbekistan","Renewable hydropower","Electricity Generation (GWh)","On-grid","2011",8100.00
"Uzbekistan","Renewable hydropower","Electricity Generation (GWh)","On-grid","2012",8100.00
"Uzbekistan","Renewable hydropower","Electricity Generation (GWh)","On-grid","2013",8100.00
"Uzbekistan","Renewable hydropower","Electricity Generation (GWh)","On-grid","2014",8100.00
"Uzbekistan","Renewable hydropower","Electricity Generation (GWh)","On-grid","2015",8100.00
"Uzbekistan","Renewable hydropower","Electricity Generation (GWh)","On-grid","2016",8100.00
"Uzbekistan","Renewable hydropower","Electricity Generation (GWh)","On-grid","2017",8100.00
"Uzbekistan","Renewable hydropower","Electricity Generation (GWh)","On-grid","2018",5897.30
"Uzbekistan","Renewable hydropower","Electricity Generation (GWh)","On-grid","2019",6452.00
"Uzbekistan","Renewable hydropower","Electricity Generation (GWh)","On-grid","2020",5000.00
"Uzbekistan","Renewable hydropower","Electricity Generation (GWh)","On-grid","2021",5000.00
"Uzbekistan","Renewable hydropower","Electricity Generation (GWh)","On-grid","2022",6500.00
"Uzbekistan","Renewable hydropower","Electricity Generation (GWh)","On-grid","2023",7770.40
"Uzbekistan","Renewable hydropower","Electricity Generation (GWh)","On-grid","2024",-
"Uzbekistan","Renewable hydropower","Electricity Generation (GWh)","Off-grid","2000",-
"Uzbekistan","Renewable hydropower","Electricity Generation (GWh)","Off-grid","2001",-
"Uzbekistan","Renewable hydropower","Electricity Generation (GWh)","Off-grid","2002",-
"Uzbekistan","Renewable hydropower","Electricity Generation (GWh)","Off-grid","2003",-
"Uzbekistan","Renewable hydropower","Electricity Generation (GWh)","Off-grid","2004",-
"Uzbekistan","Renewable hydropower","Electricity Generation (GWh)","Off-grid","2005",-
"Uzbekistan","Renewable hydropower","Electricity Generation (GWh)","Off-grid","2006",-
"Uzbekistan","Renewable hydropower","Electricity Generation (GWh)","Off-grid","2007",-
"Uzbekistan","Renewable hydropower","Electricity Generation (GWh)","Off-grid","2008",-
"Uzbekistan","Renewable hydropower","Electricity Generation (GWh)","Off-grid","2009",-
"Uzbekistan","Renewable hydropower","Electricity Generation (GWh)","Off-grid","2010",-
"Uzbekistan","Renewable hydropower","Electricity Generation (GWh)","Off-grid","2011",-
"Uzbekistan","Renewable hydropower","Electricity Generation (GWh)","Off-grid","2012",-
"Uzbekistan","Renewable hydropower","Electricity Generation (GWh)","Off-grid","2013",-
"Uzbekistan","Renewable hydropower","Electricity Generation (GWh)","Off-grid","2014",-
"Uzbekistan","Renewable hydropower","Electricity Generation (GWh)","Off-grid","2015",-
"Uzbekistan","Renewable hydropower","Electricity Generation (GWh)","Off-grid","2016",-
"Uzbekistan","Renewable hydropower","Electricity Generation (GWh)","Off-grid","2017",-
"Uzbekistan","Renewable hydropower","Electricity Generation (GWh)","Off-grid","2018",-
"Uzbekistan","Renewable hydropower","Electricity Generation (GWh)","Off-grid","2019",-
"Uzbekistan","Renewable hydropower","Electricity Generation (GWh)","Off-grid","2020",-
"Uzbekistan","Renewable hydropower","Electricity Generation (GWh)","Off-grid","2021",-
"Uzbekistan","Renewable hydropower","Electricity Generation (GWh)","Off-grid","2022",-
"Uzbekistan","Renewable hydropower","Electricity Generation (GWh)","Off-grid","2023",-
"Uzbekistan","Renewable hydropower","Electricity Generation (GWh)","Off-grid","2024",-
"Uzbekistan","Mixed Hydro Plants","Electricity Installed Capacity (MW)","All","2000",-
"Uzbekistan","Mixed Hydro Plants","Electricity Installed Capacity (MW)","All","2001",-
"Uzbekistan","Mixed Hydro Plants","Electricity Installed Capacity (MW)","All","2002",-
"Uzbekistan","Mixed Hydro Plants","Electricity Installed Capacity (MW)","All","2003",-
"Uzbekistan","Mixed Hydro Plants","Electricity Installed Capacity (MW)","All","2004",-
"Uzbekistan","Mixed Hydro Plants","Electricity Installed Capacity (MW)","All","2005",-
"Uzbekistan","Mixed Hydro Plants","Electricity Installed Capacity (MW)","All","2006",-
"Uzbekistan","Mixed Hydro Plants","Electricity Installed Capacity (MW)","All","2007",-
"Uzbekistan","Mixed Hydro Plants","Electricity Installed Capacity (MW)","All","2008",-
"Uzbekistan","Mixed Hydro Plants","Electricity Installed Capacity (MW)","All","2009",-
"Uzbekistan","Mixed Hydro Plants","Electricity Installed Capacity (MW)","All","2010",-
"Uzbekistan","Mixed Hydro Plants","Electricity Installed Capacity (MW)","All","2011",-
"Uzbekistan","Mixed Hydro Plants","Electricity Installed Capacity (MW)","All","2012",-
"Uzbekistan","Mixed Hydro Plants","Electricity Installed Capacity (MW)","All","2013",-
"Uzbekistan","Mixed Hydro Plants","Electricity Installed Capacity (MW)","All","2014",-
"Uzbekistan","Mixed Hydro Plants","Electricity Installed Capacity (MW)","All","2015",-
"Uzbekistan","Mixed Hydro Plants","Electricity Installed Capacity (MW)","All","2016",-
"Uzbekistan","Mixed Hydro Plants","Electricity Installed Capacity (MW)","All","2017",-
"Uzbekistan","Mixed Hydro Plants","Electricity Installed Capacity (MW)","All","2018",-
"Uzbekistan","Mixed Hydro Plants","Electricity Installed Capacity (MW)","All","2019",-
"Uzbekistan","Mixed Hydro Plants","Electricity Installed Capacity (MW)","All","2020",-
"Uzbekistan","Mixed Hydro Plants","Electricity Installed Capacity (MW)","All","2021",-
"Uzbekistan","Mixed Hydro Plants","Electricity Installed Capacity (MW)","All","2022",-
"Uzbekistan","Mixed Hydro Plants","Electricity Installed Capacity (MW)","All","2023",-
"Uzbekistan","Mixed Hydro Plants","Electricity Installed Capacity (MW)","All","2024",-
"Uzbekistan","Mixed Hydro Plants","Electricity Installed Capacity (MW)","On-grid","2000",-
"Uzbekistan","Mixed Hydro Plants","Electricity Installed Capacity (MW)","On-grid","2001",-
"Uzbekistan","Mixed Hydro Plants","Electricity Installed Capacity (MW)","On-grid","2002",-
"Uzbekistan","Mixed Hydro Plants","Electricity Installed Capacity (MW)","On-grid","2003",-
"Uzbekistan","Mixed Hydro Plants","Electricity Installed Capacity (MW)","On-grid","2004",-
"Uzbekistan","Mixed Hydro Plants","Electricity Installed Capacity (MW)","On-grid","2005",-
"Uzbekistan","Mixed Hydro Plants","Electricity Installed Capacity (MW)","On-grid","2006",-
"Uzbekistan","Mixed Hydro Plants","Electricity Installed Capacity (MW)","On-grid","2007",-
"Uzbekistan","Mixed Hydro Plants","Electricity Installed Capacity (MW)","On-grid","2008",-
"Uzbekistan","Mixed Hydro Plants","Electricity Installed Capacity (MW)","On-grid","2009",-
"Uzbekistan","Mixed Hydro Plants","Electricity Installed Capacity (MW)","On-grid","2010",-
"Uzbekistan","Mixed Hydro Plants","Electricity Installed Capacity (MW)","On-grid","2011",-
"Uzbekistan","Mixed Hydro Plants","Electricity Installed Capacity (MW)","On-grid","2012",-
"Uzbekistan","Mixed Hydro Plants","Electricity Installed Capacity (MW)","On-grid","2013",-
"Uzbekistan","Mixed Hydro Plants","Electricity Installed Capacity (MW)","On-grid","2014",-
"Uzbekistan","Mixed Hydro Plants","Electricity Installed Capacity (MW)","On-grid","2015",-
"Uzbekistan","Mixed Hydro Plants","Electricity Installed Capacity (MW)","On-grid","2016",-
"Uzbekistan","Mixed Hydro Plants","Electricity Installed Capacity (MW)","On-grid","2017",-
"Uzbekistan","Mixed Hydro Plants","Electricity Installed Capacity (MW)","On-grid","2018",-
"Uzbekistan","Mixed Hydro Plants","Electricity Installed Capacity (MW)","On-grid","2019",-
"Uzbekistan","Mixed Hydro Plants","Electricity Installed Capacity (MW)","On-grid","2020",-
"Uzbekistan","Mixed Hydro Plants","Electricity Installed Capacity (MW)","On-grid","2021",-
"Uzbekistan","Mixed Hydro Plants","Electricity Installed Capacity (MW)","On-grid","2022",-
"Uzbekistan","Mixed Hydro Plants","Electricity Installed Capacity (MW)","On-grid","2023",-
"Uzbekistan","Mixed Hydro Plants","Electricity Installed Capacity (MW)","On-grid","2024",-
"Uzbekistan","Mixed Hydro Plants","Electricity Installed Capacity (MW)","Off-grid","2000",-
"Uzbekistan","Mixed Hydro Plants","Electricity Installed Capacity (MW)","Off-grid","2001",-
"Uzbekistan","Mixed Hydro Plants","Electricity Installed Capacity (MW)","Off-grid","2002",-
"Uzbekistan","Mixed Hydro Plants","Electricity Installed Capacity (MW)","Off-grid","2003",-
"Uzbekistan","Mixed Hydro Plants","Electricity Installed Capacity (MW)","Off-grid","2004",-
"Uzbekistan","Mixed Hydro Plants","Electricity Installed Capacity (MW)","Off-grid","2005",-
"Uzbekistan","Mixed Hydro Plants","Electricity Installed Capacity (MW)","Off-grid","2006",-
"Uzbekistan","Mixed Hydro Plants","Electricity Installed Capacity (MW)","Off-grid","2007",-
"Uzbekistan","Mixed Hydro Plants","Electricity Installed Capacity (MW)","Off-grid","2008",-
"Uzbekistan","Mixed Hydro Plants","Electricity Installed Capacity (MW)","Off-grid","2009",-
"Uzbekistan","Mixed Hydro Plants","Electricity Installed Capacity (MW)","Off-grid","2010",-
"Uzbekistan","Mixed Hydro Plants","Electricity Installed Capacity (MW)","Off-grid","2011",-
"Uzbekistan","Mixed Hydro Plants","Electricity Installed Capacity (MW)","Off-grid","2012",-
"Uzbekistan","Mixed Hydro Plants","Electricity Installed Capacity (MW)","Off-grid","2013",-
"Uzbekistan","Mixed Hydro Plants","Electricity Installed Capacity (MW)","Off-grid","2014",-
"Uzbekistan","Mixed Hydro Plants","Electricity Installed Capacity (MW)","Off-grid","2015",-
"Uzbekistan","Mixed Hydro Plants","Electricity Installed Capacity (MW)","Off-grid","2016",-
"Uzbekistan","Mixed Hydro Plants","Electricity Installed Capacity (MW)","Off-grid","2017",-
"Uzbekistan","Mixed Hydro Plants","Electricity Installed Capacity (MW)","Off-grid","2018",-
"Uzbekistan","Mixed Hydro Plants","Electricity Installed Capacity (MW)","Off-grid","2019",-
"Uzbekistan","Mixed Hydro Plants","Electricity Installed Capacity (MW)","Off-grid","2020",-
"Uzbekistan","Mixed Hydro Plants","Electricity Installed Capacity (MW)","Off-grid","2021",-
"Uzbekistan","Mixed Hydro Plants","Electricity Installed Capacity (MW)","Off-grid","2022",-
"Uzbekistan","Mixed Hydro Plants","Electricity Installed Capacity (MW)","Off-grid","2023",-
"Uzbekistan","Mixed Hydro Plants","Electricity Installed Capacity (MW)","Off-grid","2024",-
"Uzbekistan","Mixed Hydro Plants","Electricity Generation (GWh)","All","2000",-
"Uzbekistan","Mixed Hydro Plants","Electricity Generation (GWh)","All","2001",-
"Uzbekistan","Mixed Hydro Plants","Electricity Generation (GWh)","All","2002",-
"Uzbekistan","Mixed Hydro Plants","Electricity Generation (GWh)","All","2003",-
"Uzbekistan","Mixed Hydro Plants","Electricity Generation (GWh)","All","2004",-
"Uzbekistan","Mixed Hydro Plants","Electricity Generation (GWh)","All","2005",-
"Uzbekistan","Mixed Hydro Plants","Electricity Generation (GWh)","All","2006",-
"Uzbekistan","Mixed Hydro Plants","Electricity Generation (GWh)","All","2007",-
"Uzbekistan","Mixed Hydro Plants","Electricity Generation (GWh)","All","2008",-
"Uzbekistan","Mixed Hydro Plants","Electricity Generation (GWh)","All","2009",-
"Uzbekistan","Mixed Hydro Plants","Electricity Generation (GWh)","All","2010",-
"Uzbekistan","Mixed Hydro Plants","Electricity Generation (GWh)","All","2011",-
"Uzbekistan","Mixed Hydro Plants","Electricity Generation (GWh)","All","2012",-
"Uzbekistan","Mixed Hydro Plants","Electricity Generation (GWh)","All","2013",-
"Uzbekistan","Mixed Hydro Plants","Electricity Generation (GWh)","All","2014",-
"Uzbekistan","Mixed Hydro Plants","Electricity Generation (GWh)","All","2015",-
"Uzbekistan","Mixed Hydro Plants","Electricity Generation (GWh)","All","2016",-
"Uzbekistan","Mixed Hydro Plants","Electricity Generation (GWh)","All","2017",-
"Uzbekistan","Mixed Hydro Plants","Electricity Generation (GWh)","All","2018",-
"Uzbekistan","Mixed Hydro Plants","Electricity Generation (GWh)","All","2019",-
"Uzbekistan","Mixed Hydro Plants","Electricity Generation (GWh)","All","2020",-
"Uzbekistan","Mixed Hydro Plants","Electricity Generation (GWh)","All","2021",-
"Uzbekistan","Mixed Hydro Plants","Electricity Generation (GWh)","All","2022",-
"Uzbekistan","Mixed Hydro Plants","Electricity Generation (GWh)","All","2023",-
"Uzbekistan","Mixed Hydro Plants","Electricity Generation (GWh)","All","2024",-
"Uzbekistan","Mixed Hydro Plants","Electricity Generation (GWh)","On-grid","2000",-
"Uzbekistan","Mixed Hydro Plants","Electricity Generation (GWh)","On-grid","2001",-
"Uzbekistan","Mixed Hydro Plants","Electricity Generation (GWh)","On-grid","2002",-
"Uzbekistan","Mixed Hydro Plants","Electricity Generation (GWh)","On-grid","2003",-
"Uzbekistan","Mixed Hydro Plants","Electricity Generation (GWh)","On-grid","2004",-
"Uzbekistan","Mixed Hydro Plants","Electricity Generation (GWh)","On-grid","2005",-
"Uzbekistan","Mixed Hydro Plants","Electricity Generation (GWh)","On-grid","2006",-
"Uzbekistan","Mixed Hydro Plants","Electricity Generation (GWh)","On-grid","2007",-
"Uzbekistan","Mixed Hydro Plants","Electricity Generation (GWh)","On-grid","2008",-
"Uzbekistan","Mixed Hydro Plants","Electricity Generation (GWh)","On-grid","2009",-
"Uzbekistan","Mixed Hydro Plants","Electricity Generation (GWh)","On-grid","2010",-
"Uzbekistan","Mixed Hydro Plants","Electricity Generation (GWh)","On-grid","2011",-
"Uzbekistan","Mixed Hydro Plants","Electricity Generation (GWh)","On-grid","2012",-
"Uzbekistan","Mixed Hydro Plants","Electricity Generation (GWh)","On-grid","2013",-
"Uzbekistan","Mixed Hydro Plants","Electricity Generation (GWh)","On-grid","2014",-
"Uzbekistan","Mixed Hydro Plants","Electricity Generation (GWh)","On-grid","2015",-
"Uzbekistan","Mixed Hydro Plants","Electricity Generation (GWh)","On-grid","2016",-
"Uzbekistan","Mixed Hydro Plants","Electricity Generation (GWh)","On-grid","2017",-
"Uzbekistan","Mixed Hydro Plants","Electricity Generation (GWh)","On-grid","2018",-
"Uzbekistan","Mixed Hydro Plants","Electricity Generation (GWh)","On-grid","2019",-
"Uzbekistan","Mixed Hydro Plants","Electricity Generation (GWh)","On-grid","2020",-
"Uzbekistan","Mixed Hydro Plants","Electricity Generation (GWh)","On-grid","2021",-
"Uzbekistan","Mixed Hydro Plants","Electricity Generation (GWh)","On-grid","2022",-
"Uzbekistan","Mixed Hydro Plants","Electricity Generation (GWh)","On-grid","2023",-
"Uzbekistan","Mixed Hydro Plants","Electricity Generation (GWh)","On-grid","2024",-
"Uzbekistan","Mixed Hydro Plants","Electricity Generation (GWh)","Off-grid","2000",-
"Uzbekistan","Mixed Hydro Plants","Electricity Generation (GWh)","Off-grid","2001",-
"Uzbekistan","Mixed Hydro Plants","Electricity Generation (GWh)","Off-grid","2002",-
"Uzbekistan","Mixed Hydro Plants","Electricity Generation (GWh)","Off-grid","2003",-
"Uzbekistan","Mixed Hydro Plants","Electricity Generation (GWh)","Off-grid","2004",-
"Uzbekistan","Mixed Hydro Plants","Electricity Generation (GWh)","Off-grid","2005",-
"Uzbekistan","Mixed Hydro Plants","Electricity Generation (GWh)","Off-grid","2006",-
"Uzbekistan","Mixed Hydro Plants","Electricity Generation (GWh)","Off-grid","2007",-
"Uzbekistan","Mixed Hydro Plants","Electricity Generation (GWh)","Off-grid","2008",-
"Uzbekistan","Mixed Hydro Plants","Electricity Generation (GWh)","Off-grid","2009",-
"Uzbekistan","Mixed Hydro Plants","Electricity Generation (GWh)","Off-grid","2010",-
"Uzbekistan","Mixed Hydro Plants","Electricity Generation (GWh)","Off-grid","2011",-
"Uzbekistan","Mixed Hydro Plants","Electricity Generation (GWh)","Off-grid","2012",-
"Uzbekistan","Mixed Hydro Plants","Electricity Generation (GWh)","Off-grid","2013",-
"Uzbekistan","Mixed Hydro Plants","Electricity Generation (GWh)","Off-grid","2014",-
"Uzbekistan","Mixed Hydro Plants","Electricity Generation (GWh)","Off-grid","2015",-
"Uzbekistan","Mixed Hydro Plants","Electricity Generation (GWh)","Off-grid","2016",-
"Uzbekistan","Mixed Hydro Plants","Electricity Generation (GWh)","Off-grid","2017",-
"Uzbekistan","Mixed Hydro Plants","Electricity Generation (GWh)","Off-grid","2018",-
"Uzbekistan","Mixed Hydro Plants","Electricity Generation (GWh)","Off-grid","2019",-
"Uzbekistan","Mixed Hydro Plants","Electricity Generation (GWh)","Off-grid","2020",-
"Uzbekistan","Mixed Hydro Plants","Electricity Generation (GWh)","Off-grid","2021",-
"Uzbekistan","Mixed Hydro Plants","Electricity Generation (GWh)","Off-grid","2022",-
"Uzbekistan","Mixed Hydro Plants","Electricity Generation (GWh)","Off-grid","2023",-
"Uzbekistan","Mixed Hydro Plants","Electricity Generation (GWh)","Off-grid","2024",-
"Uzbekistan","Marine energy","Electricity Installed Capacity (MW)","All","2000",-
"Uzbekistan","Marine energy","Electricity Installed Capacity (MW)","All","2001",-
"Uzbekistan","Marine energy","Electricity Installed Capacity (MW)","All","2002",-
"Uzbekistan","Marine energy","Electricity Installed Capacity (MW)","All","2003",-
"Uzbekistan","Marine energy","Electricity Installed Capacity (MW)","All","2004",-
"Uzbekistan","Marine energy","Electricity Installed Capacity (MW)","All","2005",-
"Uzbekistan","Marine energy","Electricity Installed Capacity (MW)","All","2006",-
"Uzbekistan","Marine energy","Electricity Installed Capacity (MW)","All","2007",-
"Uzbekistan","Marine energy","Electricity Installed Capacity (MW)","All","2008",-
"Uzbekistan","Marine energy","Electricity Installed Capacity (MW)","All","2009",-
"Uzbekistan","Marine energy","Electricity Installed Capacity (MW)","All","2010",-
"Uzbekistan","Marine energy","Electricity Installed Capacity (MW)","All","2011",-
"Uzbekistan","Marine energy","Electricity Installed Capacity (MW)","All","2012",-
"Uzbekistan","Marine energy","Electricity Installed Capacity (MW)","All","2013",-
"Uzbekistan","Marine energy","Electricity Installed Capacity (MW)","All","2014",-
"Uzbekistan","Marine energy","Electricity Installed Capacity (MW)","All","2015",-
"Uzbekistan","Marine energy","Electricity Installed Capacity (MW)","All","2016",-
"Uzbekistan","Marine energy","Electricity Installed Capacity (MW)","All","2017",-
"Uzbekistan","Marine energy","Electricity Installed Capacity (MW)","All","2018",-
"Uzbekistan","Marine energy","Electricity Installed Capacity (MW)","All","2019",-
"Uzbekistan","Marine energy","Electricity Installed Capacity (MW)","All","2020",-
"Uzbekistan","Marine energy","Electricity Installed Capacity (MW)","All","2021",-
"Uzbekistan","Marine energy","Electricity Installed Capacity (MW)","All","2022",-
"Uzbekistan","Marine energy","Electricity Installed Capacity (MW)","All","2023",-
"Uzbekistan","Marine energy","Electricity Installed Capacity (MW)","All","2024",-
"Uzbekistan","Marine energy","Electricity Installed Capacity (MW)","On-grid","2000",-
"Uzbekistan","Marine energy","Electricity Installed Capacity (MW)","On-grid","2001",-
"Uzbekistan","Marine energy","Electricity Installed Capacity (MW)","On-grid","2002",-
"Uzbekistan","Marine energy","Electricity Installed Capacity (MW)","On-grid","2003",-
"Uzbekistan","Marine energy","Electricity Installed Capacity (MW)","On-grid","2004",-
"Uzbekistan","Marine energy","Electricity Installed Capacity (MW)","On-grid","2005",-
"Uzbekistan","Marine energy","Electricity Installed Capacity (MW)","On-grid","2006",-
"Uzbekistan","Marine energy","Electricity Installed Capacity (MW)","On-grid","2007",-
"Uzbekistan","Marine energy","Electricity Installed Capacity (MW)","On-grid","2008",-
"Uzbekistan","Marine energy","Electricity Installed Capacity (MW)","On-grid","2009",-
"Uzbekistan","Marine energy","Electricity Installed Capacity (MW)","On-grid","2010",-
"Uzbekistan","Marine energy","Electricity Installed Capacity (MW)","On-grid","2011",-
"Uzbekistan","Marine energy","Electricity Installed Capacity (MW)","On-grid","2012",-
"Uzbekistan","Marine energy","Electricity Installed Capacity (MW)","On-grid","2013",-
"Uzbekistan","Marine energy","Electricity Installed Capacity (MW)","On-grid","2014",-
"Uzbekistan","Marine energy","Electricity Installed Capacity (MW)","On-grid","2015",-
"Uzbekistan","Marine energy","Electricity Installed Capacity (MW)","On-grid","2016",-
"Uzbekistan","Marine energy","Electricity Installed Capacity (MW)","On-grid","2017",-
"Uzbekistan","Marine energy","Electricity Installed Capacity (MW)","On-grid","2018",-
"Uzbekistan","Marine energy","Electricity Installed Capacity (MW)","On-grid","2019",-
"Uzbekistan","Marine energy","Electricity Installed Capacity (MW)","On-grid","2020",-
"Uzbekistan","Marine energy","Electricity Installed Capacity (MW)","On-grid","2021",-
"Uzbekistan","Marine energy","Electricity Installed Capacity (MW)","On-grid","2022",-
"Uzbekistan","Marine energy","Electricity Installed Capacity (MW)","On-grid","2023",-
"Uzbekistan","Marine energy","Electricity Installed Capacity (MW)","On-grid","2024",-
"Uzbekistan","Marine energy","Electricity Installed Capacity (MW)","Off-grid","2000",-
"Uzbekistan","Marine energy","Electricity Installed Capacity (MW)","Off-grid","2001",-
"Uzbekistan","Marine energy","Electricity Installed Capacity (MW)","Off-grid","2002",-
"Uzbekistan","Marine energy","Electricity Installed Capacity (MW)","Off-grid","2003",-
"Uzbekistan","Marine energy","Electricity Installed Capacity (MW)","Off-grid","2004",-
"Uzbekistan","Marine energy","Electricity Installed Capacity (MW)","Off-grid","2005",-
"Uzbekistan","Marine energy","Electricity Installed Capacity (MW)","Off-grid","2006",-
"Uzbekistan","Marine energy","Electricity Installed Capacity (MW)","Off-grid","2007",-
"Uzbekistan","Marine energy","Electricity Installed Capacity (MW)","Off-grid","2008",-
"Uzbekistan","Marine energy","Electricity Installed Capacity (MW)","Off-grid","2009",-
"Uzbekistan","Marine energy","Electricity Installed Capacity (MW)","Off-grid","2010",-
"Uzbekistan","Marine energy","Electricity Installed Capacity (MW)","Off-grid","2011",-
"Uzbekistan","Marine energy","Electricity Installed Capacity (MW)","Off-grid","2012",-
"Uzbekistan","Marine energy","Electricity Installed Capacity (MW)","Off-grid","2013",-
"Uzbekistan","Marine energy","Electricity Installed Capacity (MW)","Off-grid","2014",-
"Uzbekistan","Marine energy","Electricity Installed Capacity (MW)","Off-grid","2015",-
"Uzbekistan","Marine energy","Electricity Installed Capacity (MW)","Off-grid","2016",-
"Uzbekistan","Marine energy","Electricity Installed Capacity (MW)","Off-grid","2017",-
"Uzbekistan","Marine energy","Electricity Installed Capacity (MW)","Off-grid","2018",-
"Uzbekistan","Marine energy","Electricity Installed Capacity (MW)","Off-grid","2019",-
"Uzbekistan","Marine energy","Electricity Installed Capacity (MW)","Off-grid","2020",-
"Uzbekistan","Marine energy","Electricity Installed Capacity (MW)","Off-grid","2021",-
"Uzbekistan","Marine energy","Electricity Installed Capacity (MW)","Off-grid","2022",-
"Uzbekistan","Marine energy","Electricity Installed Capacity (MW)","Off-grid","2023",-
"Uzbekistan","Marine energy","Electricity Installed Capacity (MW)","Off-grid","2024",-
"Uzbekistan","Marine energy","Electricity Generation (GWh)","All","2000",-
"Uzbekistan","Marine energy","Electricity Generation (GWh)","All","2001",-
"Uzbekistan","Marine energy","Electricity Generation (GWh)","All","2002",-
"Uzbekistan","Marine energy","Electricity Generation (GWh)","All","2003",-
"Uzbekistan","Marine energy","Electricity Generation (GWh)","All","2004",-
"Uzbekistan","Marine energy","Electricity Generation (GWh)","All","2005",-
"Uzbekistan","Marine energy","Electricity Generation (GWh)","All","2006",-
"Uzbekistan","Marine energy","Electricity Generation (GWh)","All","2007",-
"Uzbekistan","Marine energy","Electricity Generation (GWh)","All","2008",-
"Uzbekistan","Marine energy","Electricity Generation (GWh)","All","2009",-
"Uzbekistan","Marine energy","Electricity Generation (GWh)","All","2010",-
"Uzbekistan","Marine energy","Electricity Generation (GWh)","All","2011",-
"Uzbekistan","Marine energy","Electricity Generation (GWh)","All","2012",-
"Uzbekistan","Marine energy","Electricity Generation (GWh)","All","2013",-
"Uzbekistan","Marine energy","Electricity Generation (GWh)","All","2014",-
"Uzbekistan","Marine energy","Electricity Generation (GWh)","All","2015",-
"Uzbekistan","Marine energy","Electricity Generation (GWh)","All","2016",-
"Uzbekistan","Marine energy","Electricity Generation (GWh)","All","2017",-
"Uzbekistan","Marine energy","Electricity Generation (GWh)","All","2018",-
"Uzbekistan","Marine energy","Electricity Generation (GWh)","All","2019",-
"Uzbekistan","Marine energy","Electricity Generation (GWh)","All","2020",-
"Uzbekistan","Marine energy","Electricity Generation (GWh)","All","2021",-
"Uzbekistan","Marine energy","Electricity Generation (GWh)","All","2022",-
"Uzbekistan","Marine energy","Electricity Generation (GWh)","All","2023",-
"Uzbekistan","Marine energy","Electricity Generation (GWh)","All","2024",-
"Uzbekistan","Marine energy","Electricity Generation (GWh)","On-grid","2000",-
"Uzbekistan","Marine energy","Electricity Generation (GWh)","On-grid","2001",-
"Uzbekistan","Marine energy","Electricity Generation (GWh)","On-grid","2002",-
"Uzbekistan","Marine energy","Electricity Generation (GWh)","On-grid","2003",-
"Uzbekistan","Marine energy","Electricity Generation (GWh)","On-grid","2004",-
"Uzbekistan","Marine energy","Electricity Generation (GWh)","On-grid","2005",-
"Uzbekistan","Marine energy","Electricity Generation (GWh)","On-grid","2006",-
"Uzbekistan","Marine energy","Electricity Generation (GWh)","On-grid","2007",-
"Uzbekistan","Marine energy","Electricity Generation (GWh)","On-grid","2008",-
"Uzbekistan","Marine energy","Electricity Generation (GWh)","On-grid","2009",-
"Uzbekistan","Marine energy","Electricity Generation (GWh)","On-grid","2010",-
"Uzbekistan","Marine energy","Electricity Generation (GWh)","On-grid","2011",-
"Uzbekistan","Marine energy","Electricity Generation (GWh)","On-grid","2012",-
"Uzbekistan","Marine energy","Electricity Generation (GWh)","On-grid","2013",-
"Uzbekistan","Marine energy","Electricity Generation (GWh)","On-grid","2014",-
"Uzbekistan","Marine energy","Electricity Generation (GWh)","On-grid","2015",-
"Uzbekistan","Marine energy","Electricity Generation (GWh)","On-grid","2016",-
"Uzbekistan","Marine energy","Electricity Generation (GWh)","On-grid","2017",-
"Uzbekistan","Marine energy","Electricity Generation (GWh)","On-grid","2018",-
"Uzbekistan","Marine energy","Electricity Generation (GWh)","On-grid","2019",-
"Uzbekistan","Marine energy","Electricity Generation (GWh)","On-grid","2020",-
"Uzbekistan","Marine energy","Electricity Generation (GWh)","On-grid","2021",-
"Uzbekistan","Marine energy","Electricity Generation (GWh)","On-grid","2022",-
"Uzbekistan","Marine energy","Electricity Generation (GWh)","On-grid","2023",-
"Uzbekistan","Marine energy","Electricity Generation (GWh)","On-grid","2024",-
"Uzbekistan","Marine energy","Electricity Generation (GWh)","Off-grid","2000",-
"Uzbekistan","Marine energy","Electricity Generation (GWh)","Off-grid","2001",-
"Uzbekistan","Marine energy","Electricity Generation (GWh)","Off-grid","2002",-
"Uzbekistan","Marine energy","Electricity Generation (GWh)","Off-grid","2003",-
"Uzbekistan","Marine energy","Electricity Generation (GWh)","Off-grid","2004",-
"Uzbekistan","Marine energy","Electricity Generation (GWh)","Off-grid","2005",-
"Uzbekistan","Marine energy","Electricity Generation (GWh)","Off-grid","2006",-
"Uzbekistan","Marine energy","Electricity Generation (GWh)","Off-grid","2007",-
"Uzbekistan","Marine energy","Electricity Generation (GWh)","Off-grid","2008",-
"Uzbekistan","Marine energy","Electricity Generation (GWh)","Off-grid","2009",-
"Uzbekistan","Marine energy","Electricity Generation (GWh)","Off-grid","2010",-
"Uzbekistan","Marine energy","Electricity Generation (GWh)","Off-grid","2011",-
"Uzbekistan","Marine energy","Electricity Generation (GWh)","Off-grid","2012",-
"Uzbekistan","Marine energy","Electricity Generation (GWh)","Off-grid","2013",-
"Uzbekistan","Marine energy","Electricity Generation (GWh)","Off-grid","2014",-
"Uzbekistan","Marine energy","Electricity Generation (GWh)","Off-grid","2015",-
"Uzbekistan","Marine energy","Electricity Generation (GWh)","Off-grid","2016",-
"Uzbekistan","Marine energy","Electricity Generation (GWh)","Off-grid","2017",-
"Uzbekistan","Marine energy","Electricity Generation (GWh)","Off-grid","2018",-
"Uzbekistan","Marine energy","Electricity Generation (GWh)","Off-grid","2019",-
"Uzbekistan","Marine energy","Electricity Generation (GWh)","Off-grid","2020",-
"Uzbekistan","Marine energy","Electricity Generation (GWh)","Off-grid","2021",-
"Uzbekistan","Marine energy","Electricity Generation (GWh)","Off-grid","2022",-
"Uzbekistan","Marine energy","Electricity Generation (GWh)","Off-grid","2023",-
"Uzbekistan","Marine energy","Electricity Generation (GWh)","Off-grid","2024",-
"Uzbekistan","Solid biofuels","Electricity Installed Capacity (MW)","All","2000",-
"Uzbekistan","Solid biofuels","Electricity Installed Capacity (MW)","All","2001",-
"Uzbekistan","Solid biofuels","Electricity Installed Capacity (MW)","All","2002",-
"Uzbekistan","Solid biofuels","Electricity Installed Capacity (MW)","All","2003",-
"Uzbekistan","Solid biofuels","Electricity Installed Capacity (MW)","All","2004",-
"Uzbekistan","Solid biofuels","Electricity Installed Capacity (MW)","All","2005",-
"Uzbekistan","Solid biofuels","Electricity Installed Capacity (MW)","All","2006",-
"Uzbekistan","Solid biofuels","Electricity Installed Capacity (MW)","All","2007",-
"Uzbekistan","Solid biofuels","Electricity Installed Capacity (MW)","All","2008",-
"Uzbekistan","Solid biofuels","Electricity Installed Capacity (MW)","All","2009",-
"Uzbekistan","Solid biofuels","Electricity Installed Capacity (MW)","All","2010",-
"Uzbekistan","Solid biofuels","Electricity Installed Capacity (MW)","All","2011",-
"Uzbekistan","Solid biofuels","Electricity Installed Capacity (MW)","All","2012",-
"Uzbekistan","Solid biofuels","Electricity Installed Capacity (MW)","All","2013",-
"Uzbekistan","Solid biofuels","Electricity Installed Capacity (MW)","All","2014",-
"Uzbekistan","Solid biofuels","Electricity Installed Capacity (MW)","All","2015",-
"Uzbekistan","Solid biofuels","Electricity Installed Capacity (MW)","All","2016",-
"Uzbekistan","Solid biofuels","Electricity Installed Capacity (MW)","All","2017",-
"Uzbekistan","Solid biofuels","Electricity Installed Capacity (MW)","All","2018",-
"Uzbekistan","Solid biofuels","Electricity Installed Capacity (MW)","All","2019",-
"Uzbekistan","Solid biofuels","Electricity Installed Capacity (MW)","All","2020",-
"Uzbekistan","Solid biofuels","Electricity Installed Capacity (MW)","All","2021",-
"Uzbekistan","Solid biofuels","Electricity Installed Capacity (MW)","All","2022",-
"Uzbekistan","Solid biofuels","Electricity Installed Capacity (MW)","All","2023",-
"Uzbekistan","Solid biofuels","Electricity Installed Capacity (MW)","All","2024",-
"Uzbekistan","Solid biofuels","Electricity Installed Capacity (MW)","On-grid","2000",-
"Uzbekistan","Solid biofuels","Electricity Installed Capacity (MW)","On-grid","2001",-
"Uzbekistan","Solid biofuels","Electricity Installed Capacity (MW)","On-grid","2002",-
"Uzbekistan","Solid biofuels","Electricity Installed Capacity (MW)","On-grid","2003",-
"Uzbekistan","Solid biofuels","Electricity Installed Capacity (MW)","On-grid","2004",-
"Uzbekistan","Solid biofuels","Electricity Installed Capacity (MW)","On-grid","2005",-
"Uzbekistan","Solid biofuels","Electricity Installed Capacity (MW)","On-grid","2006",-
"Uzbekistan","Solid biofuels","Electricity Installed Capacity (MW)","On-grid","2007",-
"Uzbekistan","Solid biofuels","Electricity Installed Capacity (MW)","On-grid","2008",-
"Uzbekistan","Solid biofuels","Electricity Installed Capacity (MW)","On-grid","2009",-
"Uzbekistan","Solid biofuels","Electricity Installed Capacity (MW)","On-grid","2010",-
"Uzbekistan","Solid biofuels","Electricity Installed Capacity (MW)","On-grid","2011",-
"Uzbekistan","Solid biofuels","Electricity Installed Capacity (MW)","On-grid","2012",-
"Uzbekistan","Solid biofuels","Electricity Installed Capacity (MW)","On-grid","2013",-
"Uzbekistan","Solid biofuels","Electricity Installed Capacity (MW)","On-grid","2014",-
"Uzbekistan","Solid biofuels","Electricity Installed Capacity (MW)","On-grid","2015",-
"Uzbekistan","Solid biofuels","Electricity Installed Capacity (MW)","On-grid","2016",-
"Uzbekistan","Solid biofuels","Electricity Installed Capacity (MW)","On-grid","2017",-
"Uzbekistan","Solid biofuels","Electricity Installed Capacity (MW)","On-grid","2018",-
"Uzbekistan","Solid biofuels","Electricity Installed Capacity (MW)","On-grid","2019",-
"Uzbekistan","Solid biofuels","Electricity Installed Capacity (MW)","On-grid","2020",-
"Uzbekistan","Solid biofuels","Electricity Installed Capacity (MW)","On-grid","2021",-
"Uzbekistan","Solid biofuels","Electricity Installed Capacity (MW)","On-grid","2022",-
"Uzbekistan","Solid biofuels","Electricity Installed Capacity (MW)","On-grid","2023",-
"Uzbekistan","Solid biofuels","Electricity Installed Capacity (MW)","On-grid","2024",-
"Uzbekistan","Solid biofuels","Electricity Installed Capacity (MW)","Off-grid","2000",-
"Uzbekistan","Solid biofuels","Electricity Installed Capacity (MW)","Off-grid","2001",-
"Uzbekistan","Solid biofuels","Electricity Installed Capacity (MW)","Off-grid","2002",-
"Uzbekistan","Solid biofuels","Electricity Installed Capacity (MW)","Off-grid","2003",-
"Uzbekistan","Solid biofuels","Electricity Installed Capacity (MW)","Off-grid","2004",-
"Uzbekistan","Solid biofuels","Electricity Installed Capacity (MW)","Off-grid","2005",-
"Uzbekistan","Solid biofuels","Electricity Installed Capacity (MW)","Off-grid","2006",-
"Uzbekistan","Solid biofuels","Electricity Installed Capacity (MW)","Off-grid","2007",-
"Uzbekistan","Solid biofuels","Electricity Installed Capacity (MW)","Off-grid","2008",-
"Uzbekistan","Solid biofuels","Electricity Installed Capacity (MW)","Off-grid","2009",-
"Uzbekistan","Solid biofuels","Electricity Installed Capacity (MW)","Off-grid","2010",-
"Uzbekistan","Solid biofuels","Electricity Installed Capacity (MW)","Off-grid","2011",-
"Uzbekistan","Solid biofuels","Electricity Installed Capacity (MW)","Off-grid","2012",-
"Uzbekistan","Solid biofuels","Electricity Installed Capacity (MW)","Off-grid","2013",-
"Uzbekistan","Solid biofuels","Electricity Installed Capacity (MW)","Off-grid","2014",-
"Uzbekistan","Solid biofuels","Electricity Installed Capacity (MW)","Off-grid","2015",-
"Uzbekistan","Solid biofuels","Electricity Installed Capacity (MW)","Off-grid","2016",-
"Uzbekistan","Solid biofuels","Electricity Installed Capacity (MW)","Off-grid","2017",-
"Uzbekistan","Solid biofuels","Electricity Installed Capacity (MW)","Off-grid","2018",-
"Uzbekistan","Solid biofuels","Electricity Installed Capacity (MW)","Off-grid","2019",-
"Uzbekistan","Solid biofuels","Electricity Installed Capacity (MW)","Off-grid","2020",-
"Uzbekistan","Solid biofuels","Electricity Installed Capacity (MW)","Off-grid","2021",-
"Uzbekistan","Solid biofuels","Electricity Installed Capacity (MW)","Off-grid","2022",-
"Uzbekistan","Solid biofuels","Electricity Installed Capacity (MW)","Off-grid","2023",-
"Uzbekistan","Solid biofuels","Electricity Installed Capacity (MW)","Off-grid","2024",-
"Uzbekistan","Solid biofuels","Electricity Generation (GWh)","All","2000",-
"Uzbekistan","Solid biofuels","Electricity Generation (GWh)","All","2001",-
"Uzbekistan","Solid biofuels","Electricity Generation (GWh)","All","2002",-
"Uzbekistan","Solid biofuels","Electricity Generation (GWh)","All","2003",-
"Uzbekistan","Solid biofuels","Electricity Generation (GWh)","All","2004",-
"Uzbekistan","Solid biofuels","Electricity Generation (GWh)","All","2005",-
"Uzbekistan","Solid biofuels","Electricity Generation (GWh)","All","2006",-
"Uzbekistan","Solid biofuels","Electricity Generation (GWh)","All","2007",-
"Uzbekistan","Solid biofuels","Electricity Generation (GWh)","All","2008",-
"Uzbekistan","Solid biofuels","Electricity Generation (GWh)","All","2009",-
"Uzbekistan","Solid biofuels","Electricity Generation (GWh)","All","2010",-
"Uzbekistan","Solid biofuels","Electricity Generation (GWh)","All","2011",-
"Uzbekistan","Solid biofuels","Electricity Generation (GWh)","All","2012",-
"Uzbekistan","Solid biofuels","Electricity Generation (GWh)","All","2013",-
"Uzbekistan","Solid biofuels","Electricity Generation (GWh)","All","2014",-
"Uzbekistan","Solid biofuels","Electricity Generation (GWh)","All","2015",-
"Uzbekistan","Solid biofuels","Electricity Generation (GWh)","All","2016",-
"Uzbekistan","Solid biofuels","Electricity Generation (GWh)","All","2017",-
"Uzbekistan","Solid biofuels","Electricity Generation (GWh)","All","2018",-
"Uzbekistan","Solid biofuels","Electricity Generation (GWh)","All","2019",-
"Uzbekistan","Solid biofuels","Electricity Generation (GWh)","All","2020",-
"Uzbekistan","Solid biofuels","Electricity Generation (GWh)","All","2021",-
"Uzbekistan","Solid biofuels","Electricity Generation (GWh)","All","2022",-
"Uzbekistan","Solid biofuels","Electricity Generation (GWh)","All","2023",-
"Uzbekistan","Solid biofuels","Electricity Generation (GWh)","All","2024",-
"Uzbekistan","Solid biofuels","Electricity Generation (GWh)","On-grid","2000",-
"Uzbekistan","Solid biofuels","Electricity Generation (GWh)","On-grid","2001",-
"Uzbekistan","Solid biofuels","Electricity Generation (GWh)","On-grid","2002",-
"Uzbekistan","Solid biofuels","Electricity Generation (GWh)","On-grid","2003",-
"Uzbekistan","Solid biofuels","Electricity Generation (GWh)","On-grid","2004",-
"Uzbekistan","Solid biofuels","Electricity Generation (GWh)","On-grid","2005",-
"Uzbekistan","Solid biofuels","Electricity Generation (GWh)","On-grid","2006",-
"Uzbekistan","Solid biofuels","Electricity Generation (GWh)","On-grid","2007",-
"Uzbekistan","Solid biofuels","Electricity Generation (GWh)","On-grid","2008",-
"Uzbekistan","Solid biofuels","Electricity Generation (GWh)","On-grid","2009",-
"Uzbekistan","Solid biofuels","Electricity Generation (GWh)","On-grid","2010",-
"Uzbekistan","Solid biofuels","Electricity Generation (GWh)","On-grid","2011",-
"Uzbekistan","Solid biofuels","Electricity Generation (GWh)","On-grid","2012",-
"Uzbekistan","Solid biofuels","Electricity Generation (GWh)","On-grid","2013",-
"Uzbekistan","Solid biofuels","Electricity Generation (GWh)","On-grid","2014",-
"Uzbekistan","Solid biofuels","Electricity Generation (GWh)","On-grid","2015",-
"Uzbekistan","Solid biofuels","Electricity Generation (GWh)","On-grid","2016",-
"Uzbekistan","Solid biofuels","Electricity Generation (GWh)","On-grid","2017",-
"Uzbekistan","Solid biofuels","Electricity Generation (GWh)","On-grid","2018",-
"Uzbekistan","Solid biofuels","Electricity Generation (GWh)","On-grid","2019",-
"Uzbekistan","Solid biofuels","Electricity Generation (GWh)","On-grid","2020",-
"Uzbekistan","Solid biofuels","Electricity Generation (GWh)","On-grid","2021",-
"Uzbekistan","Solid biofuels","Electricity Generation (GWh)","On-grid","2022",-
"Uzbekistan","Solid biofuels","Electricity Generation (GWh)","On-grid","2023",-
"Uzbekistan","Solid biofuels","Electricity Generation (GWh)","On-grid","2024",-
"Uzbekistan","Solid biofuels","Electricity Generation (GWh)","Off-grid","2000",-
"Uzbekistan","Solid biofuels","Electricity Generation (GWh)","Off-grid","2001",-
"Uzbekistan","Solid biofuels","Electricity Generation (GWh)","Off-grid","2002",-
"Uzbekistan","Solid biofuels","Electricity Generation (GWh)","Off-grid","2003",-
"Uzbekistan","Solid biofuels","Electricity Generation (GWh)","Off-grid","2004",-
"Uzbekistan","Solid biofuels","Electricity Generation (GWh)","Off-grid","2005",-
"Uzbekistan","Solid biofuels","Electricity Generation (GWh)","Off-grid","2006",-
"Uzbekistan","Solid biofuels","Electricity Generation (GWh)","Off-grid","2007",-
"Uzbekistan","Solid biofuels","Electricity Generation (GWh)","Off-grid","2008",-
"Uzbekistan","Solid biofuels","Electricity Generation (GWh)","Off-grid","2009",-
"Uzbekistan","Solid biofuels","Electricity Generation (GWh)","Off-grid","2010",-
"Uzbekistan","Solid biofuels","Electricity Generation (GWh)","Off-grid","2011",-
"Uzbekistan","Solid biofuels","Electricity Generation (GWh)","Off-grid","2012",-
"Uzbekistan","Solid biofuels","Electricity Generation (GWh)","Off-grid","2013",-
"Uzbekistan","Solid biofuels","Electricity Generation (GWh)","Off-grid","2014",-
"Uzbekistan","Solid biofuels","Electricity Generation (GWh)","Off-grid","2015",-
"Uzbekistan","Solid biofuels","Electricity Generation (GWh)","Off-grid","2016",-
"Uzbekistan","Solid biofuels","Electricity Generation (GWh)","Off-grid","2017",-
"Uzbekistan","Solid biofuels","Electricity Generation (GWh)","Off-grid","2018",-
"Uzbekistan","Solid biofuels","Electricity Generation (GWh)","Off-grid","2019",-
"Uzbekistan","Solid biofuels","Electricity Generation (GWh)","Off-grid","2020",-
"Uzbekistan","Solid biofuels","Electricity Generation (GWh)","Off-grid","2021",-
"Uzbekistan","Solid biofuels","Electricity Generation (GWh)","Off-grid","2022",-
"Uzbekistan","Solid biofuels","Electricity Generation (GWh)","Off-grid","2023",-
"Uzbekistan","Solid biofuels","Electricity Generation (GWh)","Off-grid","2024",-
"Uzbekistan","Renewable municipal waste","Electricity Installed Capacity (MW)","All","2000",-
"Uzbekistan","Renewable municipal waste","Electricity Installed Capacity (MW)","All","2001",-
"Uzbekistan","Renewable municipal waste","Electricity Installed Capacity (MW)","All","2002",-
"Uzbekistan","Renewable municipal waste","Electricity Installed Capacity (MW)","All","2003",-
"Uzbekistan","Renewable municipal waste","Electricity Installed Capacity (MW)","All","2004",-
"Uzbekistan","Renewable municipal waste","Electricity Installed Capacity (MW)","All","2005",-
"Uzbekistan","Renewable municipal waste","Electricity Installed Capacity (MW)","All","2006",-
"Uzbekistan","Renewable municipal waste","Electricity Installed Capacity (MW)","All","2007",-
"Uzbekistan","Renewable municipal waste","Electricity Installed Capacity (MW)","All","2008",-
"Uzbekistan","Renewable municipal waste","Electricity Installed Capacity (MW)","All","2009",-
"Uzbekistan","Renewable municipal waste","Electricity Installed Capacity (MW)","All","2010",-
"Uzbekistan","Renewable municipal waste","Electricity Installed Capacity (MW)","All","2011",-
"Uzbekistan","Renewable municipal waste","Electricity Installed Capacity (MW)","All","2012",-
"Uzbekistan","Renewable municipal waste","Electricity Installed Capacity (MW)","All","2013",-
"Uzbekistan","Renewable municipal waste","Electricity Installed Capacity (MW)","All","2014",-
"Uzbekistan","Renewable municipal waste","Electricity Installed Capacity (MW)","All","2015",-
"Uzbekistan","Renewable municipal waste","Electricity Installed Capacity (MW)","All","2016",-
"Uzbekistan","Renewable municipal waste","Electricity Installed Capacity (MW)","All","2017",-
"Uzbekistan","Renewable municipal waste","Electricity Installed Capacity (MW)","All","2018",-
"Uzbekistan","Renewable municipal waste","Electricity Installed Capacity (MW)","All","2019",-
"Uzbekistan","Renewable municipal waste","Electricity Installed Capacity (MW)","All","2020",-
"Uzbekistan","Renewable municipal waste","Electricity Installed Capacity (MW)","All","2021",-
"Uzbekistan","Renewable municipal waste","Electricity Installed Capacity (MW)","All","2022",-
"Uzbekistan","Renewable municipal waste","Electricity Installed Capacity (MW)","All","2023",-
"Uzbekistan","Renewable municipal waste","Electricity Installed Capacity (MW)","All","2024",-
"Uzbekistan","Renewable municipal waste","Electricity Installed Capacity (MW)","On-grid","2000",-
"Uzbekistan","Renewable municipal waste","Electricity Installed Capacity (MW)","On-grid","2001",-
"Uzbekistan","Renewable municipal waste","Electricity Installed Capacity (MW)","On-grid","2002",-
"Uzbekistan","Renewable municipal waste","Electricity Installed Capacity (MW)","On-grid","2003",-
"Uzbekistan","Renewable municipal waste","Electricity Installed Capacity (MW)","On-grid","2004",-
"Uzbekistan","Renewable municipal waste","Electricity Installed Capacity (MW)","On-grid","2005",-
"Uzbekistan","Renewable municipal waste","Electricity Installed Capacity (MW)","On-grid","2006",-
"Uzbekistan","Renewable municipal waste","Electricity Installed Capacity (MW)","On-grid","2007",-
"Uzbekistan","Renewable municipal waste","Electricity Installed Capacity (MW)","On-grid","2008",-
"Uzbekistan","Renewable municipal waste","Electricity Installed Capacity (MW)","On-grid","2009",-
"Uzbekistan","Renewable municipal waste","Electricity Installed Capacity (MW)","On-grid","2010",-
"Uzbekistan","Renewable municipal waste","Electricity Installed Capacity (MW)","On-grid","2011",-
"Uzbekistan","Renewable municipal waste","Electricity Installed Capacity (MW)","On-grid","2012",-
"Uzbekistan","Renewable municipal waste","Electricity Installed Capacity (MW)","On-grid","2013",-
"Uzbekistan","Renewable municipal waste","Electricity Installed Capacity (MW)","On-grid","2014",-
"Uzbekistan","Renewable municipal waste","Electricity Installed Capacity (MW)","On-grid","2015",-
"Uzbekistan","Renewable municipal waste","Electricity Installed Capacity (MW)","On-grid","2016",-
"Uzbekistan","Renewable municipal waste","Electricity Installed Capacity (MW)","On-grid","2017",-
"Uzbekistan","Renewable municipal waste","Electricity Installed Capacity (MW)","On-grid","2018",-
"Uzbekistan","Renewable municipal waste","Electricity Installed Capacity (MW)","On-grid","2019",-
"Uzbekistan","Renewable municipal waste","Electricity Installed Capacity (MW)","On-grid","2020",-
"Uzbekistan","Renewable municipal waste","Electricity Installed Capacity (MW)","On-grid","2021",-
"Uzbekistan","Renewable municipal waste","Electricity Installed Capacity (MW)","On-grid","2022",-
"Uzbekistan","Renewable municipal waste","Electricity Installed Capacity (MW)","On-grid","2023",-
"Uzbekistan","Renewable municipal waste","Electricity Installed Capacity (MW)","On-grid","2024",-
"Uzbekistan","Renewable municipal waste","Electricity Installed Capacity (MW)","Off-grid","2000",-
"Uzbekistan","Renewable municipal waste","Electricity Installed Capacity (MW)","Off-grid","2001",-
"Uzbekistan","Renewable municipal waste","Electricity Installed Capacity (MW)","Off-grid","2002",-
"Uzbekistan","Renewable municipal waste","Electricity Installed Capacity (MW)","Off-grid","2003",-
"Uzbekistan","Renewable municipal waste","Electricity Installed Capacity (MW)","Off-grid","2004",-
"Uzbekistan","Renewable municipal waste","Electricity Installed Capacity (MW)","Off-grid","2005",-
"Uzbekistan","Renewable municipal waste","Electricity Installed Capacity (MW)","Off-grid","2006",-
"Uzbekistan","Renewable municipal waste","Electricity Installed Capacity (MW)","Off-grid","2007",-
"Uzbekistan","Renewable municipal waste","Electricity Installed Capacity (MW)","Off-grid","2008",-
"Uzbekistan","Renewable municipal waste","Electricity Installed Capacity (MW)","Off-grid","2009",-
"Uzbekistan","Renewable municipal waste","Electricity Installed Capacity (MW)","Off-grid","2010",-
"Uzbekistan","Renewable municipal waste","Electricity Installed Capacity (MW)","Off-grid","2011",-
"Uzbekistan","Renewable municipal waste","Electricity Installed Capacity (MW)","Off-grid","2012",-
"Uzbekistan","Renewable municipal waste","Electricity Installed Capacity (MW)","Off-grid","2013",-
"Uzbekistan","Renewable municipal waste","Electricity Installed Capacity (MW)","Off-grid","2014",-
"Uzbekistan","Renewable municipal waste","Electricity Installed Capacity (MW)","Off-grid","2015",-
"Uzbekistan","Renewable municipal waste","Electricity Installed Capacity (MW)","Off-grid","2016",-
"Uzbekistan","Renewable municipal waste","Electricity Installed Capacity (MW)","Off-grid","2017",-
"Uzbekistan","Renewable municipal waste","Electricity Installed Capacity (MW)","Off-grid","2018",-
"Uzbekistan","Renewable municipal waste","Electricity Installed Capacity (MW)","Off-grid","2019",-
"Uzbekistan","Renewable municipal waste","Electricity Installed Capacity (MW)","Off-grid","2020",-
"Uzbekistan","Renewable municipal waste","Electricity Installed Capacity (MW)","Off-grid","2021",-
"Uzbekistan","Renewable municipal waste","Electricity Installed Capacity (MW)","Off-grid","2022",-
"Uzbekistan","Renewable municipal waste","Electricity Installed Capacity (MW)","Off-grid","2023",-
"Uzbekistan","Renewable municipal waste","Electricity Installed Capacity (MW)","Off-grid","2024",-
"Uzbekistan","Renewable municipal waste","Electricity Generation (GWh)","All","2000",-
"Uzbekistan","Renewable municipal waste","Electricity Generation (GWh)","All","2001",-
"Uzbekistan","Renewable municipal waste","Electricity Generation (GWh)","All","2002",-
"Uzbekistan","Renewable municipal waste","Electricity Generation (GWh)","All","2003",-
"Uzbekistan","Renewable municipal waste","Electricity Generation (GWh)","All","2004",-
"Uzbekistan","Renewable municipal waste","Electricity Generation (GWh)","All","2005",-
"Uzbekistan","Renewable municipal waste","Electricity Generation (GWh)","All","2006",-
"Uzbekistan","Renewable municipal waste","Electricity Generation (GWh)","All","2007",-
"Uzbekistan","Renewable municipal waste","Electricity Generation (GWh)","All","2008",-
"Uzbekistan","Renewable municipal waste","Electricity Generation (GWh)","All","2009",-
"Uzbekistan","Renewable municipal waste","Electricity Generation (GWh)","All","2010",-
"Uzbekistan","Renewable municipal waste","Electricity Generation (GWh)","All","2011",-
"Uzbekistan","Renewable municipal waste","Electricity Generation (GWh)","All","2012",-
"Uzbekistan","Renewable municipal waste","Electricity Generation (GWh)","All","2013",-
"Uzbekistan","Renewable municipal waste","Electricity Generation (GWh)","All","2014",-
"Uzbekistan","Renewable municipal waste","Electricity Generation (GWh)","All","2015",-
"Uzbekistan","Renewable municipal waste","Electricity Generation (GWh)","All","2016",-
"Uzbekistan","Renewable municipal waste","Electricity Generation (GWh)","All","2017",-
"Uzbekistan","Renewable municipal waste","Electricity Generation (GWh)","All","2018",-
"Uzbekistan","Renewable municipal waste","Electricity Generation (GWh)","All","2019",-
"Uzbekistan","Renewable municipal waste","Electricity Generation (GWh)","All","2020",-
"Uzbekistan","Renewable municipal waste","Electricity Generation (GWh)","All","2021",-
"Uzbekistan","Renewable municipal waste","Electricity Generation (GWh)","All","2022",-
"Uzbekistan","Renewable municipal waste","Electricity Generation (GWh)","All","2023",-
"Uzbekistan","Renewable municipal waste","Electricity Generation (GWh)","All","2024",-
"Uzbekistan","Renewable municipal waste","Electricity Generation (GWh)","On-grid","2000",-
"Uzbekistan","Renewable municipal waste","Electricity Generation (GWh)","On-grid","2001",-
"Uzbekistan","Renewable municipal waste","Electricity Generation (GWh)","On-grid","2002",-
"Uzbekistan","Renewable municipal waste","Electricity Generation (GWh)","On-grid","2003",-
"Uzbekistan","Renewable municipal waste","Electricity Generation (GWh)","On-grid","2004",-
"Uzbekistan","Renewable municipal waste","Electricity Generation (GWh)","On-grid","2005",-
"Uzbekistan","Renewable municipal waste","Electricity Generation (GWh)","On-grid","2006",-
"Uzbekistan","Renewable municipal waste","Electricity Generation (GWh)","On-grid","2007",-
"Uzbekistan","Renewable municipal waste","Electricity Generation (GWh)","On-grid","2008",-
"Uzbekistan","Renewable municipal waste","Electricity Generation (GWh)","On-grid","2009",-
"Uzbekistan","Renewable municipal waste","Electricity Generation (GWh)","On-grid","2010",-
"Uzbekistan","Renewable municipal waste","Electricity Generation (GWh)","On-grid","2011",-
"Uzbekistan","Renewable municipal waste","Electricity Generation (GWh)","On-grid","2012",-
"Uzbekistan","Renewable municipal waste","Electricity Generation (GWh)","On-grid","2013",-
"Uzbekistan","Renewable municipal waste","Electricity Generation (GWh)","On-grid","2014",-
"Uzbekistan","Renewable municipal waste","Electricity Generation (GWh)","On-grid","2015",-
"Uzbekistan","Renewable municipal waste","Electricity Generation (GWh)","On-grid","2016",-
"Uzbekistan","Renewable municipal waste","Electricity Generation (GWh)","On-grid","2017",-
"Uzbekistan","Renewable municipal waste","Electricity Generation (GWh)","On-grid","2018",-
"Uzbekistan","Renewable municipal waste","Electricity Generation (GWh)","On-grid","2019",-
"Uzbekistan","Renewable municipal waste","Electricity Generation (GWh)","On-grid","2020",-
"Uzbekistan","Renewable municipal waste","Electricity Generation (GWh)","On-grid","2021",-
"Uzbekistan","Renewable municipal waste","Electricity Generation (GWh)","On-grid","2022",-
"Uzbekistan","Renewable municipal waste","Electricity Generation (GWh)","On-grid","2023",-
"Uzbekistan","Renewable municipal waste","Electricity Generation (GWh)","On-grid","2024",-
"Uzbekistan","Renewable municipal waste","Electricity Generation (GWh)","Off-grid","2000",-
"Uzbekistan","Renewable municipal waste","Electricity Generation (GWh)","Off-grid","2001",-
"Uzbekistan","Renewable municipal waste","Electricity Generation (GWh)","Off-grid","2002",-
"Uzbekistan","Renewable municipal waste","Electricity Generation (GWh)","Off-grid","2003",-
"Uzbekistan","Renewable municipal waste","Electricity Generation (GWh)","Off-grid","2004",-
"Uzbekistan","Renewable municipal waste","Electricity Generation (GWh)","Off-grid","2005",-
"Uzbekistan","Renewable municipal waste","Electricity Generation (GWh)","Off-grid","2006",-
"Uzbekistan","Renewable municipal waste","Electricity Generation (GWh)","Off-grid","2007",-
"Uzbekistan","Renewable municipal waste","Electricity Generation (GWh)","Off-grid","2008",-
"Uzbekistan","Renewable municipal waste","Electricity Generation (GWh)","Off-grid","2009",-
"Uzbekistan","Renewable municipal waste","Electricity Generation (GWh)","Off-grid","2010",-
"Uzbekistan","Renewable municipal waste","Electricity Generation (GWh)","Off-grid","2011",-
"Uzbekistan","Renewable municipal waste","Electricity Generation (GWh)","Off-grid","2012",-
"Uzbekistan","Renewable municipal waste","Electricity Generation (GWh)","Off-grid","2013",-
"Uzbekistan","Renewable municipal waste","Electricity Generation (GWh)","Off-grid","2014",-
"Uzbekistan","Renewable municipal waste","Electricity Generation (GWh)","Off-grid","2015",-
"Uzbekistan","Renewable municipal waste","Electricity Generation (GWh)","Off-grid","2016",-
"Uzbekistan","Renewable municipal waste","Electricity Generation (GWh)","Off-grid","2017",-
"Uzbekistan","Renewable municipal waste","Electricity Generation (GWh)","Off-grid","2018",-
"Uzbekistan","Renewable municipal waste","Electricity Generation (GWh)","Off-grid","2019",-
"Uzbekistan","Renewable municipal waste","Electricity Generation (GWh)","Off-grid","2020",-
"Uzbekistan","Renewable municipal waste","Electricity Generation (GWh)","Off-grid","2021",-
"Uzbekistan","Renewable municipal waste","Electricity Generation (GWh)","Off-grid","2022",-
"Uzbekistan","Renewable municipal waste","Electricity Generation (GWh)","Off-grid","2023",-
"Uzbekistan","Renewable municipal waste","Electricity Generation (GWh)","Off-grid","2024",-
"Uzbekistan","Liquid biofuels","Electricity Installed Capacity (MW)","All","2000",-
"Uzbekistan","Liquid biofuels","Electricity Installed Capacity (MW)","All","2001",-
"Uzbekistan","Liquid biofuels","Electricity Installed Capacity (MW)","All","2002",-
"Uzbekistan","Liquid biofuels","Electricity Installed Capacity (MW)","All","2003",-
"Uzbekistan","Liquid biofuels","Electricity Installed Capacity (MW)","All","2004",-
"Uzbekistan","Liquid biofuels","Electricity Installed Capacity (MW)","All","2005",-
"Uzbekistan","Liquid biofuels","Electricity Installed Capacity (MW)","All","2006",-
"Uzbekistan","Liquid biofuels","Electricity Installed Capacity (MW)","All","2007",-
"Uzbekistan","Liquid biofuels","Electricity Installed Capacity (MW)","All","2008",-
"Uzbekistan","Liquid biofuels","Electricity Installed Capacity (MW)","All","2009",-
"Uzbekistan","Liquid biofuels","Electricity Installed Capacity (MW)","All","2010",-
"Uzbekistan","Liquid biofuels","Electricity Installed Capacity (MW)","All","2011",-
"Uzbekistan","Liquid biofuels","Electricity Installed Capacity (MW)","All","2012",-
"Uzbekistan","Liquid biofuels","Electricity Installed Capacity (MW)","All","2013",-
"Uzbekistan","Liquid biofuels","Electricity Installed Capacity (MW)","All","2014",-
"Uzbekistan","Liquid biofuels","Electricity Installed Capacity (MW)","All","2015",-
"Uzbekistan","Liquid biofuels","Electricity Installed Capacity (MW)","All","2016",-
"Uzbekistan","Liquid biofuels","Electricity Installed Capacity (MW)","All","2017",-
"Uzbekistan","Liquid biofuels","Electricity Installed Capacity (MW)","All","2018",-
"Uzbekistan","Liquid biofuels","Electricity Installed Capacity (MW)","All","2019",-
"Uzbekistan","Liquid biofuels","Electricity Installed Capacity (MW)","All","2020",-
"Uzbekistan","Liquid biofuels","Electricity Installed Capacity (MW)","All","2021",-
"Uzbekistan","Liquid biofuels","Electricity Installed Capacity (MW)","All","2022",-
"Uzbekistan","Liquid biofuels","Electricity Installed Capacity (MW)","All","2023",-
"Uzbekistan","Liquid biofuels","Electricity Installed Capacity (MW)","All","2024",-
"Uzbekistan","Liquid biofuels","Electricity Installed Capacity (MW)","On-grid","2000",-
"Uzbekistan","Liquid biofuels","Electricity Installed Capacity (MW)","On-grid","2001",-
"Uzbekistan","Liquid biofuels","Electricity Installed Capacity (MW)","On-grid","2002",-
"Uzbekistan","Liquid biofuels","Electricity Installed Capacity (MW)","On-grid","2003",-
"Uzbekistan","Liquid biofuels","Electricity Installed Capacity (MW)","On-grid","2004",-
"Uzbekistan","Liquid biofuels","Electricity Installed Capacity (MW)","On-grid","2005",-
"Uzbekistan","Liquid biofuels","Electricity Installed Capacity (MW)","On-grid","2006",-
"Uzbekistan","Liquid biofuels","Electricity Installed Capacity (MW)","On-grid","2007",-
"Uzbekistan","Liquid biofuels","Electricity Installed Capacity (MW)","On-grid","2008",-
"Uzbekistan","Liquid biofuels","Electricity Installed Capacity (MW)","On-grid","2009",-
"Uzbekistan","Liquid biofuels","Electricity Installed Capacity (MW)","On-grid","2010",-
"Uzbekistan","Liquid biofuels","Electricity Installed Capacity (MW)","On-grid","2011",-
"Uzbekistan","Liquid biofuels","Electricity Installed Capacity (MW)","On-grid","2012",-
"Uzbekistan","Liquid biofuels","Electricity Installed Capacity (MW)","On-grid","2013",-
"Uzbekistan","Liquid biofuels","Electricity Installed Capacity (MW)","On-grid","2014",-
"Uzbekistan","Liquid biofuels","Electricity Installed Capacity (MW)","On-grid","2015",-
"Uzbekistan","Liquid biofuels","Electricity Installed Capacity (MW)","On-grid","2016",-
"Uzbekistan","Liquid biofuels","Electricity Installed Capacity (MW)","On-grid","2017",-
"Uzbekistan","Liquid biofuels","Electricity Installed Capacity (MW)","On-grid","2018",-
"Uzbekistan","Liquid biofuels","Electricity Installed Capacity (MW)","On-grid","2019",-
"Uzbekistan","Liquid biofuels","Electricity Installed Capacity (MW)","On-grid","2020",-
"Uzbekistan","Liquid biofuels","Electricity Installed Capacity (MW)","On-grid","2021",-
"Uzbekistan","Liquid biofuels","Electricity Installed Capacity (MW)","On-grid","2022",-
"Uzbekistan","Liquid biofuels","Electricity Installed Capacity (MW)","On-grid","2023",-
"Uzbekistan","Liquid biofuels","Electricity Installed Capacity (MW)","On-grid","2024",-
"Uzbekistan","Liquid biofuels","Electricity Installed Capacity (MW)","Off-grid","2000",-
"Uzbekistan","Liquid biofuels","Electricity Installed Capacity (MW)","Off-grid","2001",-
"Uzbekistan","Liquid biofuels","Electricity Installed Capacity (MW)","Off-grid","2002",-
"Uzbekistan","Liquid biofuels","Electricity Installed Capacity (MW)","Off-grid","2003",-
"Uzbekistan","Liquid biofuels","Electricity Installed Capacity (MW)","Off-grid","2004",-
"Uzbekistan","Liquid biofuels","Electricity Installed Capacity (MW)","Off-grid","2005",-
"Uzbekistan","Liquid biofuels","Electricity Installed Capacity (MW)","Off-grid","2006",-
"Uzbekistan","Liquid biofuels","Electricity Installed Capacity (MW)","Off-grid","2007",-
"Uzbekistan","Liquid biofuels","Electricity Installed Capacity (MW)","Off-grid","2008",-
"Uzbekistan","Liquid biofuels","Electricity Installed Capacity (MW)","Off-grid","2009",-
"Uzbekistan","Liquid biofuels","Electricity Installed Capacity (MW)","Off-grid","2010",-
"Uzbekistan","Liquid biofuels","Electricity Installed Capacity (MW)","Off-grid","2011",-
"Uzbekistan","Liquid biofuels","Electricity Installed Capacity (MW)","Off-grid","2012",-
"Uzbekistan","Liquid biofuels","Electricity Installed Capacity (MW)","Off-grid","2013",-
"Uzbekistan","Liquid biofuels","Electricity Installed Capacity (MW)","Off-grid","2014",-
"Uzbekistan","Liquid biofuels","Electricity Installed Capacity (MW)","Off-grid","2015",-
"Uzbekistan","Liquid biofuels","Electricity Installed Capacity (MW)","Off-grid","2016",-
"Uzbekistan","Liquid biofuels","Electricity Installed Capacity (MW)","Off-grid","2017",-
"Uzbekistan","Liquid biofuels","Electricity Installed Capacity (MW)","Off-grid","2018",-
"Uzbekistan","Liquid biofuels","Electricity Installed Capacity (MW)","Off-grid","2019",-
"Uzbekistan","Liquid biofuels","Electricity Installed Capacity (MW)","Off-grid","2020",-
"Uzbekistan","Liquid biofuels","Electricity Installed Capacity (MW)","Off-grid","2021",-
"Uzbekistan","Liquid biofuels","Electricity Installed Capacity (MW)","Off-grid","2022",-
"Uzbekistan","Liquid biofuels","Electricity Installed Capacity (MW)","Off-grid","2023",-
"Uzbekistan","Liquid biofuels","Electricity Installed Capacity (MW)","Off-grid","2024",-
"Uzbekistan","Liquid biofuels","Electricity Generation (GWh)","All","2000",-
"Uzbekistan","Liquid biofuels","Electricity Generation (GWh)","All","2001",-
"Uzbekistan","Liquid biofuels","Electricity Generation (GWh)","All","2002",-
"Uzbekistan","Liquid biofuels","Electricity Generation (GWh)","All","2003",-
"Uzbekistan","Liquid biofuels","Electricity Generation (GWh)","All","2004",-
"Uzbekistan","Liquid biofuels","Electricity Generation (GWh)","All","2005",-
"Uzbekistan","Liquid biofuels","Electricity Generation (GWh)","All","2006",-
"Uzbekistan","Liquid biofuels","Electricity Generation (GWh)","All","2007",-
"Uzbekistan","Liquid biofuels","Electricity Generation (GWh)","All","2008",-
"Uzbekistan","Liquid biofuels","Electricity Generation (GWh)","All","2009",-
"Uzbekistan","Liquid biofuels","Electricity Generation (GWh)","All","2010",-
"Uzbekistan","Liquid biofuels","Electricity Generation (GWh)","All","2011",-
"Uzbekistan","Liquid biofuels","Electricity Generation (GWh)","All","2012",-
"Uzbekistan","Liquid biofuels","Electricity Generation (GWh)","All","2013",-
"Uzbekistan","Liquid biofuels","Electricity Generation (GWh)","All","2014",-
"Uzbekistan","Liquid biofuels","Electricity Generation (GWh)","All","2015",-
"Uzbekistan","Liquid biofuels","Electricity Generation (GWh)","All","2016",-
"Uzbekistan","Liquid biofuels","Electricity Generation (GWh)","All","2017",-
"Uzbekistan","Liquid biofuels","Electricity Generation (GWh)","All","2018",-
"Uzbekistan","Liquid biofuels","Electricity Generation (GWh)","All","2019",-
"Uzbekistan","Liquid biofuels","Electricity Generation (GWh)","All","2020",-
"Uzbekistan","Liquid biofuels","Electricity Generation (GWh)","All","2021",-
"Uzbekistan","Liquid biofuels","Electricity Generation (GWh)","All","2022",-
"Uzbekistan","Liquid biofuels","Electricity Generation (GWh)","All","2023",-
"Uzbekistan","Liquid biofuels","Electricity Generation (GWh)","All","2024",-
"Uzbekistan","Liquid biofuels","Electricity Generation (GWh)","On-grid","2000",-
"Uzbekistan","Liquid biofuels","Electricity Generation (GWh)","On-grid","2001",-
"Uzbekistan","Liquid biofuels","Electricity Generation (GWh)","On-grid","2002",-
"Uzbekistan","Liquid biofuels","Electricity Generation (GWh)","On-grid","2003",-
"Uzbekistan","Liquid biofuels","Electricity Generation (GWh)","On-grid","2004",-
"Uzbekistan","Liquid biofuels","Electricity Generation (GWh)","On-grid","2005",-
"Uzbekistan","Liquid biofuels","Electricity Generation (GWh)","On-grid","2006",-
"Uzbekistan","Liquid biofuels","Electricity Generation (GWh)","On-grid","2007",-
"Uzbekistan","Liquid biofuels","Electricity Generation (GWh)","On-grid","2008",-
"Uzbekistan","Liquid biofuels","Electricity Generation (GWh)","On-grid","2009",-
"Uzbekistan","Liquid biofuels","Electricity Generation (GWh)","On-grid","2010",-
"Uzbekistan","Liquid biofuels","Electricity Generation (GWh)","On-grid","2011",-
"Uzbekistan","Liquid biofuels","Electricity Generation (GWh)","On-grid","2012",-
"Uzbekistan","Liquid biofuels","Electricity Generation (GWh)","On-grid","2013",-
"Uzbekistan","Liquid biofuels","Electricity Generation (GWh)","On-grid","2014",-
"Uzbekistan","Liquid biofuels","Electricity Generation (GWh)","On-grid","2015",-
"Uzbekistan","Liquid biofuels","Electricity Generation (GWh)","On-grid","2016",-
"Uzbekistan","Liquid biofuels","Electricity Generation (GWh)","On-grid","2017",-
"Uzbekistan","Liquid biofuels","Electricity Generation (GWh)","On-grid","2018",-
"Uzbekistan","Liquid biofuels","Electricity Generation (GWh)","On-grid","2019",-
"Uzbekistan","Liquid biofuels","Electricity Generation (GWh)","On-grid","2020",-
"Uzbekistan","Liquid biofuels","Electricity Generation (GWh)","On-grid","2021",-
"Uzbekistan","Liquid biofuels","Electricity Generation (GWh)","On-grid","2022",-
"Uzbekistan","Liquid biofuels","Electricity Generation (GWh)","On-grid","2023",-
"Uzbekistan","Liquid biofuels","Electricity Generation (GWh)","On-grid","2024",-
"Uzbekistan","Liquid biofuels","Electricity Generation (GWh)","Off-grid","2000",-
"Uzbekistan","Liquid biofuels","Electricity Generation (GWh)","Off-grid","2001",-
"Uzbekistan","Liquid biofuels","Electricity Generation (GWh)","Off-grid","2002",-
"Uzbekistan","Liquid biofuels","Electricity Generation (GWh)","Off-grid","2003",-
"Uzbekistan","Liquid biofuels","Electricity Generation (GWh)","Off-grid","2004",-
"Uzbekistan","Liquid biofuels","Electricity Generation (GWh)","Off-grid","2005",-
"Uzbekistan","Liquid biofuels","Electricity Generation (GWh)","Off-grid","2006",-
"Uzbekistan","Liquid biofuels","Electricity Generation (GWh)","Off-grid","2007",-
"Uzbekistan","Liquid biofuels","Electricity Generation (GWh)","Off-grid","2008",-
"Uzbekistan","Liquid biofuels","Electricity Generation (GWh)","Off-grid","2009",-
"Uzbekistan","Liquid biofuels","Electricity Generation (GWh)","Off-grid","2010",-
"Uzbekistan","Liquid biofuels","Electricity Generation (GWh)","Off-grid","2011",-
"Uzbekistan","Liquid biofuels","Electricity Generation (GWh)","Off-grid","2012",-
"Uzbekistan","Liquid biofuels","Electricity Generation (GWh)","Off-grid","2013",-
"Uzbekistan","Liquid biofuels","Electricity Generation (GWh)","Off-grid","2014",-
"Uzbekistan","Liquid biofuels","Electricity Generation (GWh)","Off-grid","2015",-
"Uzbekistan","Liquid biofuels","Electricity Generation (GWh)","Off-grid","2016",-
"Uzbekistan","Liquid biofuels","Electricity Generation (GWh)","Off-grid","2017",-
"Uzbekistan","Liquid biofuels","Electricity Generation (GWh)","Off-grid","2018",-
"Uzbekistan","Liquid biofuels","Electricity Generation (GWh)","Off-grid","2019",-
"Uzbekistan","Liquid biofuels","Electricity Generation (GWh)","Off-grid","2020",-
"Uzbekistan","Liquid biofuels","Electricity Generation (GWh)","Off-grid","2021",-
"Uzbekistan","Liquid biofuels","Electricity Generation (GWh)","Off-grid","2022",-
"Uzbekistan","Liquid biofuels","Electricity Generation (GWh)","Off-grid","2023",-
"Uzbekistan","Liquid biofuels","Electricity Generation (GWh)","Off-grid","2024",-
"Uzbekistan","Biogas","Electricity Installed Capacity (MW)","All","2000",-
"Uzbekistan","Biogas","Electricity Installed Capacity (MW)","All","2001",-
"Uzbekistan","Biogas","Electricity Installed Capacity (MW)","All","2002",-
"Uzbekistan","Biogas","Electricity Installed Capacity (MW)","All","2003",-
"Uzbekistan","Biogas","Electricity Installed Capacity (MW)","All","2004",-
"Uzbekistan","Biogas","Electricity Installed Capacity (MW)","All","2005",-
"Uzbekistan","Biogas","Electricity Installed Capacity (MW)","All","2006",-
"Uzbekistan","Biogas","Electricity Installed Capacity (MW)","All","2007",-
"Uzbekistan","Biogas","Electricity Installed Capacity (MW)","All","2008",-
"Uzbekistan","Biogas","Electricity Installed Capacity (MW)","All","2009",-
"Uzbekistan","Biogas","Electricity Installed Capacity (MW)","All","2010",-
"Uzbekistan","Biogas","Electricity Installed Capacity (MW)","All","2011",-
"Uzbekistan","Biogas","Electricity Installed Capacity (MW)","All","2012",-
"Uzbekistan","Biogas","Electricity Installed Capacity (MW)","All","2013",-
"Uzbekistan","Biogas","Electricity Installed Capacity (MW)","All","2014",-
"Uzbekistan","Biogas","Electricity Installed Capacity (MW)","All","2015",-
"Uzbekistan","Biogas","Electricity Installed Capacity (MW)","All","2016",-
"Uzbekistan","Biogas","Electricity Installed Capacity (MW)","All","2017",-
"Uzbekistan","Biogas","Electricity Installed Capacity (MW)","All","2018",-
"Uzbekistan","Biogas","Electricity Installed Capacity (MW)","All","2019",-
"Uzbekistan","Biogas","Electricity Installed Capacity (MW)","All","2020",-
"Uzbekistan","Biogas","Electricity Installed Capacity (MW)","All","2021",-
"Uzbekistan","Biogas","Electricity Installed Capacity (MW)","All","2022",-
"Uzbekistan","Biogas","Electricity Installed Capacity (MW)","All","2023",-
"Uzbekistan","Biogas","Electricity Installed Capacity (MW)","All","2024",-
"Uzbekistan","Biogas","Electricity Installed Capacity (MW)","On-grid","2000",-
"Uzbekistan","Biogas","Electricity Installed Capacity (MW)","On-grid","2001",-
"Uzbekistan","Biogas","Electricity Installed Capacity (MW)","On-grid","2002",-
"Uzbekistan","Biogas","Electricity Installed Capacity (MW)","On-grid","2003",-
"Uzbekistan","Biogas","Electricity Installed Capacity (MW)","On-grid","2004",-
"Uzbekistan","Biogas","Electricity Installed Capacity (MW)","On-grid","2005",-
"Uzbekistan","Biogas","Electricity Installed Capacity (MW)","On-grid","2006",-
"Uzbekistan","Biogas","Electricity Installed Capacity (MW)","On-grid","2007",-
"Uzbekistan","Biogas","Electricity Installed Capacity (MW)","On-grid","2008",-
"Uzbekistan","Biogas","Electricity Installed Capacity (MW)","On-grid","2009",-
"Uzbekistan","Biogas","Electricity Installed Capacity (MW)","On-grid","2010",-
"Uzbekistan","Biogas","Electricity Installed Capacity (MW)","On-grid","2011",-
"Uzbekistan","Biogas","Electricity Installed Capacity (MW)","On-grid","2012",-
"Uzbekistan","Biogas","Electricity Installed Capacity (MW)","On-grid","2013",-
"Uzbekistan","Biogas","Electricity Installed Capacity (MW)","On-grid","2014",-
"Uzbekistan","Biogas","Electricity Installed Capacity (MW)","On-grid","2015",-
"Uzbekistan","Biogas","Electricity Installed Capacity (MW)","On-grid","2016",-
"Uzbekistan","Biogas","Electricity Installed Capacity (MW)","On-grid","2017",-
"Uzbekistan","Biogas","Electricity Installed Capacity (MW)","On-grid","2018",-
"Uzbekistan","Biogas","Electricity Installed Capacity (MW)","On-grid","2019",-
"Uzbekistan","Biogas","Electricity Installed Capacity (MW)","On-grid","2020",-
"Uzbekistan","Biogas","Electricity Installed Capacity (MW)","On-grid","2021",-
"Uzbekistan","Biogas","Electricity Installed Capacity (MW)","On-grid","2022",-
"Uzbekistan","Biogas","Electricity Installed Capacity (MW)","On-grid","2023",-
"Uzbekistan","Biogas","Electricity Installed Capacity (MW)","On-grid","2024",-
"Uzbekistan","Biogas","Electricity Installed Capacity (MW)","Off-grid","2000",-
"Uzbekistan","Biogas","Electricity Installed Capacity (MW)","Off-grid","2001",-
"Uzbekistan","Biogas","Electricity Installed Capacity (MW)","Off-grid","2002",-
"Uzbekistan","Biogas","Electricity Installed Capacity (MW)","Off-grid","2003",-
"Uzbekistan","Biogas","Electricity Installed Capacity (MW)","Off-grid","2004",-
"Uzbekistan","Biogas","Electricity Installed Capacity (MW)","Off-grid","2005",-
"Uzbekistan","Biogas","Electricity Installed Capacity (MW)","Off-grid","2006",-
"Uzbekistan","Biogas","Electricity Installed Capacity (MW)","Off-grid","2007",-
"Uzbekistan","Biogas","Electricity Installed Capacity (MW)","Off-grid","2008",-
"Uzbekistan","Biogas","Electricity Installed Capacity (MW)","Off-grid","2009",-
"Uzbekistan","Biogas","Electricity Installed Capacity (MW)","Off-grid","2010",-
"Uzbekistan","Biogas","Electricity Installed Capacity (MW)","Off-grid","2011",-
"Uzbekistan","Biogas","Electricity Installed Capacity (MW)","Off-grid","2012",-
"Uzbekistan","Biogas","Electricity Installed Capacity (MW)","Off-grid","2013",-
"Uzbekistan","Biogas","Electricity Installed Capacity (MW)","Off-grid","2014",-
"Uzbekistan","Biogas","Electricity Installed Capacity (MW)","Off-grid","2015",-
"Uzbekistan","Biogas","Electricity Installed Capacity (MW)","Off-grid","2016",-
"Uzbekistan","Biogas","Electricity Installed Capacity (MW)","Off-grid","2017",-
"Uzbekistan","Biogas","Electricity Installed Capacity (MW)","Off-grid","2018",-
"Uzbekistan","Biogas","Electricity Installed Capacity (MW)","Off-grid","2019",-
"Uzbekistan","Biogas","Electricity Installed Capacity (MW)","Off-grid","2020",-
"Uzbekistan","Biogas","Electricity Installed Capacity (MW)","Off-grid","2021",-
"Uzbekistan","Biogas","Electricity Installed Capacity (MW)","Off-grid","2022",-
"Uzbekistan","Biogas","Electricity Installed Capacity (MW)","Off-grid","2023",-
"Uzbekistan","Biogas","Electricity Installed Capacity (MW)","Off-grid","2024",-
"Uzbekistan","Biogas","Electricity Generation (GWh)","All","2000",-
"Uzbekistan","Biogas","Electricity Generation (GWh)","All","2001",-
"Uzbekistan","Biogas","Electricity Generation (GWh)","All","2002",-
"Uzbekistan","Biogas","Electricity Generation (GWh)","All","2003",-
"Uzbekistan","Biogas","Electricity Generation (GWh)","All","2004",-
"Uzbekistan","Biogas","Electricity Generation (GWh)","All","2005",-
"Uzbekistan","Biogas","Electricity Generation (GWh)","All","2006",-
"Uzbekistan","Biogas","Electricity Generation (GWh)","All","2007",-
"Uzbekistan","Biogas","Electricity Generation (GWh)","All","2008",-
"Uzbekistan","Biogas","Electricity Generation (GWh)","All","2009",-
"Uzbekistan","Biogas","Electricity Generation (GWh)","All","2010",-
"Uzbekistan","Biogas","Electricity Generation (GWh)","All","2011",-
"Uzbekistan","Biogas","Electricity Generation (GWh)","All","2012",-
"Uzbekistan","Biogas","Electricity Generation (GWh)","All","2013",-
"Uzbekistan","Biogas","Electricity Generation (GWh)","All","2014",-
"Uzbekistan","Biogas","Electricity Generation (GWh)","All","2015",-
"Uzbekistan","Biogas","Electricity Generation (GWh)","All","2016",-
"Uzbekistan","Biogas","Electricity Generation (GWh)","All","2017",-
"Uzbekistan","Biogas","Electricity Generation (GWh)","All","2018",-
"Uzbekistan","Biogas","Electricity Generation (GWh)","All","2019",-
"Uzbekistan","Biogas","Electricity Generation (GWh)","All","2020",-
"Uzbekistan","Biogas","Electricity Generation (GWh)","All","2021",-
"Uzbekistan","Biogas","Electricity Generation (GWh)","All","2022",-
"Uzbekistan","Biogas","Electricity Generation (GWh)","All","2023",-
"Uzbekistan","Biogas","Electricity Generation (GWh)","All","2024",-
"Uzbekistan","Biogas","Electricity Generation (GWh)","On-grid","2000",-
"Uzbekistan","Biogas","Electricity Generation (GWh)","On-grid","2001",-
"Uzbekistan","Biogas","Electricity Generation (GWh)","On-grid","2002",-
"Uzbekistan","Biogas","Electricity Generation (GWh)","On-grid","2003",-
"Uzbekistan","Biogas","Electricity Generation (GWh)","On-grid","2004",-
"Uzbekistan","Biogas","Electricity Generation (GWh)","On-grid","2005",-
"Uzbekistan","Biogas","Electricity Generation (GWh)","On-grid","2006",-
"Uzbekistan","Biogas","Electricity Generation (GWh)","On-grid","2007",-
"Uzbekistan","Biogas","Electricity Generation (GWh)","On-grid","2008",-
"Uzbekistan","Biogas","Electricity Generation (GWh)","On-grid","2009",-
"Uzbekistan","Biogas","Electricity Generation (GWh)","On-grid","2010",-
"Uzbekistan","Biogas","Electricity Generation (GWh)","On-grid","2011",-
"Uzbekistan","Biogas","Electricity Generation (GWh)","On-grid","2012",-
"Uzbekistan","Biogas","Electricity Generation (GWh)","On-grid","2013",-
"Uzbekistan","Biogas","Electricity Generation (GWh)","On-grid","2014",-
"Uzbekistan","Biogas","Electricity Generation (GWh)","On-grid","2015",-
"Uzbekistan","Biogas","Electricity Generation (GWh)","On-grid","2016",-
"Uzbekistan","Biogas","Electricity Generation (GWh)","On-grid","2017",-
"Uzbekistan","Biogas","Electricity Generation (GWh)","On-grid","2018",-
"Uzbekistan","Biogas","Electricity Generation (GWh)","On-grid","2019",-
"Uzbekistan","Biogas","Electricity Generation (GWh)","On-grid","2020",-
"Uzbekistan","Biogas","Electricity Generation (GWh)","On-grid","2021",-
"Uzbekistan","Biogas","Electricity Generation (GWh)","On-grid","2022",-
"Uzbekistan","Biogas","Electricity Generation (GWh)","On-grid","2023",-
"Uzbekistan","Biogas","Electricity Generation (GWh)","On-grid","2024",-
"Uzbekistan","Biogas","Electricity Generation (GWh)","Off-grid","2000",-
"Uzbekistan","Biogas","Electricity Generation (GWh)","Off-grid","2001",-
"Uzbekistan","Biogas","Electricity Generation (GWh)","Off-grid","2002",-
"Uzbekistan","Biogas","Electricity Generation (GWh)","Off-grid","2003",-
"Uzbekistan","Biogas","Electricity Generation (GWh)","Off-grid","2004",-
"Uzbekistan","Biogas","Electricity Generation (GWh)","Off-grid","2005",-
"Uzbekistan","Biogas","Electricity Generation (GWh)","Off-grid","2006",-
"Uzbekistan","Biogas","Electricity Generation (GWh)","Off-grid","2007",-
"Uzbekistan","Biogas","Electricity Generation (GWh)","Off-grid","2008",-
"Uzbekistan","Biogas","Electricity Generation (GWh)","Off-grid","2009",-
"Uzbekistan","Biogas","Electricity Generation (GWh)","Off-grid","2010",-
"Uzbekistan","Biogas","Electricity Generation (GWh)","Off-grid","2011",-
"Uzbekistan","Biogas","Electricity Generation (GWh)","Off-grid","2012",-
"Uzbekistan","Biogas","Electricity Generation (GWh)","Off-grid","2013",-
"Uzbekistan","Biogas","Electricity Generation (GWh)","Off-grid","2014",-
"Uzbekistan","Biogas","Electricity Generation (GWh)","Off-grid","2015",-
"Uzbekistan","Biogas","Electricity Generation (GWh)","Off-grid","2016",-
"Uzbekistan","Biogas","Electricity Generation (GWh)","Off-grid","2017",-
"Uzbekistan","Biogas","Electricity Generation (GWh)","Off-grid","2018",-
"Uzbekistan","Biogas","Electricity Generation (GWh)","Off-grid","2019",-
"Uzbekistan","Biogas","Electricity Generation (GWh)","Off-grid","2020",-
"Uzbekistan","Biogas","Electricity Generation (GWh)","Off-grid","2021",-
"Uzbekistan","Biogas","Electricity Generation (GWh)","Off-grid","2022",-
"Uzbekistan","Biogas","Electricity Generation (GWh)","Off-grid","2023",-
"Uzbekistan","Biogas","Electricity Generation (GWh)","Off-grid","2024",-
"Uzbekistan","Geothermal energy","Electricity Installed Capacity (MW)","All","2000",-
"Uzbekistan","Geothermal energy","Electricity Installed Capacity (MW)","All","2001",-
"Uzbekistan","Geothermal energy","Electricity Installed Capacity (MW)","All","2002",-
"Uzbekistan","Geothermal energy","Electricity Installed Capacity (MW)","All","2003",-
"Uzbekistan","Geothermal energy","Electricity Installed Capacity (MW)","All","2004",-
"Uzbekistan","Geothermal energy","Electricity Installed Capacity (MW)","All","2005",-
"Uzbekistan","Geothermal energy","Electricity Installed Capacity (MW)","All","2006",-
"Uzbekistan","Geothermal energy","Electricity Installed Capacity (MW)","All","2007",-
"Uzbekistan","Geothermal energy","Electricity Installed Capacity (MW)","All","2008",-
"Uzbekistan","Geothermal energy","Electricity Installed Capacity (MW)","All","2009",-
"Uzbekistan","Geothermal energy","Electricity Installed Capacity (MW)","All","2010",-
"Uzbekistan","Geothermal energy","Electricity Installed Capacity (MW)","All","2011",-
"Uzbekistan","Geothermal energy","Electricity Installed Capacity (MW)","All","2012",-
"Uzbekistan","Geothermal energy","Electricity Installed Capacity (MW)","All","2013",-
"Uzbekistan","Geothermal energy","Electricity Installed Capacity (MW)","All","2014",-
"Uzbekistan","Geothermal energy","Electricity Installed Capacity (MW)","All","2015",-
"Uzbekistan","Geothermal energy","Electricity Installed Capacity (MW)","All","2016",-
"Uzbekistan","Geothermal energy","Electricity Installed Capacity (MW)","All","2017",-
"Uzbekistan","Geothermal energy","Electricity Installed Capacity (MW)","All","2018",-
"Uzbekistan","Geothermal energy","Electricity Installed Capacity (MW)","All","2019",-
"Uzbekistan","Geothermal energy","Electricity Installed Capacity (MW)","All","2020",-
"Uzbekistan","Geothermal energy","Electricity Installed Capacity (MW)","All","2021",-
"Uzbekistan","Geothermal energy","Electricity Installed Capacity (MW)","All","2022",-
"Uzbekistan","Geothermal energy","Electricity Installed Capacity (MW)","All","2023",-
"Uzbekistan","Geothermal energy","Electricity Installed Capacity (MW)","All","2024",-
"Uzbekistan","Geothermal energy","Electricity Installed Capacity (MW)","On-grid","2000",-
"Uzbekistan","Geothermal energy","Electricity Installed Capacity (MW)","On-grid","2001",-
"Uzbekistan","Geothermal energy","Electricity Installed Capacity (MW)","On-grid","2002",-
"Uzbekistan","Geothermal energy","Electricity Installed Capacity (MW)","On-grid","2003",-
"Uzbekistan","Geothermal energy","Electricity Installed Capacity (MW)","On-grid","2004",-
"Uzbekistan","Geothermal energy","Electricity Installed Capacity (MW)","On-grid","2005",-
"Uzbekistan","Geothermal energy","Electricity Installed Capacity (MW)","On-grid","2006",-
"Uzbekistan","Geothermal energy","Electricity Installed Capacity (MW)","On-grid","2007",-
"Uzbekistan","Geothermal energy","Electricity Installed Capacity (MW)","On-grid","2008",-
"Uzbekistan","Geothermal energy","Electricity Installed Capacity (MW)","On-grid","2009",-
"Uzbekistan","Geothermal energy","Electricity Installed Capacity (MW)","On-grid","2010",-
"Uzbekistan","Geothermal energy","Electricity Installed Capacity (MW)","On-grid","2011",-
"Uzbekistan","Geothermal energy","Electricity Installed Capacity (MW)","On-grid","2012",-
"Uzbekistan","Geothermal energy","Electricity Installed Capacity (MW)","On-grid","2013",-
"Uzbekistan","Geothermal energy","Electricity Installed Capacity (MW)","On-grid","2014",-
"Uzbekistan","Geothermal energy","Electricity Installed Capacity (MW)","On-grid","2015",-
"Uzbekistan","Geothermal energy","Electricity Installed Capacity (MW)","On-grid","2016",-
"Uzbekistan","Geothermal energy","Electricity Installed Capacity (MW)","On-grid","2017",-
"Uzbekistan","Geothermal energy","Electricity Installed Capacity (MW)","On-grid","2018",-
"Uzbekistan","Geothermal energy","Electricity Installed Capacity (MW)","On-grid","2019",-
"Uzbekistan","Geothermal energy","Electricity Installed Capacity (MW)","On-grid","2020",-
"Uzbekistan","Geothermal energy","Electricity Installed Capacity (MW)","On-grid","2021",-
"Uzbekistan","Geothermal energy","Electricity Installed Capacity (MW)","On-grid","2022",-
"Uzbekistan","Geothermal energy","Electricity Installed Capacity (MW)","On-grid","2023",-
"Uzbekistan","Geothermal energy","Electricity Installed Capacity (MW)","On-grid","2024",-
"Uzbekistan","Geothermal energy","Electricity Installed Capacity (MW)","Off-grid","2000",-
"Uzbekistan","Geothermal energy","Electricity Installed Capacity (MW)","Off-grid","2001",-
"Uzbekistan","Geothermal energy","Electricity Installed Capacity (MW)","Off-grid","2002",-
"Uzbekistan","Geothermal energy","Electricity Installed Capacity (MW)","Off-grid","2003",-
"Uzbekistan","Geothermal energy","Electricity Installed Capacity (MW)","Off-grid","2004",-
"Uzbekistan","Geothermal energy","Electricity Installed Capacity (MW)","Off-grid","2005",-
"Uzbekistan","Geothermal energy","Electricity Installed Capacity (MW)","Off-grid","2006",-
"Uzbekistan","Geothermal energy","Electricity Installed Capacity (MW)","Off-grid","2007",-
"Uzbekistan","Geothermal energy","Electricity Installed Capacity (MW)","Off-grid","2008",-
"Uzbekistan","Geothermal energy","Electricity Installed Capacity (MW)","Off-grid","2009",-
"Uzbekistan","Geothermal energy","Electricity Installed Capacity (MW)","Off-grid","2010",-
"Uzbekistan","Geothermal energy","Electricity Installed Capacity (MW)","Off-grid","2011",-
"Uzbekistan","Geothermal energy","Electricity Installed Capacity (MW)","Off-grid","2012",-
"Uzbekistan","Geothermal energy","Electricity Installed Capacity (MW)","Off-grid","2013",-
"Uzbekistan","Geothermal energy","Electricity Installed Capacity (MW)","Off-grid","2014",-
"Uzbekistan","Geothermal energy","Electricity Installed Capacity (MW)","Off-grid","2015",-
"Uzbekistan","Geothermal energy","Electricity Installed Capacity (MW)","Off-grid","2016",-
"Uzbekistan","Geothermal energy","Electricity Installed Capacity (MW)","Off-grid","2017",-
"Uzbekistan","Geothermal energy","Electricity Installed Capacity (MW)","Off-grid","2018",-
"Uzbekistan","Geothermal energy","Electricity Installed Capacity (MW)","Off-grid","2019",-
"Uzbekistan","Geothermal energy","Electricity Installed Capacity (MW)","Off-grid","2020",-
"Uzbekistan","Geothermal energy","Electricity Installed Capacity (MW)","Off-grid","2021",-
"Uzbekistan","Geothermal energy","Electricity Installed Capacity (MW)","Off-grid","2022",-
"Uzbekistan","Geothermal energy","Electricity Installed Capacity (MW)","Off-grid","2023",-
"Uzbekistan","Geothermal energy","Electricity Installed Capacity (MW)","Off-grid","2024",-
"Uzbekistan","Geothermal energy","Electricity Generation (GWh)","All","2000",-
"Uzbekistan","Geothermal energy","Electricity Generation (GWh)","All","2001",-
"Uzbekistan","Geothermal energy","Electricity Generation (GWh)","All","2002",-
"Uzbekistan","Geothermal energy","Electricity Generation (GWh)","All","2003",-
"Uzbekistan","Geothermal energy","Electricity Generation (GWh)","All","2004",-
"Uzbekistan","Geothermal energy","Electricity Generation (GWh)","All","2005",-
"Uzbekistan","Geothermal energy","Electricity Generation (GWh)","All","2006",-
"Uzbekistan","Geothermal energy","Electricity Generation (GWh)","All","2007",-
"Uzbekistan","Geothermal energy","Electricity Generation (GWh)","All","2008",-
"Uzbekistan","Geothermal energy","Electricity Generation (GWh)","All","2009",-
"Uzbekistan","Geothermal energy","Electricity Generation (GWh)","All","2010",-
"Uzbekistan","Geothermal energy","Electricity Generation (GWh)","All","2011",-
"Uzbekistan","Geothermal energy","Electricity Generation (GWh)","All","2012",-
"Uzbekistan","Geothermal energy","Electricity Generation (GWh)","All","2013",-
"Uzbekistan","Geothermal energy","Electricity Generation (GWh)","All","2014",-
"Uzbekistan","Geothermal energy","Electricity Generation (GWh)","All","2015",-
"Uzbekistan","Geothermal energy","Electricity Generation (GWh)","All","2016",-
"Uzbekistan","Geothermal energy","Electricity Generation (GWh)","All","2017",-
"Uzbekistan","Geothermal energy","Electricity Generation (GWh)","All","2018",-
"Uzbekistan","Geothermal energy","Electricity Generation (GWh)","All","2019",-
"Uzbekistan","Geothermal energy","Electricity Generation (GWh)","All","2020",-
"Uzbekistan","Geothermal energy","Electricity Generation (GWh)","All","2021",-
"Uzbekistan","Geothermal energy","Electricity Generation (GWh)","All","2022",-
"Uzbekistan","Geothermal energy","Electricity Generation (GWh)","All","2023",-
"Uzbekistan","Geothermal energy","Electricity Generation (GWh)","All","2024",-
"Uzbekistan","Geothermal energy","Electricity Generation (GWh)","On-grid","2000",-
"Uzbekistan","Geothermal energy","Electricity Generation (GWh)","On-grid","2001",-
"Uzbekistan","Geothermal energy","Electricity Generation (GWh)","On-grid","2002",-
"Uzbekistan","Geothermal energy","Electricity Generation (GWh)","On-grid","2003",-
"Uzbekistan","Geothermal energy","Electricity Generation (GWh)","On-grid","2004",-
"Uzbekistan","Geothermal energy","Electricity Generation (GWh)","On-grid","2005",-
"Uzbekistan","Geothermal energy","Electricity Generation (GWh)","On-grid","2006",-
"Uzbekistan","Geothermal energy","Electricity Generation (GWh)","On-grid","2007",-
"Uzbekistan","Geothermal energy","Electricity Generation (GWh)","On-grid","2008",-
"Uzbekistan","Geothermal energy","Electricity Generation (GWh)","On-grid","2009",-
"Uzbekistan","Geothermal energy","Electricity Generation (GWh)","On-grid","2010",-
"Uzbekistan","Geothermal energy","Electricity Generation (GWh)","On-grid","2011",-
"Uzbekistan","Geothermal energy","Electricity Generation (GWh)","On-grid","2012",-
"Uzbekistan","Geothermal energy","Electricity Generation (GWh)","On-grid","2013",-
"Uzbekistan","Geothermal energy","Electricity Generation (GWh)","On-grid","2014",-
"Uzbekistan","Geothermal energy","Electricity Generation (GWh)","On-grid","2015",-
"Uzbekistan","Geothermal energy","Electricity Generation (GWh)","On-grid","2016",-
"Uzbekistan","Geothermal energy","Electricity Generation (GWh)","On-grid","2017",-
"Uzbekistan","Geothermal energy","Electricity Generation (GWh)","On-grid","2018",-
"Uzbekistan","Geothermal energy","Electricity Generation (GWh)","On-grid","2019",-
"Uzbekistan","Geothermal energy","Electricity Generation (GWh)","On-grid","2020",-
"Uzbekistan","Geothermal energy","Electricity Generation (GWh)","On-grid","2021",-
"Uzbekistan","Geothermal energy","Electricity Generation (GWh)","On-grid","2022",-
"Uzbekistan","Geothermal energy","Electricity Generation (GWh)","On-grid","2023",-
"Uzbekistan","Geothermal energy","Electricity Generation (GWh)","On-grid","2024",-
"Uzbekistan","Geothermal energy","Electricity Generation (GWh)","Off-grid","2000",-
"Uzbekistan","Geothermal energy","Electricity Generation (GWh)","Off-grid","2001",-
"Uzbekistan","Geothermal energy","Electricity Generation (GWh)","Off-grid","2002",-
"Uzbekistan","Geothermal energy","Electricity Generation (GWh)","Off-grid","2003",-
"Uzbekistan","Geothermal energy","Electricity Generation (GWh)","Off-grid","2004",-
"Uzbekistan","Geothermal energy","Electricity Generation (GWh)","Off-grid","2005",-
"Uzbekistan","Geothermal energy","Electricity Generation (GWh)","Off-grid","2006",-
"Uzbekistan","Geothermal energy","Electricity Generation (GWh)","Off-grid","2007",-
"Uzbekistan","Geothermal energy","Electricity Generation (GWh)","Off-grid","2008",-
"Uzbekistan","Geothermal energy","Electricity Generation (GWh)","Off-grid","2009",-
"Uzbekistan","Geothermal energy","Electricity Generation (GWh)","Off-grid","2010",-
"Uzbekistan","Geothermal energy","Electricity Generation (GWh)","Off-grid","2011",-
"Uzbekistan","Geothermal energy","Electricity Generation (GWh)","Off-grid","2012",-
"Uzbekistan","Geothermal energy","Electricity Generation (GWh)","Off-grid","2013",-
"Uzbekistan","Geothermal energy","Electricity Generation (GWh)","Off-grid","2014",-
"Uzbekistan","Geothermal energy","Electricity Generation (GWh)","Off-grid","2015",-
"Uzbekistan","Geothermal energy","Electricity Generation (GWh)","Off-grid","2016",-
"Uzbekistan","Geothermal energy","Electricity Generation (GWh)","Off-grid","2017",-
"Uzbekistan","Geothermal energy","Electricity Generation (GWh)","Off-grid","2018",-
"Uzbekistan","Geothermal energy","Electricity Generation (GWh)","Off-grid","2019",-
"Uzbekistan","Geothermal energy","Electricity Generation (GWh)","Off-grid","2020",-
"Uzbekistan","Geothermal energy","Electricity Generation (GWh)","Off-grid","2021",-
"Uzbekistan","Geothermal energy","Electricity Generation (GWh)","Off-grid","2022",-
"Uzbekistan","Geothermal energy","Electricity Generation (GWh)","Off-grid","2023",-
"Uzbekistan","Geothermal energy","Electricity Generation (GWh)","Off-grid","2024",-
"Uzbekistan","Total non-renewable","Electricity Installed Capacity (MW)","All","2000",10600.00
"Uzbekistan","Total non-renewable","Electricity Installed Capacity (MW)","All","2001",10600.00
"Uzbekistan","Total non-renewable","Electricity Installed Capacity (MW)","All","2002",10600.00
"Uzbekistan","Total non-renewable","Electricity Installed Capacity (MW)","All","2003",10752.00
"Uzbekistan","Total non-renewable","Electricity Installed Capacity (MW)","All","2004",10750.00
"Uzbekistan","Total non-renewable","Electricity Installed Capacity (MW)","All","2005",10749.00
"Uzbekistan","Total non-renewable","Electricity Installed Capacity (MW)","All","2006",10749.00
"Uzbekistan","Total non-renewable","Electricity Installed Capacity (MW)","All","2007",10756.00
"Uzbekistan","Total non-renewable","Electricity Installed Capacity (MW)","All","2008",10756.00
"Uzbekistan","Total non-renewable","Electricity Installed Capacity (MW)","All","2009",10760.40
"Uzbekistan","Total non-renewable","Electricity Installed Capacity (MW)","All","2010",10762.50
"Uzbekistan","Total non-renewable","Electricity Installed Capacity (MW)","All","2011",10758.20
"Uzbekistan","Total non-renewable","Electricity Installed Capacity (MW)","All","2012",10758.70
"Uzbekistan","Total non-renewable","Electricity Installed Capacity (MW)","All","2013",11281.00
"Uzbekistan","Total non-renewable","Electricity Installed Capacity (MW)","All","2014",11165.00
"Uzbekistan","Total non-renewable","Electricity Installed Capacity (MW)","All","2015",11335.38
"Uzbekistan","Total non-renewable","Electricity Installed Capacity (MW)","All","2016",12221.67
"Uzbekistan","Total non-renewable","Electricity Installed Capacity (MW)","All","2017",12516.43
"Uzbekistan","Total non-renewable","Electricity Installed Capacity (MW)","All","2018",12276.47
"Uzbekistan","Total non-renewable","Electricity Installed Capacity (MW)","All","2019",14031.90
"Uzbekistan","Total non-renewable","Electricity Installed Capacity (MW)","All","2020",14620.40
"Uzbekistan","Total non-renewable","Electricity Installed Capacity (MW)","All","2021",14440.30
"Uzbekistan","Total non-renewable","Electricity Installed Capacity (MW)","All","2022",15232.30
"Uzbekistan","Total non-renewable","Electricity Installed Capacity (MW)","All","2023",15617.50
"Uzbekistan","Total non-renewable","Electricity Installed Capacity (MW)","All","2024",16017.50
"Uzbekistan","Total non-renewable","Electricity Installed Capacity (MW)","On-grid","2000",10600.00
"Uzbekistan","Total non-renewable","Electricity Installed Capacity (MW)","On-grid","2001",10600.00
"Uzbekistan","Total non-renewable","Electricity Installed Capacity (MW)","On-grid","2002",10600.00
"Uzbekistan","Total non-renewable","Electricity Installed Capacity (MW)","On-grid","2003",10752.00
"Uzbekistan","Total non-renewable","Electricity Installed Capacity (MW)","On-grid","2004",10750.00
"Uzbekistan","Total non-renewable","Electricity Installed Capacity (MW)","On-grid","2005",10749.00
"Uzbekistan","Total non-renewable","Electricity Installed Capacity (MW)","On-grid","2006",10749.00
"Uzbekistan","Total non-renewable","Electricity Installed Capacity (MW)","On-grid","2007",10756.00
"Uzbekistan","Total non-renewable","Electricity Installed Capacity (MW)","On-grid","2008",10756.00
"Uzbekistan","Total non-renewable","Electricity Installed Capacity (MW)","On-grid","2009",10760.40
"Uzbekistan","Total non-renewable","Electricity Installed Capacity (MW)","On-grid","2010",10762.50
"Uzbekistan","Total non-renewable","Electricity Installed Capacity (MW)","On-grid","2011",10758.20
"Uzbekistan","Total non-renewable","Electricity Installed Capacity (MW)","On-grid","2012",10758.70
"Uzbekistan","Total non-renewable","Electricity Installed Capacity (MW)","On-grid","2013",11281.00
"Uzbekistan","Total non-renewable","Electricity Installed Capacity (MW)","On-grid","2014",11165.00
"Uzbekistan","Total non-renewable","Electricity Installed Capacity (MW)","On-grid","2015",11335.38
"Uzbekistan","Total non-renewable","Electricity Installed Capacity (MW)","On-grid","2016",12221.67
"Uzbekistan","Total non-renewable","Electricity Installed Capacity (MW)","On-grid","2017",12516.43
"Uzbekistan","Total non-renewable","Electricity Installed Capacity (MW)","On-grid","2018",12276.47
"Uzbekistan","Total non-renewable","Electricity Installed Capacity (MW)","On-grid","2019",14031.90
"Uzbekistan","Total non-renewable","Electricity Installed Capacity (MW)","On-grid","2020",14620.40
"Uzbekistan","Total non-renewable","Electricity Installed Capacity (MW)","On-grid","2021",14440.30
"Uzbekistan","Total non-renewable","Electricity Installed Capacity (MW)","On-grid","2022",15232.30
"Uzbekistan","Total non-renewable","Electricity Installed Capacity (MW)","On-grid","2023",15617.50
"Uzbekistan","Total non-renewable","Electricity Installed Capacity (MW)","On-grid","2024",16017.50
"Uzbekistan","Total non-renewable","Electricity Installed Capacity (MW)","Off-grid","2000",-
"Uzbekistan","Total non-renewable","Electricity Installed Capacity (MW)","Off-grid","2001",-
"Uzbekistan","Total non-renewable","Electricity Installed Capacity (MW)","Off-grid","2002",-
"Uzbekistan","Total non-renewable","Electricity Installed Capacity (MW)","Off-grid","2003",-
"Uzbekistan","Total non-renewable","Electricity Installed Capacity (MW)","Off-grid","2004",-
"Uzbekistan","Total non-renewable","Electricity Installed Capacity (MW)","Off-grid","2005",-
"Uzbekistan","Total non-renewable","Electricity Installed Capacity (MW)","Off-grid","2006",-
"Uzbekistan","Total non-renewable","Electricity Installed Capacity (MW)","Off-grid","2007",-
"Uzbekistan","Total non-renewable","Electricity Installed Capacity (MW)","Off-grid","2008",-
"Uzbekistan","Total non-renewable","Electricity Installed Capacity (MW)","Off-grid","2009",-
"Uzbekistan","Total non-renewable","Electricity Installed Capacity (MW)","Off-grid","2010",-
"Uzbekistan","Total non-renewable","Electricity Installed Capacity (MW)","Off-grid","2011",-
"Uzbekistan","Total non-renewable","Electricity Installed Capacity (MW)","Off-grid","2012",-
"Uzbekistan","Total non-renewable","Electricity Installed Capacity (MW)","Off-grid","2013",-
"Uzbekistan","Total non-renewable","Electricity Installed Capacity (MW)","Off-grid","2014",-
"Uzbekistan","Total non-renewable","Electricity Installed Capacity (MW)","Off-grid","2015",-
"Uzbekistan","Total non-renewable","Electricity Installed Capacity (MW)","Off-grid","2016",-
"Uzbekistan","Total non-renewable","Electricity Installed Capacity (MW)","Off-grid","2017",-
"Uzbekistan","Total non-renewable","Electricity Installed Capacity (MW)","Off-grid","2018",-
"Uzbekistan","Total non-renewable","Electricity Installed Capacity (MW)","Off-grid","2019",-
"Uzbekistan","Total non-renewable","Electricity Installed Capacity (MW)","Off-grid","2020",-
"Uzbekistan","Total non-renewable","Electricity Installed Capacity (MW)","Off-grid","2021",-
"Uzbekistan","Total non-renewable","Electricity Installed Capacity (MW)","Off-grid","2022",-
"Uzbekistan","Total non-renewable","Electricity Installed Capacity (MW)","Off-grid","2023",-
"Uzbekistan","Total non-renewable","Electricity Installed Capacity (MW)","Off-grid","2024",-
"Uzbekistan","Total non-renewable","Electricity Generation (GWh)","All","2000",40985.00
"Uzbekistan","Total non-renewable","Electricity Generation (GWh)","All","2001",41541.00
"Uzbekistan","Total non-renewable","Electricity Generation (GWh)","All","2002",43124.00
"Uzbekistan","Total non-renewable","Electricity Generation (GWh)","All","2003",41780.00
"Uzbekistan","Total non-renewable","Electricity Generation (GWh)","All","2004",40990.00
"Uzbekistan","Total non-renewable","Electricity Generation (GWh)","All","2005",40570.00
"Uzbekistan","Total non-renewable","Electricity Generation (GWh)","All","2006",41760.00
"Uzbekistan","Total non-renewable","Electricity Generation (GWh)","All","2007",42550.00
"Uzbekistan","Total non-renewable","Electricity Generation (GWh)","All","2008",38040.00
"Uzbekistan","Total non-renewable","Electricity Generation (GWh)","All","2009",40620.00
"Uzbekistan","Total non-renewable","Electricity Generation (GWh)","All","2010",40870.00
"Uzbekistan","Total non-renewable","Electricity Generation (GWh)","All","2011",42200.00
"Uzbekistan","Total non-renewable","Electricity Generation (GWh)","All","2012",41290.00
"Uzbekistan","Total non-renewable","Electricity Generation (GWh)","All","2013",42640.00
"Uzbekistan","Total non-renewable","Electricity Generation (GWh)","All","2014",42640.00
"Uzbekistan","Total non-renewable","Electricity Generation (GWh)","All","2015",42640.00
"Uzbekistan","Total non-renewable","Electricity Generation (GWh)","All","2016",50218.75
"Uzbekistan","Total non-renewable","Electricity Generation (GWh)","All","2017",51991.75
"Uzbekistan","Total non-renewable","Electricity Generation (GWh)","All","2018",52839.51
"Uzbekistan","Total non-renewable","Electricity Generation (GWh)","All","2019",51078.40
"Uzbekistan","Total non-renewable","Electricity Generation (GWh)","All","2020",47908.46
"Uzbekistan","Total non-renewable","Electricity Generation (GWh)","All","2021",60171.80
"Uzbekistan","Total non-renewable","Electricity Generation (GWh)","All","2022",67333.50
"Uzbekistan","Total non-renewable","Electricity Generation (GWh)","All","2023",69605.40
"Uzbekistan","Total non-renewable","Electricity Generation (GWh)","All","2024",-
"Uzbekistan","Total non-renewable","Electricity Generation (GWh)","On-grid","2000",40985.00
"Uzbekistan","Total non-renewable","Electricity Generation (GWh)","On-grid","2001",41541.00
"Uzbekistan","Total non-renewable","Electricity Generation (GWh)","On-grid","2002",43124.00
"Uzbekistan","Total non-renewable","Electricity Generation (GWh)","On-grid","2003",41780.00
"Uzbekistan","Total non-renewable","Electricity Generation (GWh)","On-grid","2004",40990.00
"Uzbekistan","Total non-renewable","Electricity Generation (GWh)","On-grid","2005",40570.00
"Uzbekistan","Total non-renewable","Electricity Generation (GWh)","On-grid","2006",41760.00
"Uzbekistan","Total non-renewable","Electricity Generation (GWh)","On-grid","2007",42550.00
"Uzbekistan","Total non-renewable","Electricity Generation (GWh)","On-grid","2008",38040.00
"Uzbekistan","Total non-renewable","Electricity Generation (GWh)","On-grid","2009",40620.00
"Uzbekistan","Total non-renewable","Electricity Generation (GWh)","On-grid","2010",40870.00
"Uzbekistan","Total non-renewable","Electricity Generation (GWh)","On-grid","2011",42200.00
"Uzbekistan","Total non-renewable","Electricity Generation (GWh)","On-grid","2012",41290.00
"Uzbekistan","Total non-renewable","Electricity Generation (GWh)","On-grid","2013",42640.00
"Uzbekistan","Total non-renewable","Electricity Generation (GWh)","On-grid","2014",42640.00
"Uzbekistan","Total non-renewable","Electricity Generation (GWh)","On-grid","2015",42640.00
"Uzbekistan","Total non-renewable","Electricity Generation (GWh)","On-grid","2016",50218.75
"Uzbekistan","Total non-renewable","Electricity Generation (GWh)","On-grid","2017",51991.75
"Uzbekistan","Total non-renewable","Electricity Generation (GWh)","On-grid","2018",52839.51
"Uzbekistan","Total non-renewable","Electricity Generation (GWh)","On-grid","2019",51078.40
"Uzbekistan","Total non-renewable","Electricity Generation (GWh)","On-grid","2020",47908.46
"Uzbekistan","Total non-renewable","Electricity Generation (GWh)","On-grid","2021",60171.80
"Uzbekistan","Total non-renewable","Electricity Generation (GWh)","On-grid","2022",67333.50
"Uzbekistan","Total non-renewable","Electricity Generation (GWh)","On-grid","2023",69605.40
"Uzbekistan","Total non-renewable","Electricity Generation (GWh)","On-grid","2024",-
"Uzbekistan","Total non-renewable","Electricity Generation (GWh)","Off-grid","2000",-
"Uzbekistan","Total non-renewable","Electricity Generation (GWh)","Off-grid","2001",-
"Uzbekistan","Total non-renewable","Electricity Generation (GWh)","Off-grid","2002",-
"Uzbekistan","Total non-renewable","Electricity Generation (GWh)","Off-grid","2003",-
"Uzbekistan","Total non-renewable","Electricity Generation (GWh)","Off-grid","2004",-
"Uzbekistan","Total non-renewable","Electricity Generation (GWh)","Off-grid","2005",-
"Uzbekistan","Total non-renewable","Electricity Generation (GWh)","Off-grid","2006",-
"Uzbekistan","Total non-renewable","Electricity Generation (GWh)","Off-grid","2007",-
"Uzbekistan","Total non-renewable","Electricity Generation (GWh)","Off-grid","2008",-
"Uzbekistan","Total non-renewable","Electricity Generation (GWh)","Off-grid","2009",-
"Uzbekistan","Total non-renewable","Electricity Generation (GWh)","Off-grid","2010",-
"Uzbekistan","Total non-renewable","Electricity Generation (GWh)","Off-grid","2011",-
"Uzbekistan","Total non-renewable","Electricity Generation (GWh)","Off-grid","2012",-
"Uzbekistan","Total non-renewable","Electricity Generation (GWh)","Off-grid","2013",-
"Uzbekistan","Total non-renewable","Electricity Generation (GWh)","Off-grid","2014",-
"Uzbekistan","Total non-renewable","Electricity Generation (GWh)","Off-grid","2015",-
"Uzbekistan","Total non-renewable","Electricity Generation (GWh)","Off-grid","2016",-
"Uzbekistan","Total non-renewable","Electricity Generation (GWh)","Off-grid","2017",-
"Uzbekistan","Total non-renewable","Electricity Generation (GWh)","Off-grid","2018",-
"Uzbekistan","Total non-renewable","Electricity Generation (GWh)","Off-grid","2019",-
"Uzbekistan","Total non-renewable","Electricity Generation (GWh)","Off-grid","2020",-
"Uzbekistan","Total non-renewable","Electricity Generation (GWh)","Off-grid","2021",-
"Uzbekistan","Total non-renewable","Electricity Generation (GWh)","Off-grid","2022",-
"Uzbekistan","Total non-renewable","Electricity Generation (GWh)","Off-grid","2023",-
"Uzbekistan","Total non-renewable","Electricity Generation (GWh)","Off-grid","2024",-
"Uzbekistan","Pumped storage","Electricity Installed Capacity (MW)","All","2000",-
"Uzbekistan","Pumped storage","Electricity Installed Capacity (MW)","All","2001",-
"Uzbekistan","Pumped storage","Electricity Installed Capacity (MW)","All","2002",-
"Uzbekistan","Pumped storage","Electricity Installed Capacity (MW)","All","2003",-
"Uzbekistan","Pumped storage","Electricity Installed Capacity (MW)","All","2004",-
"Uzbekistan","Pumped storage","Electricity Installed Capacity (MW)","All","2005",-
"Uzbekistan","Pumped storage","Electricity Installed Capacity (MW)","All","2006",-
"Uzbekistan","Pumped storage","Electricity Installed Capacity (MW)","All","2007",-
"Uzbekistan","Pumped storage","Electricity Installed Capacity (MW)","All","2008",-
"Uzbekistan","Pumped storage","Electricity Installed Capacity (MW)","All","2009",-
"Uzbekistan","Pumped storage","Electricity Installed Capacity (MW)","All","2010",-
"Uzbekistan","Pumped storage","Electricity Installed Capacity (MW)","All","2011",-
"Uzbekistan","Pumped storage","Electricity Installed Capacity (MW)","All","2012",-
"Uzbekistan","Pumped storage","Electricity Installed Capacity (MW)","All","2013",-
"Uzbekistan","Pumped storage","Electricity Installed Capacity (MW)","All","2014",-
"Uzbekistan","Pumped storage","Electricity Installed Capacity (MW)","All","2015",-
"Uzbekistan","Pumped storage","Electricity Installed Capacity (MW)","All","2016",-
"Uzbekistan","Pumped storage","Electricity Installed Capacity (MW)","All","2017",-
"Uzbekistan","Pumped storage","Electricity Installed Capacity (MW)","All","2018",-
"Uzbekistan","Pumped storage","Electricity Installed Capacity (MW)","All","2019",-
"Uzbekistan","Pumped storage","Electricity Installed Capacity (MW)","All","2020",-
"Uzbekistan","Pumped storage","Electricity Installed Capacity (MW)","All","2021",-
"Uzbekistan","Pumped storage","Electricity Installed Capacity (MW)","All","2022",-
"Uzbekistan","Pumped storage","Electricity Installed Capacity (MW)","All","2023",-
"Uzbekistan","Pumped storage","Electricity Installed Capacity (MW)","All","2024",-
"Uzbekistan","Pumped storage","Electricity Installed Capacity (MW)","On-grid","2000",-
"Uzbekistan","Pumped storage","Electricity Installed Capacity (MW)","On-grid","2001",-
"Uzbekistan","Pumped storage","Electricity Installed Capacity (MW)","On-grid","2002",-
"Uzbekistan","Pumped storage","Electricity Installed Capacity (MW)","On-grid","2003",-
"Uzbekistan","Pumped storage","Electricity Installed Capacity (MW)","On-grid","2004",-
"Uzbekistan","Pumped storage","Electricity Installed Capacity (MW)","On-grid","2005",-
"Uzbekistan","Pumped storage","Electricity Installed Capacity (MW)","On-grid","2006",-
"Uzbekistan","Pumped storage","Electricity Installed Capacity (MW)","On-grid","2007",-
"Uzbekistan","Pumped storage","Electricity Installed Capacity (MW)","On-grid","2008",-
"Uzbekistan","Pumped storage","Electricity Installed Capacity (MW)","On-grid","2009",-
"Uzbekistan","Pumped storage","Electricity Installed Capacity (MW)","On-grid","2010",-
"Uzbekistan","Pumped storage","Electricity Installed Capacity (MW)","On-grid","2011",-
"Uzbekistan","Pumped storage","Electricity Installed Capacity (MW)","On-grid","2012",-
"Uzbekistan","Pumped storage","Electricity Installed Capacity (MW)","On-grid","2013",-
"Uzbekistan","Pumped storage","Electricity Installed Capacity (MW)","On-grid","2014",-
"Uzbekistan","Pumped storage","Electricity Installed Capacity (MW)","On-grid","2015",-
"Uzbekistan","Pumped storage","Electricity Installed Capacity (MW)","On-grid","2016",-
"Uzbekistan","Pumped storage","Electricity Installed Capacity (MW)","On-grid","2017",-
"Uzbekistan","Pumped storage","Electricity Installed Capacity (MW)","On-grid","2018",-
"Uzbekistan","Pumped storage","Electricity Installed Capacity (MW)","On-grid","2019",-
"Uzbekistan","Pumped storage","Electricity Installed Capacity (MW)","On-grid","2020",-
"Uzbekistan","Pumped storage","Electricity Installed Capacity (MW)","On-grid","2021",-
"Uzbekistan","Pumped storage","Electricity Installed Capacity (MW)","On-grid","2022",-
"Uzbekistan","Pumped storage","Electricity Installed Capacity (MW)","On-grid","2023",-
"Uzbekistan","Pumped storage","Electricity Installed Capacity (MW)","On-grid","2024",-
"Uzbekistan","Pumped storage","Electricity Installed Capacity (MW)","Off-grid","2000",-
"Uzbekistan","Pumped storage","Electricity Installed Capacity (MW)","Off-grid","2001",-
"Uzbekistan","Pumped storage","Electricity Installed Capacity (MW)","Off-grid","2002",-
"Uzbekistan","Pumped storage","Electricity Installed Capacity (MW)","Off-grid","2003",-
"Uzbekistan","Pumped storage","Electricity Installed Capacity (MW)","Off-grid","2004",-
"Uzbekistan","Pumped storage","Electricity Installed Capacity (MW)","Off-grid","2005",-
"Uzbekistan","Pumped storage","Electricity Installed Capacity (MW)","Off-grid","2006",-
"Uzbekistan","Pumped storage","Electricity Installed Capacity (MW)","Off-grid","2007",-
"Uzbekistan","Pumped storage","Electricity Installed Capacity (MW)","Off-grid","2008",-
"Uzbekistan","Pumped storage","Electricity Installed Capacity (MW)","Off-grid","2009",-
"Uzbekistan","Pumped storage","Electricity Installed Capacity (MW)","Off-grid","2010",-
"Uzbekistan","Pumped storage","Electricity Installed Capacity (MW)","Off-grid","2011",-
"Uzbekistan","Pumped storage","Electricity Installed Capacity (MW)","Off-grid","2012",-
"Uzbekistan","Pumped storage","Electricity Installed Capacity (MW)","Off-grid","2013",-
"Uzbekistan","Pumped storage","Electricity Installed Capacity (MW)","Off-grid","2014",-
"Uzbekistan","Pumped storage","Electricity Installed Capacity (MW)","Off-grid","2015",-
"Uzbekistan","Pumped storage","Electricity Installed Capacity (MW)","Off-grid","2016",-
"Uzbekistan","Pumped storage","Electricity Installed Capacity (MW)","Off-grid","2017",-
"Uzbekistan","Pumped storage","Electricity Installed Capacity (MW)","Off-grid","2018",-
"Uzbekistan","Pumped storage","Electricity Installed Capacity (MW)","Off-grid","2019",-
"Uzbekistan","Pumped storage","Electricity Installed Capacity (MW)","Off-grid","2020",-
"Uzbekistan","Pumped storage","Electricity Installed Capacity (MW)","Off-grid","2021",-
"Uzbekistan","Pumped storage","Electricity Installed Capacity (MW)","Off-grid","2022",-
"Uzbekistan","Pumped storage","Electricity Installed Capacity (MW)","Off-grid","2023",-
"Uzbekistan","Pumped storage","Electricity Installed Capacity (MW)","Off-grid","2024",-
"Uzbekistan","Pumped storage","Electricity Generation (GWh)","All","2000",-
"Uzbekistan","Pumped storage","Electricity Generation (GWh)","All","2001",-
"Uzbekistan","Pumped storage","Electricity Generation (GWh)","All","2002",-
"Uzbekistan","Pumped storage","Electricity Generation (GWh)","All","2003",-
"Uzbekistan","Pumped storage","Electricity Generation (GWh)","All","2004",-
"Uzbekistan","Pumped storage","Electricity Generation (GWh)","All","2005",-
"Uzbekistan","Pumped storage","Electricity Generation (GWh)","All","2006",-
"Uzbekistan","Pumped storage","Electricity Generation (GWh)","All","2007",-
"Uzbekistan","Pumped storage","Electricity Generation (GWh)","All","2008",-
"Uzbekistan","Pumped storage","Electricity Generation (GWh)","All","2009",-
"Uzbekistan","Pumped storage","Electricity Generation (GWh)","All","2010",-
"Uzbekistan","Pumped storage","Electricity Generation (GWh)","All","2011",-
"Uzbekistan","Pumped storage","Electricity Generation (GWh)","All","2012",-
"Uzbekistan","Pumped storage","Electricity Generation (GWh)","All","2013",-
"Uzbekistan","Pumped storage","Electricity Generation (GWh)","All","2014",-
"Uzbekistan","Pumped storage","Electricity Generation (GWh)","All","2015",-
"Uzbekistan","Pumped storage","Electricity Generation (GWh)","All","2016",-
"Uzbekistan","Pumped storage","Electricity Generation (GWh)","All","2017",-
"Uzbekistan","Pumped storage","Electricity Generation (GWh)","All","2018",-
"Uzbekistan","Pumped storage","Electricity Generation (GWh)","All","2019",-
"Uzbekistan","Pumped storage","Electricity Generation (GWh)","All","2020",-
"Uzbekistan","Pumped storage","Electricity Generation (GWh)","All","2021",-
"Uzbekistan","Pumped storage","Electricity Generation (GWh)","All","2022",-
"Uzbekistan","Pumped storage","Electricity Generation (GWh)","All","2023",-
"Uzbekistan","Pumped storage","Electricity Generation (GWh)","All","2024",-
"Uzbekistan","Pumped storage","Electricity Generation (GWh)","On-grid","2000",-
"Uzbekistan","Pumped storage","Electricity Generation (GWh)","On-grid","2001",-
"Uzbekistan","Pumped storage","Electricity Generation (GWh)","On-grid","2002",-
"Uzbekistan","Pumped storage","Electricity Generation (GWh)","On-grid","2003",-
"Uzbekistan","Pumped storage","Electricity Generation (GWh)","On-grid","2004",-
"Uzbekistan","Pumped storage","Electricity Generation (GWh)","On-grid","2005",-
"Uzbekistan","Pumped storage","Electricity Generation (GWh)","On-grid","2006",-
"Uzbekistan","Pumped storage","Electricity Generation (GWh)","On-grid","2007",-
"Uzbekistan","Pumped storage","Electricity Generation (GWh)","On-grid","2008",-
"Uzbekistan","Pumped storage","Electricity Generation (GWh)","On-grid","2009",-
"Uzbekistan","Pumped storage","Electricity Generation (GWh)","On-grid","2010",-
"Uzbekistan","Pumped storage","Electricity Generation (GWh)","On-grid","2011",-
"Uzbekistan","Pumped storage","Electricity Generation (GWh)","On-grid","2012",-
"Uzbekistan","Pumped storage","Electricity Generation (GWh)","On-grid","2013",-
"Uzbekistan","Pumped storage","Electricity Generation (GWh)","On-grid","2014",-
"Uzbekistan","Pumped storage","Electricity Generation (GWh)","On-grid","2015",-
"Uzbekistan","Pumped storage","Electricity Generation (GWh)","On-grid","2016",-
"Uzbekistan","Pumped storage","Electricity Generation (GWh)","On-grid","2017",-
"Uzbekistan","Pumped storage","Electricity Generation (GWh)","On-grid","2018",-
"Uzbekistan","Pumped storage","Electricity Generation (GWh)","On-grid","2019",-
"Uzbekistan","Pumped storage","Electricity Generation (GWh)","On-grid","2020",-
"Uzbekistan","Pumped storage","Electricity Generation (GWh)","On-grid","2021",-
"Uzbekistan","Pumped storage","Electricity Generation (GWh)","On-grid","2022",-
"Uzbekistan","Pumped storage","Electricity Generation (GWh)","On-grid","2023",-
"Uzbekistan","Pumped storage","Electricity Generation (GWh)","On-grid","2024",-
"Uzbekistan","Pumped storage","Electricity Generation (GWh)","Off-grid","2000",-
"Uzbekistan","Pumped storage","Electricity Generation (GWh)","Off-grid","2001",-
"Uzbekistan","Pumped storage","Electricity Generation (GWh)","Off-grid","2002",-
"Uzbekistan","Pumped storage","Electricity Generation (GWh)","Off-grid","2003",-
"Uzbekistan","Pumped storage","Electricity Generation (GWh)","Off-grid","2004",-
"Uzbekistan","Pumped storage","Electricity Generation (GWh)","Off-grid","2005",-
"Uzbekistan","Pumped storage","Electricity Generation (GWh)","Off-grid","2006",-
"Uzbekistan","Pumped storage","Electricity Generation (GWh)","Off-grid","2007",-
"Uzbekistan","Pumped storage","Electricity Generation (GWh)","Off-grid","2008",-
"Uzbekistan","Pumped storage","Electricity Generation (GWh)","Off-grid","2009",-
"Uzbekistan","Pumped storage","Electricity Generation (GWh)","Off-grid","2010",-
"Uzbekistan","Pumped storage","Electricity Generation (GWh)","Off-grid","2011",-
"Uzbekistan","Pumped storage","Electricity Generation (GWh)","Off-grid","2012",-
"Uzbekistan","Pumped storage","Electricity Generation (GWh)","Off-grid","2013",-
"Uzbekistan","Pumped storage","Electricity Generation (GWh)","Off-grid","2014",-
"Uzbekistan","Pumped storage","Electricity Generation (GWh)","Off-grid","2015",-
"Uzbekistan","Pumped storage","Electricity Generation (GWh)","Off-grid","2016",-
"Uzbekistan","Pumped storage","Electricity Generation (GWh)","Off-grid","2017",-
"Uzbekistan","Pumped storage","Electricity Generation (GWh)","Off-grid","2018",-
"Uzbekistan","Pumped storage","Electricity Generation (GWh)","Off-grid","2019",-
"Uzbekistan","Pumped storage","Electricity Generation (GWh)","Off-grid","2020",-
"Uzbekistan","Pumped storage","Electricity Generation (GWh)","Off-grid","2021",-
"Uzbekistan","Pumped storage","Electricity Generation (GWh)","Off-grid","2022",-
"Uzbekistan","Pumped storage","Electricity Generation (GWh)","Off-grid","2023",-
"Uzbekistan","Pumped storage","Electricity Generation (GWh)","Off-grid","2024",-
"Uzbekistan","Coal and peat","Electricity Installed Capacity (MW)","All","2000",-
"Uzbekistan","Coal and peat","Electricity Installed Capacity (MW)","All","2001",-
"Uzbekistan","Coal and peat","Electricity Installed Capacity (MW)","All","2002",-
"Uzbekistan","Coal and peat","Electricity Installed Capacity (MW)","All","2003",-
"Uzbekistan","Coal and peat","Electricity Installed Capacity (MW)","All","2004",-
"Uzbekistan","Coal and peat","Electricity Installed Capacity (MW)","All","2005",-
"Uzbekistan","Coal and peat","Electricity Installed Capacity (MW)","All","2006",-
"Uzbekistan","Coal and peat","Electricity Installed Capacity (MW)","All","2007",-
"Uzbekistan","Coal and peat","Electricity Installed Capacity (MW)","All","2008",-
"Uzbekistan","Coal and peat","Electricity Installed Capacity (MW)","All","2009",-
"Uzbekistan","Coal and peat","Electricity Installed Capacity (MW)","All","2010",-
"Uzbekistan","Coal and peat","Electricity Installed Capacity (MW)","All","2011",-
"Uzbekistan","Coal and peat","Electricity Installed Capacity (MW)","All","2012",-
"Uzbekistan","Coal and peat","Electricity Installed Capacity (MW)","All","2013",-
"Uzbekistan","Coal and peat","Electricity Installed Capacity (MW)","All","2014",-
"Uzbekistan","Coal and peat","Electricity Installed Capacity (MW)","All","2015",-
"Uzbekistan","Coal and peat","Electricity Installed Capacity (MW)","All","2016",-
"Uzbekistan","Coal and peat","Electricity Installed Capacity (MW)","All","2017",-
"Uzbekistan","Coal and peat","Electricity Installed Capacity (MW)","All","2018",-
"Uzbekistan","Coal and peat","Electricity Installed Capacity (MW)","All","2019",-
"Uzbekistan","Coal and peat","Electricity Installed Capacity (MW)","All","2020",-
"Uzbekistan","Coal and peat","Electricity Installed Capacity (MW)","All","2021",-
"Uzbekistan","Coal and peat","Electricity Installed Capacity (MW)","All","2022",-
"Uzbekistan","Coal and peat","Electricity Installed Capacity (MW)","All","2023",-
"Uzbekistan","Coal and peat","Electricity Installed Capacity (MW)","All","2024",-
"Uzbekistan","Coal and peat","Electricity Installed Capacity (MW)","On-grid","2000",-
"Uzbekistan","Coal and peat","Electricity Installed Capacity (MW)","On-grid","2001",-
"Uzbekistan","Coal and peat","Electricity Installed Capacity (MW)","On-grid","2002",-
"Uzbekistan","Coal and peat","Electricity Installed Capacity (MW)","On-grid","2003",-
"Uzbekistan","Coal and peat","Electricity Installed Capacity (MW)","On-grid","2004",-
"Uzbekistan","Coal and peat","Electricity Installed Capacity (MW)","On-grid","2005",-
"Uzbekistan","Coal and peat","Electricity Installed Capacity (MW)","On-grid","2006",-
"Uzbekistan","Coal and peat","Electricity Installed Capacity (MW)","On-grid","2007",-
"Uzbekistan","Coal and peat","Electricity Installed Capacity (MW)","On-grid","2008",-
"Uzbekistan","Coal and peat","Electricity Installed Capacity (MW)","On-grid","2009",-
"Uzbekistan","Coal and peat","Electricity Installed Capacity (MW)","On-grid","2010",-
"Uzbekistan","Coal and peat","Electricity Installed Capacity (MW)","On-grid","2011",-
"Uzbekistan","Coal and peat","Electricity Installed Capacity (MW)","On-grid","2012",-
"Uzbekistan","Coal and peat","Electricity Installed Capacity (MW)","On-grid","2013",-
"Uzbekistan","Coal and peat","Electricity Installed Capacity (MW)","On-grid","2014",-
"Uzbekistan","Coal and peat","Electricity Installed Capacity (MW)","On-grid","2015",-
"Uzbekistan","Coal and peat","Electricity Installed Capacity (MW)","On-grid","2016",-
"Uzbekistan","Coal and peat","Electricity Installed Capacity (MW)","On-grid","2017",-
"Uzbekistan","Coal and peat","Electricity Installed Capacity (MW)","On-grid","2018",-
"Uzbekistan","Coal and peat","Electricity Installed Capacity (MW)","On-grid","2019",-
"Uzbekistan","Coal and peat","Electricity Installed Capacity (MW)","On-grid","2020",-
"Uzbekistan","Coal and peat","Electricity Installed Capacity (MW)","On-grid","2021",-
"Uzbekistan","Coal and peat","Electricity Installed Capacity (MW)","On-grid","2022",-
"Uzbekistan","Coal and peat","Electricity Installed Capacity (MW)","On-grid","2023",-
"Uzbekistan","Coal and peat","Electricity Installed Capacity (MW)","On-grid","2024",-
"Uzbekistan","Coal and peat","Electricity Installed Capacity (MW)","Off-grid","2000",-
"Uzbekistan","Coal and peat","Electricity Installed Capacity (MW)","Off-grid","2001",-
"Uzbekistan","Coal and peat","Electricity Installed Capacity (MW)","Off-grid","2002",-
"Uzbekistan","Coal and peat","Electricity Installed Capacity (MW)","Off-grid","2003",-
"Uzbekistan","Coal and peat","Electricity Installed Capacity (MW)","Off-grid","2004",-
"Uzbekistan","Coal and peat","Electricity Installed Capacity (MW)","Off-grid","2005",-
"Uzbekistan","Coal and peat","Electricity Installed Capacity (MW)","Off-grid","2006",-
"Uzbekistan","Coal and peat","Electricity Installed Capacity (MW)","Off-grid","2007",-
"Uzbekistan","Coal and peat","Electricity Installed Capacity (MW)","Off-grid","2008",-
"Uzbekistan","Coal and peat","Electricity Installed Capacity (MW)","Off-grid","2009",-
"Uzbekistan","Coal and peat","Electricity Installed Capacity (MW)","Off-grid","2010",-
"Uzbekistan","Coal and peat","Electricity Installed Capacity (MW)","Off-grid","2011",-
"Uzbekistan","Coal and peat","Electricity Installed Capacity (MW)","Off-grid","2012",-
"Uzbekistan","Coal and peat","Electricity Installed Capacity (MW)","Off-grid","2013",-
"Uzbekistan","Coal and peat","Electricity Installed Capacity (MW)","Off-grid","2014",-
"Uzbekistan","Coal and peat","Electricity Installed Capacity (MW)","Off-grid","2015",-
"Uzbekistan","Coal and peat","Electricity Installed Capacity (MW)","Off-grid","2016",-
"Uzbekistan","Coal and peat","Electricity Installed Capacity (MW)","Off-grid","2017",-
"Uzbekistan","Coal and peat","Electricity Installed Capacity (MW)","Off-grid","2018",-
"Uzbekistan","Coal and peat","Electricity Installed Capacity (MW)","Off-grid","2019",-
"Uzbekistan","Coal and peat","Electricity Installed Capacity (MW)","Off-grid","2020",-
"Uzbekistan","Coal and peat","Electricity Installed Capacity (MW)","Off-grid","2021",-
"Uzbekistan","Coal and peat","Electricity Installed Capacity (MW)","Off-grid","2022",-
"Uzbekistan","Coal and peat","Electricity Installed Capacity (MW)","Off-grid","2023",-
"Uzbekistan","Coal and peat","Electricity Installed Capacity (MW)","Off-grid","2024",-
"Uzbekistan","Coal and peat","Electricity Generation (GWh)","All","2000",1915.00
"Uzbekistan","Coal and peat","Electricity Generation (GWh)","All","2001",1940.00
"Uzbekistan","Coal and peat","Electricity Generation (GWh)","All","2002",2014.00
"Uzbekistan","Coal and peat","Electricity Generation (GWh)","All","2003",2018.00
"Uzbekistan","Coal and peat","Electricity Generation (GWh)","All","2004",2043.00
"Uzbekistan","Coal and peat","Electricity Generation (GWh)","All","2005",2009.00
"Uzbekistan","Coal and peat","Electricity Generation (GWh)","All","2006",2081.00
"Uzbekistan","Coal and peat","Electricity Generation (GWh)","All","2007",2000.00
"Uzbekistan","Coal and peat","Electricity Generation (GWh)","All","2008",2018.00
"Uzbekistan","Coal and peat","Electricity Generation (GWh)","All","2009",2041.00
"Uzbekistan","Coal and peat","Electricity Generation (GWh)","All","2010",2113.00
"Uzbekistan","Coal and peat","Electricity Generation (GWh)","All","2011",2140.00
"Uzbekistan","Coal and peat","Electricity Generation (GWh)","All","2012",2145.00
"Uzbekistan","Coal and peat","Electricity Generation (GWh)","All","2013",2214.00
"Uzbekistan","Coal and peat","Electricity Generation (GWh)","All","2014",2214.00
"Uzbekistan","Coal and peat","Electricity Generation (GWh)","All","2015",2214.00
"Uzbekistan","Coal and peat","Electricity Generation (GWh)","All","2016",9011.84
"Uzbekistan","Coal and peat","Electricity Generation (GWh)","All","2017",10784.84
"Uzbekistan","Coal and peat","Electricity Generation (GWh)","All","2018",11632.60
"Uzbekistan","Coal and peat","Electricity Generation (GWh)","All","2019",9871.49
"Uzbekistan","Coal and peat","Electricity Generation (GWh)","All","2020",8960.55
"Uzbekistan","Coal and peat","Electricity Generation (GWh)","All","2021",12479.74
"Uzbekistan","Coal and peat","Electricity Generation (GWh)","All","2022",19951.87
"Uzbekistan","Coal and peat","Electricity Generation (GWh)","All","2023",20625.07
"Uzbekistan","Coal and peat","Electricity Generation (GWh)","All","2024",-
"Uzbekistan","Coal and peat","Electricity Generation (GWh)","On-grid","2000",1915.00
"Uzbekistan","Coal and peat","Electricity Generation (GWh)","On-grid","2001",1940.00
"Uzbekistan","Coal and peat","Electricity Generation (GWh)","On-grid","2002",2014.00
"Uzbekistan","Coal and peat","Electricity Generation (GWh)","On-grid","2003",2018.00
"Uzbekistan","Coal and peat","Electricity Generation (GWh)","On-grid","2004",2043.00
"Uzbekistan","Coal and peat","Electricity Generation (GWh)","On-grid","2005",2009.00
"Uzbekistan","Coal and peat","Electricity Generation (GWh)","On-grid","2006",2081.00
"Uzbekistan","Coal and peat","Electricity Generation (GWh)","On-grid","2007",2000.00
"Uzbekistan","Coal and peat","Electricity Generation (GWh)","On-grid","2008",2018.00
"Uzbekistan","Coal and peat","Electricity Generation (GWh)","On-grid","2009",2041.00
"Uzbekistan","Coal and peat","Electricity Generation (GWh)","On-grid","2010",2113.00
"Uzbekistan","Coal and peat","Electricity Generation (GWh)","On-grid","2011",2140.00
"Uzbekistan","Coal and peat","Electricity Generation (GWh)","On-grid","2012",2145.00
"Uzbekistan","Coal and peat","Electricity Generation (GWh)","On-grid","2013",2214.00
"Uzbekistan","Coal and peat","Electricity Generation (GWh)","On-grid","2014",2214.00
"Uzbekistan","Coal and peat","Electricity Generation (GWh)","On-grid","2015",2214.00
"Uzbekistan","Coal and peat","Electricity Generation (GWh)","On-grid","2016",9011.84
"Uzbekistan","Coal and peat","Electricity Generation (GWh)","On-grid","2017",10784.84
"Uzbekistan","Coal and peat","Electricity Generation (GWh)","On-grid","2018",11632.60
"Uzbekistan","Coal and peat","Electricity Generation (GWh)","On-grid","2019",9871.49
"Uzbekistan","Coal and peat","Electricity Generation (GWh)","On-grid","2020",8960.55
"Uzbekistan","Coal and peat","Electricity Generation (GWh)","On-grid","2021",12479.74
"Uzbekistan","Coal and peat","Electricity Generation (GWh)","On-grid","2022",19951.87
"Uzbekistan","Coal and peat","Electricity Generation (GWh)","On-grid","2023",20625.07
"Uzbekistan","Coal and peat","Electricity Generation (GWh)","On-grid","2024",-
"Uzbekistan","Coal and peat","Electricity Generation (GWh)","Off-grid","2000",-
"Uzbekistan","Coal and peat","Electricity Generation (GWh)","Off-grid","2001",-
"Uzbekistan","Coal and peat","Electricity Generation (GWh)","Off-grid","2002",-
"Uzbekistan","Coal and peat","Electricity Generation (GWh)","Off-grid","2003",-
"Uzbekistan","Coal and peat","Electricity Generation (GWh)","Off-grid","2004",-
"Uzbekistan","Coal and peat","Electricity Generation (GWh)","Off-grid","2005",-
"Uzbekistan","Coal and peat","Electricity Generation (GWh)","Off-grid","2006",-
"Uzbekistan","Coal and peat","Electricity Generation (GWh)","Off-grid","2007",-
"Uzbekistan","Coal and peat","Electricity Generation (GWh)","Off-grid","2008",-
"Uzbekistan","Coal and peat","Electricity Generation (GWh)","Off-grid","2009",-
"Uzbekistan","Coal and peat","Electricity Generation (GWh)","Off-grid","2010",-
"Uzbekistan","Coal and peat","Electricity Generation (GWh)","Off-grid","2011",-
"Uzbekistan","Coal and peat","Electricity Generation (GWh)","Off-grid","2012",-
"Uzbekistan","Coal and peat","Electricity Generation (GWh)","Off-grid","2013",-
"Uzbekistan","Coal and peat","Electricity Generation (GWh)","Off-grid","2014",-
"Uzbekistan","Coal and peat","Electricity Generation (GWh)","Off-grid","2015",-
"Uzbekistan","Coal and peat","Electricity Generation (GWh)","Off-grid","2016",-
"Uzbekistan","Coal and peat","Electricity Generation (GWh)","Off-grid","2017",-
"Uzbekistan","Coal and peat","Electricity Generation (GWh)","Off-grid","2018",-
"Uzbekistan","Coal and peat","Electricity Generation (GWh)","Off-grid","2019",-
"Uzbekistan","Coal and peat","Electricity Generation (GWh)","Off-grid","2020",-
"Uzbekistan","Coal and peat","Electricity Generation (GWh)","Off-grid","2021",-
"Uzbekistan","Coal and peat","Electricity Generation (GWh)","Off-grid","2022",-
"Uzbekistan","Coal and peat","Electricity Generation (GWh)","Off-grid","2023",-
"Uzbekistan","Coal and peat","Electricity Generation (GWh)","Off-grid","2024",-
"Uzbekistan","Oil","Electricity Installed Capacity (MW)","All","2000",-
"Uzbekistan","Oil","Electricity Installed Capacity (MW)","All","2001",-
"Uzbekistan","Oil","Electricity Installed Capacity (MW)","All","2002",-
"Uzbekistan","Oil","Electricity Installed Capacity (MW)","All","2003",-
"Uzbekistan","Oil","Electricity Installed Capacity (MW)","All","2004",-
"Uzbekistan","Oil","Electricity Installed Capacity (MW)","All","2005",-
"Uzbekistan","Oil","Electricity Installed Capacity (MW)","All","2006",-
"Uzbekistan","Oil","Electricity Installed Capacity (MW)","All","2007",-
"Uzbekistan","Oil","Electricity Installed Capacity (MW)","All","2008",-
"Uzbekistan","Oil","Electricity Installed Capacity (MW)","All","2009",-
"Uzbekistan","Oil","Electricity Installed Capacity (MW)","All","2010",-
"Uzbekistan","Oil","Electricity Installed Capacity (MW)","All","2011",-
"Uzbekistan","Oil","Electricity Installed Capacity (MW)","All","2012",-
"Uzbekistan","Oil","Electricity Installed Capacity (MW)","All","2013",-
"Uzbekistan","Oil","Electricity Installed Capacity (MW)","All","2014",-
"Uzbekistan","Oil","Electricity Installed Capacity (MW)","All","2015",-
"Uzbekistan","Oil","Electricity Installed Capacity (MW)","All","2016",-
"Uzbekistan","Oil","Electricity Installed Capacity (MW)","All","2017",-
"Uzbekistan","Oil","Electricity Installed Capacity (MW)","All","2018",-
"Uzbekistan","Oil","Electricity Installed Capacity (MW)","All","2019",-
"Uzbekistan","Oil","Electricity Installed Capacity (MW)","All","2020",-
"Uzbekistan","Oil","Electricity Installed Capacity (MW)","All","2021",-
"Uzbekistan","Oil","Electricity Installed Capacity (MW)","All","2022",-
"Uzbekistan","Oil","Electricity Installed Capacity (MW)","All","2023",-
"Uzbekistan","Oil","Electricity Installed Capacity (MW)","All","2024",-
"Uzbekistan","Oil","Electricity Installed Capacity (MW)","On-grid","2000",-
"Uzbekistan","Oil","Electricity Installed Capacity (MW)","On-grid","2001",-
"Uzbekistan","Oil","Electricity Installed Capacity (MW)","On-grid","2002",-
"Uzbekistan","Oil","Electricity Installed Capacity (MW)","On-grid","2003",-
"Uzbekistan","Oil","Electricity Installed Capacity (MW)","On-grid","2004",-
"Uzbekistan","Oil","Electricity Installed Capacity (MW)","On-grid","2005",-
"Uzbekistan","Oil","Electricity Installed Capacity (MW)","On-grid","2006",-
"Uzbekistan","Oil","Electricity Installed Capacity (MW)","On-grid","2007",-
"Uzbekistan","Oil","Electricity Installed Capacity (MW)","On-grid","2008",-
"Uzbekistan","Oil","Electricity Installed Capacity (MW)","On-grid","2009",-
"Uzbekistan","Oil","Electricity Installed Capacity (MW)","On-grid","2010",-
"Uzbekistan","Oil","Electricity Installed Capacity (MW)","On-grid","2011",-
"Uzbekistan","Oil","Electricity Installed Capacity (MW)","On-grid","2012",-
"Uzbekistan","Oil","Electricity Installed Capacity (MW)","On-grid","2013",-
"Uzbekistan","Oil","Electricity Installed Capacity (MW)","On-grid","2014",-
"Uzbekistan","Oil","Electricity Installed Capacity (MW)","On-grid","2015",-
"Uzbekistan","Oil","Electricity Installed Capacity (MW)","On-grid","2016",-
"Uzbekistan","Oil","Electricity Installed Capacity (MW)","On-grid","2017",-
"Uzbekistan","Oil","Electricity Installed Capacity (MW)","On-grid","2018",-
"Uzbekistan","Oil","Electricity Installed Capacity (MW)","On-grid","2019",-
"Uzbekistan","Oil","Electricity Installed Capacity (MW)","On-grid","2020",-
"Uzbekistan","Oil","Electricity Installed Capacity (MW)","On-grid","2021",-
"Uzbekistan","Oil","Electricity Installed Capacity (MW)","On-grid","2022",-
"Uzbekistan","Oil","Electricity Installed Capacity (MW)","On-grid","2023",-
"Uzbekistan","Oil","Electricity Installed Capacity (MW)","On-grid","2024",-
"Uzbekistan","Oil","Electricity Installed Capacity (MW)","Off-grid","2000",-
"Uzbekistan","Oil","Electricity Installed Capacity (MW)","Off-grid","2001",-
"Uzbekistan","Oil","Electricity Installed Capacity (MW)","Off-grid","2002",-
"Uzbekistan","Oil","Electricity Installed Capacity (MW)","Off-grid","2003",-
"Uzbekistan","Oil","Electricity Installed Capacity (MW)","Off-grid","2004",-
"Uzbekistan","Oil","Electricity Installed Capacity (MW)","Off-grid","2005",-
"Uzbekistan","Oil","Electricity Installed Capacity (MW)","Off-grid","2006",-
"Uzbekistan","Oil","Electricity Installed Capacity (MW)","Off-grid","2007",-
"Uzbekistan","Oil","Electricity Installed Capacity (MW)","Off-grid","2008",-
"Uzbekistan","Oil","Electricity Installed Capacity (MW)","Off-grid","2009",-
"Uzbekistan","Oil","Electricity Installed Capacity (MW)","Off-grid","2010",-
"Uzbekistan","Oil","Electricity Installed Capacity (MW)","Off-grid","2011",-
"Uzbekistan","Oil","Electricity Installed Capacity (MW)","Off-grid","2012",-
"Uzbekistan","Oil","Electricity Installed Capacity (MW)","Off-grid","2013",-
"Uzbekistan","Oil","Electricity Installed Capacity (MW)","Off-grid","2014",-
"Uzbekistan","Oil","Electricity Installed Capacity (MW)","Off-grid","2015",-
"Uzbekistan","Oil","Electricity Installed Capacity (MW)","Off-grid","2016",-
"Uzbekistan","Oil","Electricity Installed Capacity (MW)","Off-grid","2017",-
"Uzbekistan","Oil","Electricity Installed Capacity (MW)","Off-grid","2018",-
"Uzbekistan","Oil","Electricity Installed Capacity (MW)","Off-grid","2019",-
"Uzbekistan","Oil","Electricity Installed Capacity (MW)","Off-grid","2020",-
"Uzbekistan","Oil","Electricity Installed Capacity (MW)","Off-grid","2021",-
"Uzbekistan","Oil","Electricity Installed Capacity (MW)","Off-grid","2022",-
"Uzbekistan","Oil","Electricity Installed Capacity (MW)","Off-grid","2023",-
"Uzbekistan","Oil","Electricity Installed Capacity (MW)","Off-grid","2024",-
"Uzbekistan","Oil","Electricity Generation (GWh)","All","2000",4712.00
"Uzbekistan","Oil","Electricity Generation (GWh)","All","2001",4714.00
"Uzbekistan","Oil","Electricity Generation (GWh)","All","2002",4645.00
"Uzbekistan","Oil","Electricity Generation (GWh)","All","2003",4241.00
"Uzbekistan","Oil","Electricity Generation (GWh)","All","2004",3932.00
"Uzbekistan","Oil","Electricity Generation (GWh)","All","2005",3263.00
"Uzbekistan","Oil","Electricity Generation (GWh)","All","2006",2985.00
"Uzbekistan","Oil","Electricity Generation (GWh)","All","2007",2044.00
"Uzbekistan","Oil","Electricity Generation (GWh)","All","2008",1456.00
"Uzbekistan","Oil","Electricity Generation (GWh)","All","2009",1038.00
"Uzbekistan","Oil","Electricity Generation (GWh)","All","2010",758.00
"Uzbekistan","Oil","Electricity Generation (GWh)","All","2011",543.00
"Uzbekistan","Oil","Electricity Generation (GWh)","All","2012",381.00
"Uzbekistan","Oil","Electricity Generation (GWh)","All","2013",277.00
"Uzbekistan","Oil","Electricity Generation (GWh)","All","2014",277.00
"Uzbekistan","Oil","Electricity Generation (GWh)","All","2015",277.00
"Uzbekistan","Oil","Electricity Generation (GWh)","All","2016",277.00
"Uzbekistan","Oil","Electricity Generation (GWh)","All","2017",277.00
"Uzbekistan","Oil","Electricity Generation (GWh)","All","2018",277.00
"Uzbekistan","Oil","Electricity Generation (GWh)","All","2019",277.00
"Uzbekistan","Oil","Electricity Generation (GWh)","All","2020",263.50
"Uzbekistan","Oil","Electricity Generation (GWh)","All","2021",315.65
"Uzbekistan","Oil","Electricity Generation (GWh)","All","2022",282.63
"Uzbekistan","Oil","Electricity Generation (GWh)","All","2023",292.17
"Uzbekistan","Oil","Electricity Generation (GWh)","All","2024",-
"Uzbekistan","Oil","Electricity Generation (GWh)","On-grid","2000",4712.00
"Uzbekistan","Oil","Electricity Generation (GWh)","On-grid","2001",4714.00
"Uzbekistan","Oil","Electricity Generation (GWh)","On-grid","2002",4645.00
"Uzbekistan","Oil","Electricity Generation (GWh)","On-grid","2003",4241.00
"Uzbekistan","Oil","Electricity Generation (GWh)","On-grid","2004",3932.00
"Uzbekistan","Oil","Electricity Generation (GWh)","On-grid","2005",3263.00
"Uzbekistan","Oil","Electricity Generation (GWh)","On-grid","2006",2985.00
"Uzbekistan","Oil","Electricity Generation (GWh)","On-grid","2007",2044.00
"Uzbekistan","Oil","Electricity Generation (GWh)","On-grid","2008",1456.00
"Uzbekistan","Oil","Electricity Generation (GWh)","On-grid","2009",1038.00
"Uzbekistan","Oil","Electricity Generation (GWh)","On-grid","2010",758.00
"Uzbekistan","Oil","Electricity Generation (GWh)","On-grid","2011",543.00
"Uzbekistan","Oil","Electricity Generation (GWh)","On-grid","2012",381.00
"Uzbekistan","Oil","Electricity Generation (GWh)","On-grid","2013",277.00
"Uzbekistan","Oil","Electricity Generation (GWh)","On-grid","2014",277.00
"Uzbekistan","Oil","Electricity Generation (GWh)","On-grid","2015",277.00
"Uzbekistan","Oil","Electricity Generation (GWh)","On-grid","2016",277.00
"Uzbekistan","Oil","Electricity Generation (GWh)","On-grid","2017",277.00
"Uzbekistan","Oil","Electricity Generation (GWh)","On-grid","2018",277.00
"Uzbekistan","Oil","Electricity Generation (GWh)","On-grid","2019",277.00
"Uzbekistan","Oil","Electricity Generation (GWh)","On-grid","2020",263.50
"Uzbekistan","Oil","Electricity Generation (GWh)","On-grid","2021",315.65
"Uzbekistan","Oil","Electricity Generation (GWh)","On-grid","2022",282.63
"Uzbekistan","Oil","Electricity Generation (GWh)","On-grid","2023",292.17
"Uzbekistan","Oil","Electricity Generation (GWh)","On-grid","2024",-
"Uzbekistan","Oil","Electricity Generation (GWh)","Off-grid","2000",-
"Uzbekistan","Oil","Electricity Generation (GWh)","Off-grid","2001",-
"Uzbekistan","Oil","Electricity Generation (GWh)","Off-grid","2002",-
"Uzbekistan","Oil","Electricity Generation (GWh)","Off-grid","2003",-
"Uzbekistan","Oil","Electricity Generation (GWh)","Off-grid","2004",-
"Uzbekistan","Oil","Electricity Generation (GWh)","Off-grid","2005",-
"Uzbekistan","Oil","Electricity Generation (GWh)","Off-grid","2006",-
"Uzbekistan","Oil","Electricity Generation (GWh)","Off-grid","2007",-
"Uzbekistan","Oil","Electricity Generation (GWh)","Off-grid","2008",-
"Uzbekistan","Oil","Electricity Generation (GWh)","Off-grid","2009",-
"Uzbekistan","Oil","Electricity Generation (GWh)","Off-grid","2010",-
"Uzbekistan","Oil","Electricity Generation (GWh)","Off-grid","2011",-
"Uzbekistan","Oil","Electricity Generation (GWh)","Off-grid","2012",-
"Uzbekistan","Oil","Electricity Generation (GWh)","Off-grid","2013",-
"Uzbekistan","Oil","Electricity Generation (GWh)","Off-grid","2014",-
"Uzbekistan","Oil","Electricity Generation (GWh)","Off-grid","2015",-
"Uzbekistan","Oil","Electricity Generation (GWh)","Off-grid","2016",-
"Uzbekistan","Oil","Electricity Generation (GWh)","Off-grid","2017",-
"Uzbekistan","Oil","Electricity Generation (GWh)","Off-grid","2018",-
"Uzbekistan","Oil","Electricity Generation (GWh)","Off-grid","2019",-
"Uzbekistan","Oil","Electricity Generation (GWh)","Off-grid","2020",-
"Uzbekistan","Oil","Electricity Generation (GWh)","Off-grid","2021",-
"Uzbekistan","Oil","Electricity Generation (GWh)","Off-grid","2022",-
"Uzbekistan","Oil","Electricity Generation (GWh)","Off-grid","2023",-
"Uzbekistan","Oil","Electricity Generation (GWh)","Off-grid","2024",-
"Uzbekistan","Natural gas","Electricity Installed Capacity (MW)","All","2000",-
"Uzbekistan","Natural gas","Electricity Installed Capacity (MW)","All","2001",-
"Uzbekistan","Natural gas","Electricity Installed Capacity (MW)","All","2002",-
"Uzbekistan","Natural gas","Electricity Installed Capacity (MW)","All","2003",-
"Uzbekistan","Natural gas","Electricity Installed Capacity (MW)","All","2004",-
"Uzbekistan","Natural gas","Electricity Installed Capacity (MW)","All","2005",-
"Uzbekistan","Natural gas","Electricity Installed Capacity (MW)","All","2006",-
"Uzbekistan","Natural gas","Electricity Installed Capacity (MW)","All","2007",-
"Uzbekistan","Natural gas","Electricity Installed Capacity (MW)","All","2008",-
"Uzbekistan","Natural gas","Electricity Installed Capacity (MW)","All","2009",-
"Uzbekistan","Natural gas","Electricity Installed Capacity (MW)","All","2010",-
"Uzbekistan","Natural gas","Electricity Installed Capacity (MW)","All","2011",-
"Uzbekistan","Natural gas","Electricity Installed Capacity (MW)","All","2012",-
"Uzbekistan","Natural gas","Electricity Installed Capacity (MW)","All","2013",-
"Uzbekistan","Natural gas","Electricity Installed Capacity (MW)","All","2014",-
"Uzbekistan","Natural gas","Electricity Installed Capacity (MW)","All","2015",-
"Uzbekistan","Natural gas","Electricity Installed Capacity (MW)","All","2016",-
"Uzbekistan","Natural gas","Electricity Installed Capacity (MW)","All","2017",-
"Uzbekistan","Natural gas","Electricity Installed Capacity (MW)","All","2018",-
"Uzbekistan","Natural gas","Electricity Installed Capacity (MW)","All","2019",-
"Uzbekistan","Natural gas","Electricity Installed Capacity (MW)","All","2020",-
"Uzbekistan","Natural gas","Electricity Installed Capacity (MW)","All","2021",-
"Uzbekistan","Natural gas","Electricity Installed Capacity (MW)","All","2022",-
"Uzbekistan","Natural gas","Electricity Installed Capacity (MW)","All","2023",-
"Uzbekistan","Natural gas","Electricity Installed Capacity (MW)","All","2024",-
"Uzbekistan","Natural gas","Electricity Installed Capacity (MW)","On-grid","2000",-
"Uzbekistan","Natural gas","Electricity Installed Capacity (MW)","On-grid","2001",-
"Uzbekistan","Natural gas","Electricity Installed Capacity (MW)","On-grid","2002",-
"Uzbekistan","Natural gas","Electricity Installed Capacity (MW)","On-grid","2003",-
"Uzbekistan","Natural gas","Electricity Installed Capacity (MW)","On-grid","2004",-
"Uzbekistan","Natural gas","Electricity Installed Capacity (MW)","On-grid","2005",-
"Uzbekistan","Natural gas","Electricity Installed Capacity (MW)","On-grid","2006",-
"Uzbekistan","Natural gas","Electricity Installed Capacity (MW)","On-grid","2007",-
"Uzbekistan","Natural gas","Electricity Installed Capacity (MW)","On-grid","2008",-
"Uzbekistan","Natural gas","Electricity Installed Capacity (MW)","On-grid","2009",-
"Uzbekistan","Natural gas","Electricity Installed Capacity (MW)","On-grid","2010",-
"Uzbekistan","Natural gas","Electricity Installed Capacity (MW)","On-grid","2011",-
"Uzbekistan","Natural gas","Electricity Installed Capacity (MW)","On-grid","2012",-
"Uzbekistan","Natural gas","Electricity Installed Capacity (MW)","On-grid","2013",-
"Uzbekistan","Natural gas","Electricity Installed Capacity (MW)","On-grid","2014",-
"Uzbekistan","Natural gas","Electricity Installed Capacity (MW)","On-grid","2015",-
"Uzbekistan","Natural gas","Electricity Installed Capacity (MW)","On-grid","2016",-
"Uzbekistan","Natural gas","Electricity Installed Capacity (MW)","On-grid","2017",-
"Uzbekistan","Natural gas","Electricity Installed Capacity (MW)","On-grid","2018",-
"Uzbekistan","Natural gas","Electricity Installed Capacity (MW)","On-grid","2019",-
"Uzbekistan","Natural gas","Electricity Installed Capacity (MW)","On-grid","2020",-
"Uzbekistan","Natural gas","Electricity Installed Capacity (MW)","On-grid","2021",-
"Uzbekistan","Natural gas","Electricity Installed Capacity (MW)","On-grid","2022",-
"Uzbekistan","Natural gas","Electricity Installed Capacity (MW)","On-grid","2023",-
"Uzbekistan","Natural gas","Electricity Installed Capacity (MW)","On-grid","2024",-
"Uzbekistan","Natural gas","Electricity Installed Capacity (MW)","Off-grid","2000",-
"Uzbekistan","Natural gas","Electricity Installed Capacity (MW)","Off-grid","2001",-
"Uzbekistan","Natural gas","Electricity Installed Capacity (MW)","Off-grid","2002",-
"Uzbekistan","Natural gas","Electricity Installed Capacity (MW)","Off-grid","2003",-
"Uzbekistan","Natural gas","Electricity Installed Capacity (MW)","Off-grid","2004",-
"Uzbekistan","Natural gas","Electricity Installed Capacity (MW)","Off-grid","2005",-
"Uzbekistan","Natural gas","Electricity Installed Capacity (MW)","Off-grid","2006",-
"Uzbekistan","Natural gas","Electricity Installed Capacity (MW)","Off-grid","2007",-
"Uzbekistan","Natural gas","Electricity Installed Capacity (MW)","Off-grid","2008",-
"Uzbekistan","Natural gas","Electricity Installed Capacity (MW)","Off-grid","2009",-
"Uzbekistan","Natural gas","Electricity Installed Capacity (MW)","Off-grid","2010",-
"Uzbekistan","Natural gas","Electricity Installed Capacity (MW)","Off-grid","2011",-
"Uzbekistan","Natural gas","Electricity Installed Capacity (MW)","Off-grid","2012",-
"Uzbekistan","Natural gas","Electricity Installed Capacity (MW)","Off-grid","2013",-
"Uzbekistan","Natural gas","Electricity Installed Capacity (MW)","Off-grid","2014",-
"Uzbekistan","Natural gas","Electricity Installed Capacity (MW)","Off-grid","2015",-
"Uzbekistan","Natural gas","Electricity Installed Capacity (MW)","Off-grid","2016",-
"Uzbekistan","Natural gas","Electricity Installed Capacity (MW)","Off-grid","2017",-
"Uzbekistan","Natural gas","Electricity Installed Capacity (MW)","Off-grid","2018",-
"Uzbekistan","Natural gas","Electricity Installed Capacity (MW)","Off-grid","2019",-
"Uzbekistan","Natural gas","Electricity Installed Capacity (MW)","Off-grid","2020",-
"Uzbekistan","Natural gas","Electricity Installed Capacity (MW)","Off-grid","2021",-
"Uzbekistan","Natural gas","Electricity Installed Capacity (MW)","Off-grid","2022",-
"Uzbekistan","Natural gas","Electricity Installed Capacity (MW)","Off-grid","2023",-
"Uzbekistan","Natural gas","Electricity Installed Capacity (MW)","Off-grid","2024",-
"Uzbekistan","Natural gas","Electricity Generation (GWh)","All","2000",34358.00
"Uzbekistan","Natural gas","Electricity Generation (GWh)","All","2001",34887.00
"Uzbekistan","Natural gas","Electricity Generation (GWh)","All","2002",36465.00
"Uzbekistan","Natural gas","Electricity Generation (GWh)","All","2003",35521.00
"Uzbekistan","Natural gas","Electricity Generation (GWh)","All","2004",35015.00
"Uzbekistan","Natural gas","Electricity Generation (GWh)","All","2005",35298.00
"Uzbekistan","Natural gas","Electricity Generation (GWh)","All","2006",36694.00
"Uzbekistan","Natural gas","Electricity Generation (GWh)","All","2007",38506.00
"Uzbekistan","Natural gas","Electricity Generation (GWh)","All","2008",34566.00
"Uzbekistan","Natural gas","Electricity Generation (GWh)","All","2009",37541.00
"Uzbekistan","Natural gas","Electricity Generation (GWh)","All","2010",37999.00
"Uzbekistan","Natural gas","Electricity Generation (GWh)","All","2011",39517.00
"Uzbekistan","Natural gas","Electricity Generation (GWh)","All","2012",38764.00
"Uzbekistan","Natural gas","Electricity Generation (GWh)","All","2013",40149.00
"Uzbekistan","Natural gas","Electricity Generation (GWh)","All","2014",40149.00
"Uzbekistan","Natural gas","Electricity Generation (GWh)","All","2015",40149.00
"Uzbekistan","Natural gas","Electricity Generation (GWh)","All","2016",40929.91
"Uzbekistan","Natural gas","Electricity Generation (GWh)","All","2017",40929.91
"Uzbekistan","Natural gas","Electricity Generation (GWh)","All","2018",40929.91
"Uzbekistan","Natural gas","Electricity Generation (GWh)","All","2019",40929.91
"Uzbekistan","Natural gas","Electricity Generation (GWh)","All","2020",38684.42
"Uzbekistan","Natural gas","Electricity Generation (GWh)","All","2021",47376.41
"Uzbekistan","Natural gas","Electricity Generation (GWh)","All","2022",47099.00
"Uzbekistan","Natural gas","Electricity Generation (GWh)","All","2023",48688.17
"Uzbekistan","Natural gas","Electricity Generation (GWh)","All","2024",-
"Uzbekistan","Natural gas","Electricity Generation (GWh)","On-grid","2000",34358.00
"Uzbekistan","Natural gas","Electricity Generation (GWh)","On-grid","2001",34887.00
"Uzbekistan","Natural gas","Electricity Generation (GWh)","On-grid","2002",36465.00
"Uzbekistan","Natural gas","Electricity Generation (GWh)","On-grid","2003",35521.00
"Uzbekistan","Natural gas","Electricity Generation (GWh)","On-grid","2004",35015.00
"Uzbekistan","Natural gas","Electricity Generation (GWh)","On-grid","2005",35298.00
"Uzbekistan","Natural gas","Electricity Generation (GWh)","On-grid","2006",36694.00
"Uzbekistan","Natural gas","Electricity Generation (GWh)","On-grid","2007",38506.00
"Uzbekistan","Natural gas","Electricity Generation (GWh)","On-grid","2008",34566.00
"Uzbekistan","Natural gas","Electricity Generation (GWh)","On-grid","2009",37541.00
"Uzbekistan","Natural gas","Electricity Generation (GWh)","On-grid","2010",37999.00
"Uzbekistan","Natural gas","Electricity Generation (GWh)","On-grid","2011",39517.00
"Uzbekistan","Natural gas","Electricity Generation (GWh)","On-grid","2012",38764.00
"Uzbekistan","Natural gas","Electricity Generation (GWh)","On-grid","2013",40149.00
"Uzbekistan","Natural gas","Electricity Generation (GWh)","On-grid","2014",40149.00
"Uzbekistan","Natural gas","Electricity Generation (GWh)","On-grid","2015",40149.00
"Uzbekistan","Natural gas","Electricity Generation (GWh)","On-grid","2016",40929.91
"Uzbekistan","Natural gas","Electricity Generation (GWh)","On-grid","2017",40929.91
"Uzbekistan","Natural gas","Electricity Generation (GWh)","On-grid","2018",40929.91
"Uzbekistan","Natural gas","Electricity Generation (GWh)","On-grid","2019",40929.91
"Uzbekistan","Natural gas","Electricity Generation (GWh)","On-grid","2020",38684.42
"Uzbekistan","Natural gas","Electricity Generation (GWh)","On-grid","2021",47376.41
"Uzbekistan","Natural gas","Electricity Generation (GWh)","On-grid","2022",47099.00
"Uzbekistan","Natural gas","Electricity Generation (GWh)","On-grid","2023",48688.17
"Uzbekistan","Natural gas","Electricity Generation (GWh)","On-grid","2024",-
"Uzbekistan","Natural gas","Electricity Generation (GWh)","Off-grid","2000",-
"Uzbekistan","Natural gas","Electricity Generation (GWh)","Off-grid","2001",-
"Uzbekistan","Natural gas","Electricity Generation (GWh)","Off-grid","2002",-
"Uzbekistan","Natural gas","Electricity Generation (GWh)","Off-grid","2003",-
"Uzbekistan","Natural gas","Electricity Generation (GWh)","Off-grid","2004",-
"Uzbekistan","Natural gas","Electricity Generation (GWh)","Off-grid","2005",-
"Uzbekistan","Natural gas","Electricity Generation (GWh)","Off-grid","2006",-
"Uzbekistan","Natural gas","Electricity Generation (GWh)","Off-grid","2007",-
"Uzbekistan","Natural gas","Electricity Generation (GWh)","Off-grid","2008",-
"Uzbekistan","Natural gas","Electricity Generation (GWh)","Off-grid","2009",-
"Uzbekistan","Natural gas","Electricity Generation (GWh)","Off-grid","2010",-
"Uzbekistan","Natural gas","Electricity Generation (GWh)","Off-grid","2011",-
"Uzbekistan","Natural gas","Electricity Generation (GWh)","Off-grid","2012",-
"Uzbekistan","Natural gas","Electricity Generation (GWh)","Off-grid","2013",-
"Uzbekistan","Natural gas","Electricity Generation (GWh)","Off-grid","2014",-
"Uzbekistan","Natural gas","Electricity Generation (GWh)","Off-grid","2015",-
"Uzbekistan","Natural gas","Electricity Generation (GWh)","Off-grid","2016",-
"Uzbekistan","Natural gas","Electricity Generation (GWh)","Off-grid","2017",-
"Uzbekistan","Natural gas","Electricity Generation (GWh)","Off-grid","2018",-
"Uzbekistan","Natural gas","Electricity Generation (GWh)","Off-grid","2019",-
"Uzbekistan","Natural gas","Electricity Generation (GWh)","Off-grid","2020",-
"Uzbekistan","Natural gas","Electricity Generation (GWh)","Off-grid","2021",-
"Uzbekistan","Natural gas","Electricity Generation (GWh)","Off-grid","2022",-
"Uzbekistan","Natural gas","Electricity Generation (GWh)","Off-grid","2023",-
"Uzbekistan","Natural gas","Electricity Generation (GWh)","Off-grid","2024",-
"Uzbekistan","Fossil fuels n.e.s.","Electricity Installed Capacity (MW)","All","2000",10600.00
"Uzbekistan","Fossil fuels n.e.s.","Electricity Installed Capacity (MW)","All","2001",10600.00
"Uzbekistan","Fossil fuels n.e.s.","Electricity Installed Capacity (MW)","All","2002",10600.00
"Uzbekistan","Fossil fuels n.e.s.","Electricity Installed Capacity (MW)","All","2003",10752.00
"Uzbekistan","Fossil fuels n.e.s.","Electricity Installed Capacity (MW)","All","2004",10750.00
"Uzbekistan","Fossil fuels n.e.s.","Electricity Installed Capacity (MW)","All","2005",10749.00
"Uzbekistan","Fossil fuels n.e.s.","Electricity Installed Capacity (MW)","All","2006",10749.00
"Uzbekistan","Fossil fuels n.e.s.","Electricity Installed Capacity (MW)","All","2007",10756.00
"Uzbekistan","Fossil fuels n.e.s.","Electricity Installed Capacity (MW)","All","2008",10756.00
"Uzbekistan","Fossil fuels n.e.s.","Electricity Installed Capacity (MW)","All","2009",10760.40
"Uzbekistan","Fossil fuels n.e.s.","Electricity Installed Capacity (MW)","All","2010",10762.50
"Uzbekistan","Fossil fuels n.e.s.","Electricity Installed Capacity (MW)","All","2011",10758.20
"Uzbekistan","Fossil fuels n.e.s.","Electricity Installed Capacity (MW)","All","2012",10758.70
"Uzbekistan","Fossil fuels n.e.s.","Electricity Installed Capacity (MW)","All","2013",11281.00
"Uzbekistan","Fossil fuels n.e.s.","Electricity Installed Capacity (MW)","All","2014",11165.00
"Uzbekistan","Fossil fuels n.e.s.","Electricity Installed Capacity (MW)","All","2015",11335.38
"Uzbekistan","Fossil fuels n.e.s.","Electricity Installed Capacity (MW)","All","2016",12221.67
"Uzbekistan","Fossil fuels n.e.s.","Electricity Installed Capacity (MW)","All","2017",12516.43
"Uzbekistan","Fossil fuels n.e.s.","Electricity Installed Capacity (MW)","All","2018",12276.47
"Uzbekistan","Fossil fuels n.e.s.","Electricity Installed Capacity (MW)","All","2019",14031.90
"Uzbekistan","Fossil fuels n.e.s.","Electricity Installed Capacity (MW)","All","2020",14620.40
"Uzbekistan","Fossil fuels n.e.s.","Electricity Installed Capacity (MW)","All","2021",14440.30
"Uzbekistan","Fossil fuels n.e.s.","Electricity Installed Capacity (MW)","All","2022",15232.30
"Uzbekistan","Fossil fuels n.e.s.","Electricity Installed Capacity (MW)","All","2023",15617.50
"Uzbekistan","Fossil fuels n.e.s.","Electricity Installed Capacity (MW)","All","2024",16017.50
"Uzbekistan","Fossil fuels n.e.s.","Electricity Installed Capacity (MW)","On-grid","2000",10600.00
"Uzbekistan","Fossil fuels n.e.s.","Electricity Installed Capacity (MW)","On-grid","2001",10600.00
"Uzbekistan","Fossil fuels n.e.s.","Electricity Installed Capacity (MW)","On-grid","2002",10600.00
"Uzbekistan","Fossil fuels n.e.s.","Electricity Installed Capacity (MW)","On-grid","2003",10752.00
"Uzbekistan","Fossil fuels n.e.s.","Electricity Installed Capacity (MW)","On-grid","2004",10750.00
"Uzbekistan","Fossil fuels n.e.s.","Electricity Installed Capacity (MW)","On-grid","2005",10749.00
"Uzbekistan","Fossil fuels n.e.s.","Electricity Installed Capacity (MW)","On-grid","2006",10749.00
"Uzbekistan","Fossil fuels n.e.s.","Electricity Installed Capacity (MW)","On-grid","2007",10756.00
"Uzbekistan","Fossil fuels n.e.s.","Electricity Installed Capacity (MW)","On-grid","2008",10756.00
"Uzbekistan","Fossil fuels n.e.s.","Electricity Installed Capacity (MW)","On-grid","2009",10760.40
"Uzbekistan","Fossil fuels n.e.s.","Electricity Installed Capacity (MW)","On-grid","2010",10762.50
"Uzbekistan","Fossil fuels n.e.s.","Electricity Installed Capacity (MW)","On-grid","2011",10758.20
"Uzbekistan","Fossil fuels n.e.s.","Electricity Installed Capacity (MW)","On-grid","2012",10758.70
"Uzbekistan","Fossil fuels n.e.s.","Electricity Installed Capacity (MW)","On-grid","2013",11281.00
"Uzbekistan","Fossil fuels n.e.s.","Electricity Installed Capacity (MW)","On-grid","2014",11165.00
"Uzbekistan","Fossil fuels n.e.s.","Electricity Installed Capacity (MW)","On-grid","2015",11335.38
"Uzbekistan","Fossil fuels n.e.s.","Electricity Installed Capacity (MW)","On-grid","2016",12221.67
"Uzbekistan","Fossil fuels n.e.s.","Electricity Installed Capacity (MW)","On-grid","2017",12516.43
"Uzbekistan","Fossil fuels n.e.s.","Electricity Installed Capacity (MW)","On-grid","2018",12276.47
"Uzbekistan","Fossil fuels n.e.s.","Electricity Installed Capacity (MW)","On-grid","2019",14031.90
"Uzbekistan","Fossil fuels n.e.s.","Electricity Installed Capacity (MW)","On-grid","2020",14620.40
"Uzbekistan","Fossil fuels n.e.s.","Electricity Installed Capacity (MW)","On-grid","2021",14440.30
"Uzbekistan","Fossil fuels n.e.s.","Electricity Installed Capacity (MW)","On-grid","2022",15232.30
"Uzbekistan","Fossil fuels n.e.s.","Electricity Installed Capacity (MW)","On-grid","2023",15617.50
"Uzbekistan","Fossil fuels n.e.s.","Electricity Installed Capacity (MW)","On-grid","2024",16017.50
"Uzbekistan","Fossil fuels n.e.s.","Electricity Installed Capacity (MW)","Off-grid","2000",-
"Uzbekistan","Fossil fuels n.e.s.","Electricity Installed Capacity (MW)","Off-grid","2001",-
"Uzbekistan","Fossil fuels n.e.s.","Electricity Installed Capacity (MW)","Off-grid","2002",-
"Uzbekistan","Fossil fuels n.e.s.","Electricity Installed Capacity (MW)","Off-grid","2003",-
"Uzbekistan","Fossil fuels n.e.s.","Electricity Installed Capacity (MW)","Off-grid","2004",-
"Uzbekistan","Fossil fuels n.e.s.","Electricity Installed Capacity (MW)","Off-grid","2005",-
"Uzbekistan","Fossil fuels n.e.s.","Electricity Installed Capacity (MW)","Off-grid","2006",-
"Uzbekistan","Fossil fuels n.e.s.","Electricity Installed Capacity (MW)","Off-grid","2007",-
"Uzbekistan","Fossil fuels n.e.s.","Electricity Installed Capacity (MW)","Off-grid","2008",-
"Uzbekistan","Fossil fuels n.e.s.","Electricity Installed Capacity (MW)","Off-grid","2009",-
"Uzbekistan","Fossil fuels n.e.s.","Electricity Installed Capacity (MW)","Off-grid","2010",-
"Uzbekistan","Fossil fuels n.e.s.","Electricity Installed Capacity (MW)","Off-grid","2011",-
"Uzbekistan","Fossil fuels n.e.s.","Electricity Installed Capacity (MW)","Off-grid","2012",-
"Uzbekistan","Fossil fuels n.e.s.","Electricity Installed Capacity (MW)","Off-grid","2013",-
"Uzbekistan","Fossil fuels n.e.s.","Electricity Installed Capacity (MW)","Off-grid","2014",-
"Uzbekistan","Fossil fuels n.e.s.","Electricity Installed Capacity (MW)","Off-grid","2015",-
"Uzbekistan","Fossil fuels n.e.s.","Electricity Installed Capacity (MW)","Off-grid","2016",-
"Uzbekistan","Fossil fuels n.e.s.","Electricity Installed Capacity (MW)","Off-grid","2017",-
"Uzbekistan","Fossil fuels n.e.s.","Electricity Installed Capacity (MW)","Off-grid","2018",-
"Uzbekistan","Fossil fuels n.e.s.","Electricity Installed Capacity (MW)","Off-grid","2019",-
"Uzbekistan","Fossil fuels n.e.s.","Electricity Installed Capacity (MW)","Off-grid","2020",-
"Uzbekistan","Fossil fuels n.e.s.","Electricity Installed Capacity (MW)","Off-grid","2021",-
"Uzbekistan","Fossil fuels n.e.s.","Electricity Installed Capacity (MW)","Off-grid","2022",-
"Uzbekistan","Fossil fuels n.e.s.","Electricity Installed Capacity (MW)","Off-grid","2023",-
"Uzbekistan","Fossil fuels n.e.s.","Electricity Installed Capacity (MW)","Off-grid","2024",-
"Uzbekistan","Fossil fuels n.e.s.","Electricity Generation (GWh)","All","2000",-
"Uzbekistan","Fossil fuels n.e.s.","Electricity Generation (GWh)","All","2001",-
"Uzbekistan","Fossil fuels n.e.s.","Electricity Generation (GWh)","All","2002",-
"Uzbekistan","Fossil fuels n.e.s.","Electricity Generation (GWh)","All","2003",-
"Uzbekistan","Fossil fuels n.e.s.","Electricity Generation (GWh)","All","2004",-
"Uzbekistan","Fossil fuels n.e.s.","Electricity Generation (GWh)","All","2005",-
"Uzbekistan","Fossil fuels n.e.s.","Electricity Generation (GWh)","All","2006",-
"Uzbekistan","Fossil fuels n.e.s.","Electricity Generation (GWh)","All","2007",-
"Uzbekistan","Fossil fuels n.e.s.","Electricity Generation (GWh)","All","2008",-
"Uzbekistan","Fossil fuels n.e.s.","Electricity Generation (GWh)","All","2009",-
"Uzbekistan","Fossil fuels n.e.s.","Electricity Generation (GWh)","All","2010",-
"Uzbekistan","Fossil fuels n.e.s.","Electricity Generation (GWh)","All","2011",-
"Uzbekistan","Fossil fuels n.e.s.","Electricity Generation (GWh)","All","2012",-
"Uzbekistan","Fossil fuels n.e.s.","Electricity Generation (GWh)","All","2013",-
"Uzbekistan","Fossil fuels n.e.s.","Electricity Generation (GWh)","All","2014",-
"Uzbekistan","Fossil fuels n.e.s.","Electricity Generation (GWh)","All","2015",-
"Uzbekistan","Fossil fuels n.e.s.","Electricity Generation (GWh)","All","2016",-
"Uzbekistan","Fossil fuels n.e.s.","Electricity Generation (GWh)","All","2017",-
"Uzbekistan","Fossil fuels n.e.s.","Electricity Generation (GWh)","All","2018",-
"Uzbekistan","Fossil fuels n.e.s.","Electricity Generation (GWh)","All","2019",-
"Uzbekistan","Fossil fuels n.e.s.","Electricity Generation (GWh)","All","2020",-
"Uzbekistan","Fossil fuels n.e.s.","Electricity Generation (GWh)","All","2021",-
"Uzbekistan","Fossil fuels n.e.s.","Electricity Generation (GWh)","All","2022",-
"Uzbekistan","Fossil fuels n.e.s.","Electricity Generation (GWh)","All","2023",-
"Uzbekistan","Fossil fuels n.e.s.","Electricity Generation (GWh)","All","2024",-
"Uzbekistan","Fossil fuels n.e.s.","Electricity Generation (GWh)","On-grid","2000",-
"Uzbekistan","Fossil fuels n.e.s.","Electricity Generation (GWh)","On-grid","2001",-
"Uzbekistan","Fossil fuels n.e.s.","Electricity Generation (GWh)","On-grid","2002",-
"Uzbekistan","Fossil fuels n.e.s.","Electricity Generation (GWh)","On-grid","2003",-
"Uzbekistan","Fossil fuels n.e.s.","Electricity Generation (GWh)","On-grid","2004",-
"Uzbekistan","Fossil fuels n.e.s.","Electricity Generation (GWh)","On-grid","2005",-
"Uzbekistan","Fossil fuels n.e.s.","Electricity Generation (GWh)","On-grid","2006",-
"Uzbekistan","Fossil fuels n.e.s.","Electricity Generation (GWh)","On-grid","2007",-
"Uzbekistan","Fossil fuels n.e.s.","Electricity Generation (GWh)","On-grid","2008",-
"Uzbekistan","Fossil fuels n.e.s.","Electricity Generation (GWh)","On-grid","2009",-
"Uzbekistan","Fossil fuels n.e.s.","Electricity Generation (GWh)","On-grid","2010",-
"Uzbekistan","Fossil fuels n.e.s.","Electricity Generation (GWh)","On-grid","2011",-
"Uzbekistan","Fossil fuels n.e.s.","Electricity Generation (GWh)","On-grid","2012",-
"Uzbekistan","Fossil fuels n.e.s.","Electricity Generation (GWh)","On-grid","2013",-
"Uzbekistan","Fossil fuels n.e.s.","Electricity Generation (GWh)","On-grid","2014",-
"Uzbekistan","Fossil fuels n.e.s.","Electricity Generation (GWh)","On-grid","2015",-
"Uzbekistan","Fossil fuels n.e.s.","Electricity Generation (GWh)","On-grid","2016",-
"Uzbekistan","Fossil fuels n.e.s.","Electricity Generation (GWh)","On-grid","2017",-
"Uzbekistan","Fossil fuels n.e.s.","Electricity Generation (GWh)","On-grid","2018",-
"Uzbekistan","Fossil fuels n.e.s.","Electricity Generation (GWh)","On-grid","2019",-
"Uzbekistan","Fossil fuels n.e.s.","Electricity Generation (GWh)","On-grid","2020",-
"Uzbekistan","Fossil fuels n.e.s.","Electricity Generation (GWh)","On-grid","2021",-
"Uzbekistan","Fossil fuels n.e.s.","Electricity Generation (GWh)","On-grid","2022",-
"Uzbekistan","Fossil fuels n.e.s.","Electricity Generation (GWh)","On-grid","2023",-
"Uzbekistan","Fossil fuels n.e.s.","Electricity Generation (GWh)","On-grid","2024",-
"Uzbekistan","Fossil fuels n.e.s.","Electricity Generation (GWh)","Off-grid","2000",-
"Uzbekistan","Fossil fuels n.e.s.","Electricity Generation (GWh)","Off-grid","2001",-
"Uzbekistan","Fossil fuels n.e.s.","Electricity Generation (GWh)","Off-grid","2002",-
"Uzbekistan","Fossil fuels n.e.s.","Electricity Generation (GWh)","Off-grid","2003",-
"Uzbekistan","Fossil fuels n.e.s.","Electricity Generation (GWh)","Off-grid","2004",-
"Uzbekistan","Fossil fuels n.e.s.","Electricity Generation (GWh)","Off-grid","2005",-
"Uzbekistan","Fossil fuels n.e.s.","Electricity Generation (GWh)","Off-grid","2006",-
"Uzbekistan","Fossil fuels n.e.s.","Electricity Generation (GWh)","Off-grid","2007",-
"Uzbekistan","Fossil fuels n.e.s.","Electricity Generation (GWh)","Off-grid","2008",-
"Uzbekistan","Fossil fuels n.e.s.","Electricity Generation (GWh)","Off-grid","2009",-
"Uzbekistan","Fossil fuels n.e.s.","Electricity Generation (GWh)","Off-grid","2010",-
"Uzbekistan","Fossil fuels n.e.s.","Electricity Generation (GWh)","Off-grid","2011",-
"Uzbekistan","Fossil fuels n.e.s.","Electricity Generation (GWh)","Off-grid","2012",-
"Uzbekistan","Fossil fuels n.e.s.","Electricity Generation (GWh)","Off-grid","2013",-
"Uzbekistan","Fossil fuels n.e.s.","Electricity Generation (GWh)","Off-grid","2014",-
"Uzbekistan","Fossil fuels n.e.s.","Electricity Generation (GWh)","Off-grid","2015",-
"Uzbekistan","Fossil fuels n.e.s.","Electricity Generation (GWh)","Off-grid","2016",-
"Uzbekistan","Fossil fuels n.e.s.","Electricity Generation (GWh)","Off-grid","2017",-
"Uzbekistan","Fossil fuels n.e.s.","Electricity Generation (GWh)","Off-grid","2018",-
"Uzbekistan","Fossil fuels n.e.s.","Electricity Generation (GWh)","Off-grid","2019",-
"Uzbekistan","Fossil fuels n.e.s.","Electricity Generation (GWh)","Off-grid","2020",-
"Uzbekistan","Fossil fuels n.e.s.","Electricity Generation (GWh)","Off-grid","2021",-
"Uzbekistan","Fossil fuels n.e.s.","Electricity Generation (GWh)","Off-grid","2022",-
"Uzbekistan","Fossil fuels n.e.s.","Electricity Generation (GWh)","Off-grid","2023",-
"Uzbekistan","Fossil fuels n.e.s.","Electricity Generation (GWh)","Off-grid","2024",-
"Uzbekistan","Nuclear","Electricity Installed Capacity (MW)","All","2000",-
"Uzbekistan","Nuclear","Electricity Installed Capacity (MW)","All","2001",-
"Uzbekistan","Nuclear","Electricity Installed Capacity (MW)","All","2002",-
"Uzbekistan","Nuclear","Electricity Installed Capacity (MW)","All","2003",-
"Uzbekistan","Nuclear","Electricity Installed Capacity (MW)","All","2004",-
"Uzbekistan","Nuclear","Electricity Installed Capacity (MW)","All","2005",-
"Uzbekistan","Nuclear","Electricity Installed Capacity (MW)","All","2006",-
"Uzbekistan","Nuclear","Electricity Installed Capacity (MW)","All","2007",-
"Uzbekistan","Nuclear","Electricity Installed Capacity (MW)","All","2008",-
"Uzbekistan","Nuclear","Electricity Installed Capacity (MW)","All","2009",-
"Uzbekistan","Nuclear","Electricity Installed Capacity (MW)","All","2010",-
"Uzbekistan","Nuclear","Electricity Installed Capacity (MW)","All","2011",-
"Uzbekistan","Nuclear","Electricity Installed Capacity (MW)","All","2012",-
"Uzbekistan","Nuclear","Electricity Installed Capacity (MW)","All","2013",-
"Uzbekistan","Nuclear","Electricity Installed Capacity (MW)","All","2014",-
"Uzbekistan","Nuclear","Electricity Installed Capacity (MW)","All","2015",-
"Uzbekistan","Nuclear","Electricity Installed Capacity (MW)","All","2016",-
"Uzbekistan","Nuclear","Electricity Installed Capacity (MW)","All","2017",-
"Uzbekistan","Nuclear","Electricity Installed Capacity (MW)","All","2018",-
"Uzbekistan","Nuclear","Electricity Installed Capacity (MW)","All","2019",-
"Uzbekistan","Nuclear","Electricity Installed Capacity (MW)","All","2020",-
"Uzbekistan","Nuclear","Electricity Installed Capacity (MW)","All","2021",-
"Uzbekistan","Nuclear","Electricity Installed Capacity (MW)","All","2022",-
"Uzbekistan","Nuclear","Electricity Installed Capacity (MW)","All","2023",-
"Uzbekistan","Nuclear","Electricity Installed Capacity (MW)","All","2024",-
"Uzbekistan","Nuclear","Electricity Installed Capacity (MW)","On-grid","2000",-
"Uzbekistan","Nuclear","Electricity Installed Capacity (MW)","On-grid","2001",-
"Uzbekistan","Nuclear","Electricity Installed Capacity (MW)","On-grid","2002",-
"Uzbekistan","Nuclear","Electricity Installed Capacity (MW)","On-grid","2003",-
"Uzbekistan","Nuclear","Electricity Installed Capacity (MW)","On-grid","2004",-
"Uzbekistan","Nuclear","Electricity Installed Capacity (MW)","On-grid","2005",-
"Uzbekistan","Nuclear","Electricity Installed Capacity (MW)","On-grid","2006",-
"Uzbekistan","Nuclear","Electricity Installed Capacity (MW)","On-grid","2007",-
"Uzbekistan","Nuclear","Electricity Installed Capacity (MW)","On-grid","2008",-
"Uzbekistan","Nuclear","Electricity Installed Capacity (MW)","On-grid","2009",-
"Uzbekistan","Nuclear","Electricity Installed Capacity (MW)","On-grid","2010",-
"Uzbekistan","Nuclear","Electricity Installed Capacity (MW)","On-grid","2011",-
"Uzbekistan","Nuclear","Electricity Installed Capacity (MW)","On-grid","2012",-
"Uzbekistan","Nuclear","Electricity Installed Capacity (MW)","On-grid","2013",-
"Uzbekistan","Nuclear","Electricity Installed Capacity (MW)","On-grid","2014",-
"Uzbekistan","Nuclear","Electricity Installed Capacity (MW)","On-grid","2015",-
"Uzbekistan","Nuclear","Electricity Installed Capacity (MW)","On-grid","2016",-
"Uzbekistan","Nuclear","Electricity Installed Capacity (MW)","On-grid","2017",-
"Uzbekistan","Nuclear","Electricity Installed Capacity (MW)","On-grid","2018",-
"Uzbekistan","Nuclear","Electricity Installed Capacity (MW)","On-grid","2019",-
"Uzbekistan","Nuclear","Electricity Installed Capacity (MW)","On-grid","2020",-
"Uzbekistan","Nuclear","Electricity Installed Capacity (MW)","On-grid","2021",-
"Uzbekistan","Nuclear","Electricity Installed Capacity (MW)","On-grid","2022",-
"Uzbekistan","Nuclear","Electricity Installed Capacity (MW)","On-grid","2023",-
"Uzbekistan","Nuclear","Electricity Installed Capacity (MW)","On-grid","2024",-
"Uzbekistan","Nuclear","Electricity Installed Capacity (MW)","Off-grid","2000",-
"Uzbekistan","Nuclear","Electricity Installed Capacity (MW)","Off-grid","2001",-
"Uzbekistan","Nuclear","Electricity Installed Capacity (MW)","Off-grid","2002",-
"Uzbekistan","Nuclear","Electricity Installed Capacity (MW)","Off-grid","2003",-
"Uzbekistan","Nuclear","Electricity Installed Capacity (MW)","Off-grid","2004",-
"Uzbekistan","Nuclear","Electricity Installed Capacity (MW)","Off-grid","2005",-
"Uzbekistan","Nuclear","Electricity Installed Capacity (MW)","Off-grid","2006",-
"Uzbekistan","Nuclear","Electricity Installed Capacity (MW)","Off-grid","2007",-
"Uzbekistan","Nuclear","Electricity Installed Capacity (MW)","Off-grid","2008",-
"Uzbekistan","Nuclear","Electricity Installed Capacity (MW)","Off-grid","2009",-
"Uzbekistan","Nuclear","Electricity Installed Capacity (MW)","Off-grid","2010",-
"Uzbekistan","Nuclear","Electricity Installed Capacity (MW)","Off-grid","2011",-
"Uzbekistan","Nuclear","Electricity Installed Capacity (MW)","Off-grid","2012",-
"Uzbekistan","Nuclear","Electricity Installed Capacity (MW)","Off-grid","2013",-
"Uzbekistan","Nuclear","Electricity Installed Capacity (MW)","Off-grid","2014",-
"Uzbekistan","Nuclear","Electricity Installed Capacity (MW)","Off-grid","2015",-
"Uzbekistan","Nuclear","Electricity Installed Capacity (MW)","Off-grid","2016",-
"Uzbekistan","Nuclear","Electricity Installed Capacity (MW)","Off-grid","2017",-
"Uzbekistan","Nuclear","Electricity Installed Capacity (MW)","Off-grid","2018",-
"Uzbekistan","Nuclear","Electricity Installed Capacity (MW)","Off-grid","2019",-
"Uzbekistan","Nuclear","Electricity Installed Capacity (MW)","Off-grid","2020",-
"Uzbekistan","Nuclear","Electricity Installed Capacity (MW)","Off-grid","2021",-
"Uzbekistan","Nuclear","Electricity Installed Capacity (MW)","Off-grid","2022",-
"Uzbekistan","Nuclear","Electricity Installed Capacity (MW)","Off-grid","2023",-
"Uzbekistan","Nuclear","Electricity Installed Capacity (MW)","Off-grid","2024",-
"Uzbekistan","Nuclear","Electricity Generation (GWh)","All","2000",-
"Uzbekistan","Nuclear","Electricity Generation (GWh)","All","2001",-
"Uzbekistan","Nuclear","Electricity Generation (GWh)","All","2002",-
"Uzbekistan","Nuclear","Electricity Generation (GWh)","All","2003",-
"Uzbekistan","Nuclear","Electricity Generation (GWh)","All","2004",-
"Uzbekistan","Nuclear","Electricity Generation (GWh)","All","2005",-
"Uzbekistan","Nuclear","Electricity Generation (GWh)","All","2006",-
"Uzbekistan","Nuclear","Electricity Generation (GWh)","All","2007",-
"Uzbekistan","Nuclear","Electricity Generation (GWh)","All","2008",-
"Uzbekistan","Nuclear","Electricity Generation (GWh)","All","2009",-
"Uzbekistan","Nuclear","Electricity Generation (GWh)","All","2010",-
"Uzbekistan","Nuclear","Electricity Generation (GWh)","All","2011",-
"Uzbekistan","Nuclear","Electricity Generation (GWh)","All","2012",-
"Uzbekistan","Nuclear","Electricity Generation (GWh)","All","2013",-
"Uzbekistan","Nuclear","Electricity Generation (GWh)","All","2014",-
"Uzbekistan","Nuclear","Electricity Generation (GWh)","All","2015",-
"Uzbekistan","Nuclear","Electricity Generation (GWh)","All","2016",-
"Uzbekistan","Nuclear","Electricity Generation (GWh)","All","2017",-
"Uzbekistan","Nuclear","Electricity Generation (GWh)","All","2018",-
"Uzbekistan","Nuclear","Electricity Generation (GWh)","All","2019",-
"Uzbekistan","Nuclear","Electricity Generation (GWh)","All","2020",-
"Uzbekistan","Nuclear","Electricity Generation (GWh)","All","2021",-
"Uzbekistan","Nuclear","Electricity Generation (GWh)","All","2022",-
"Uzbekistan","Nuclear","Electricity Generation (GWh)","All","2023",-
"Uzbekistan","Nuclear","Electricity Generation (GWh)","All","2024",-
"Uzbekistan","Nuclear","Electricity Generation (GWh)","On-grid","2000",-
"Uzbekistan","Nuclear","Electricity Generation (GWh)","On-grid","2001",-
"Uzbekistan","Nuclear","Electricity Generation (GWh)","On-grid","2002",-
"Uzbekistan","Nuclear","Electricity Generation (GWh)","On-grid","2003",-
"Uzbekistan","Nuclear","Electricity Generation (GWh)","On-grid","2004",-
"Uzbekistan","Nuclear","Electricity Generation (GWh)","On-grid","2005",-
"Uzbekistan","Nuclear","Electricity Generation (GWh)","On-grid","2006",-
"Uzbekistan","Nuclear","Electricity Generation (GWh)","On-grid","2007",-
"Uzbekistan","Nuclear","Electricity Generation (GWh)","On-grid","2008",-
"Uzbekistan","Nuclear","Electricity Generation (GWh)","On-grid","2009",-
"Uzbekistan","Nuclear","Electricity Generation (GWh)","On-grid","2010",-
"Uzbekistan","Nuclear","Electricity Generation (GWh)","On-grid","2011",-
"Uzbekistan","Nuclear","Electricity Generation (GWh)","On-grid","2012",-
"Uzbekistan","Nuclear","Electricity Generation (GWh)","On-grid","2013",-
"Uzbekistan","Nuclear","Electricity Generation (GWh)","On-grid","2014",-
"Uzbekistan","Nuclear","Electricity Generation (GWh)","On-grid","2015",-
"Uzbekistan","Nuclear","Electricity Generation (GWh)","On-grid","2016",-
"Uzbekistan","Nuclear","Electricity Generation (GWh)","On-grid","2017",-
"Uzbekistan","Nuclear","Electricity Generation (GWh)","On-grid","2018",-
"Uzbekistan","Nuclear","Electricity Generation (GWh)","On-grid","2019",-
"Uzbekistan","Nuclear","Electricity Generation (GWh)","On-grid","2020",-
"Uzbekistan","Nuclear","Electricity Generation (GWh)","On-grid","2021",-
"Uzbekistan","Nuclear","Electricity Generation (GWh)","On-grid","2022",-
"Uzbekistan","Nuclear","Electricity Generation (GWh)","On-grid","2023",-
"Uzbekistan","Nuclear","Electricity Generation (GWh)","On-grid","2024",-
"Uzbekistan","Nuclear","Electricity Generation (GWh)","Off-grid","2000",-
"Uzbekistan","Nuclear","Electricity Generation (GWh)","Off-grid","2001",-
"Uzbekistan","Nuclear","Electricity Generation (GWh)","Off-grid","2002",-
"Uzbekistan","Nuclear","Electricity Generation (GWh)","Off-grid","2003",-
"Uzbekistan","Nuclear","Electricity Generation (GWh)","Off-grid","2004",-
"Uzbekistan","Nuclear","Electricity Generation (GWh)","Off-grid","2005",-
"Uzbekistan","Nuclear","Electricity Generation (GWh)","Off-grid","2006",-
"Uzbekistan","Nuclear","Electricity Generation (GWh)","Off-grid","2007",-
"Uzbekistan","Nuclear","Electricity Generation (GWh)","Off-grid","2008",-
"Uzbekistan","Nuclear","Electricity Generation (GWh)","Off-grid","2009",-
"Uzbekistan","Nuclear","Electricity Generation (GWh)","Off-grid","2010",-
"Uzbekistan","Nuclear","Electricity Generation (GWh)","Off-grid","2011",-
"Uzbekistan","Nuclear","Electricity Generation (GWh)","Off-grid","2012",-
"Uzbekistan","Nuclear","Electricity Generation (GWh)","Off-grid","2013",-
"Uzbekistan","Nuclear","Electricity Generation (GWh)","Off-grid","2014",-
"Uzbekistan","Nuclear","Electricity Generation (GWh)","Off-grid","2015",-
"Uzbekistan","Nuclear","Electricity Generation (GWh)","Off-grid","2016",-
"Uzbekistan","Nuclear","Electricity Generation (GWh)","Off-grid","2017",-
"Uzbekistan","Nuclear","Electricity Generation (GWh)","Off-grid","2018",-
"Uzbekistan","Nuclear","Electricity Generation (GWh)","Off-grid","2019",-
"Uzbekistan","Nuclear","Electricity Generation (GWh)","Off-grid","2020",-
"Uzbekistan","Nuclear","Electricity Generation (GWh)","Off-grid","2021",-
"Uzbekistan","Nuclear","Electricity Generation (GWh)","Off-grid","2022",-
"Uzbekistan","Nuclear","Electricity Generation (GWh)","Off-grid","2023",-
"Uzbekistan","Nuclear","Electricity Generation (GWh)","Off-grid","2024",-
"Uzbekistan","Other non-renewable energy","Electricity Installed Capacity (MW)","All","2000",-
"Uzbekistan","Other non-renewable energy","Electricity Installed Capacity (MW)","All","2001",-
"Uzbekistan","Other non-renewable energy","Electricity Installed Capacity (MW)","All","2002",-
"Uzbekistan","Other non-renewable energy","Electricity Installed Capacity (MW)","All","2003",-
"Uzbekistan","Other non-renewable energy","Electricity Installed Capacity (MW)","All","2004",-
"Uzbekistan","Other non-renewable energy","Electricity Installed Capacity (MW)","All","2005",-
"Uzbekistan","Other non-renewable energy","Electricity Installed Capacity (MW)","All","2006",-
"Uzbekistan","Other non-renewable energy","Electricity Installed Capacity (MW)","All","2007",-
"Uzbekistan","Other non-renewable energy","Electricity Installed Capacity (MW)","All","2008",-
"Uzbekistan","Other non-renewable energy","Electricity Installed Capacity (MW)","All","2009",-
"Uzbekistan","Other non-renewable energy","Electricity Installed Capacity (MW)","All","2010",-
"Uzbekistan","Other non-renewable energy","Electricity Installed Capacity (MW)","All","2011",-
"Uzbekistan","Other non-renewable energy","Electricity Installed Capacity (MW)","All","2012",-
"Uzbekistan","Other non-renewable energy","Electricity Installed Capacity (MW)","All","2013",-
"Uzbekistan","Other non-renewable energy","Electricity Installed Capacity (MW)","All","2014",-
"Uzbekistan","Other non-renewable energy","Electricity Installed Capacity (MW)","All","2015",-
"Uzbekistan","Other non-renewable energy","Electricity Installed Capacity (MW)","All","2016",-
"Uzbekistan","Other non-renewable energy","Electricity Installed Capacity (MW)","All","2017",-
"Uzbekistan","Other non-renewable energy","Electricity Installed Capacity (MW)","All","2018",-
"Uzbekistan","Other non-renewable energy","Electricity Installed Capacity (MW)","All","2019",-
"Uzbekistan","Other non-renewable energy","Electricity Installed Capacity (MW)","All","2020",-
"Uzbekistan","Other non-renewable energy","Electricity Installed Capacity (MW)","All","2021",-
"Uzbekistan","Other non-renewable energy","Electricity Installed Capacity (MW)","All","2022",-
"Uzbekistan","Other non-renewable energy","Electricity Installed Capacity (MW)","All","2023",-
"Uzbekistan","Other non-renewable energy","Electricity Installed Capacity (MW)","All","2024",-
"Uzbekistan","Other non-renewable energy","Electricity Installed Capacity (MW)","On-grid","2000",-
"Uzbekistan","Other non-renewable energy","Electricity Installed Capacity (MW)","On-grid","2001",-
"Uzbekistan","Other non-renewable energy","Electricity Installed Capacity (MW)","On-grid","2002",-
"Uzbekistan","Other non-renewable energy","Electricity Installed Capacity (MW)","On-grid","2003",-
"Uzbekistan","Other non-renewable energy","Electricity Installed Capacity (MW)","On-grid","2004",-
"Uzbekistan","Other non-renewable energy","Electricity Installed Capacity (MW)","On-grid","2005",-
"Uzbekistan","Other non-renewable energy","Electricity Installed Capacity (MW)","On-grid","2006",-
"Uzbekistan","Other non-renewable energy","Electricity Installed Capacity (MW)","On-grid","2007",-
"Uzbekistan","Other non-renewable energy","Electricity Installed Capacity (MW)","On-grid","2008",-
"Uzbekistan","Other non-renewable energy","Electricity Installed Capacity (MW)","On-grid","2009",-
"Uzbekistan","Other non-renewable energy","Electricity Installed Capacity (MW)","On-grid","2010",-
"Uzbekistan","Other non-renewable energy","Electricity Installed Capacity (MW)","On-grid","2011",-
"Uzbekistan","Other non-renewable energy","Electricity Installed Capacity (MW)","On-grid","2012",-
"Uzbekistan","Other non-renewable energy","Electricity Installed Capacity (MW)","On-grid","2013",-
"Uzbekistan","Other non-renewable energy","Electricity Installed Capacity (MW)","On-grid","2014",-
"Uzbekistan","Other non-renewable energy","Electricity Installed Capacity (MW)","On-grid","2015",-
"Uzbekistan","Other non-renewable energy","Electricity Installed Capacity (MW)","On-grid","2016",-
"Uzbekistan","Other non-renewable energy","Electricity Installed Capacity (MW)","On-grid","2017",-
"Uzbekistan","Other non-renewable energy","Electricity Installed Capacity (MW)","On-grid","2018",-
"Uzbekistan","Other non-renewable energy","Electricity Installed Capacity (MW)","On-grid","2019",-
"Uzbekistan","Other non-renewable energy","Electricity Installed Capacity (MW)","On-grid","2020",-
"Uzbekistan","Other non-renewable energy","Electricity Installed Capacity (MW)","On-grid","2021",-
"Uzbekistan","Other non-renewable energy","Electricity Installed Capacity (MW)","On-grid","2022",-
"Uzbekistan","Other non-renewable energy","Electricity Installed Capacity (MW)","On-grid","2023",-
"Uzbekistan","Other non-renewable energy","Electricity Installed Capacity (MW)","On-grid","2024",-
"Uzbekistan","Other non-renewable energy","Electricity Installed Capacity (MW)","Off-grid","2000",-
"Uzbekistan","Other non-renewable energy","Electricity Installed Capacity (MW)","Off-grid","2001",-
"Uzbekistan","Other non-renewable energy","Electricity Installed Capacity (MW)","Off-grid","2002",-
"Uzbekistan","Other non-renewable energy","Electricity Installed Capacity (MW)","Off-grid","2003",-
"Uzbekistan","Other non-renewable energy","Electricity Installed Capacity (MW)","Off-grid","2004",-
"Uzbekistan","Other non-renewable energy","Electricity Installed Capacity (MW)","Off-grid","2005",-
"Uzbekistan","Other non-renewable energy","Electricity Installed Capacity (MW)","Off-grid","2006",-
"Uzbekistan","Other non-renewable energy","Electricity Installed Capacity (MW)","Off-grid","2007",-
"Uzbekistan","Other non-renewable energy","Electricity Installed Capacity (MW)","Off-grid","2008",-
"Uzbekistan","Other non-renewable energy","Electricity Installed Capacity (MW)","Off-grid","2009",-
"Uzbekistan","Other non-renewable energy","Electricity Installed Capacity (MW)","Off-grid","2010",-
"Uzbekistan","Other non-renewable energy","Electricity Installed Capacity (MW)","Off-grid","2011",-
"Uzbekistan","Other non-renewable energy","Electricity Installed Capacity (MW)","Off-grid","2012",-
"Uzbekistan","Other non-renewable energy","Electricity Installed Capacity (MW)","Off-grid","2013",-
"Uzbekistan","Other non-renewable energy","Electricity Installed Capacity (MW)","Off-grid","2014",-
"Uzbekistan","Other non-renewable energy","Electricity Installed Capacity (MW)","Off-grid","2015",-
"Uzbekistan","Other non-renewable energy","Electricity Installed Capacity (MW)","Off-grid","2016",-
"Uzbekistan","Other non-renewable energy","Electricity Installed Capacity (MW)","Off-grid","2017",-
"Uzbekistan","Other non-renewable energy","Electricity Installed Capacity (MW)","Off-grid","2018",-
"Uzbekistan","Other non-renewable energy","Electricity Installed Capacity (MW)","Off-grid","2019",-
"Uzbekistan","Other non-renewable energy","Electricity Installed Capacity (MW)","Off-grid","2020",-
"Uzbekistan","Other non-renewable energy","Electricity Installed Capacity (MW)","Off-grid","2021",-
"Uzbekistan","Other non-renewable energy","Electricity Installed Capacity (MW)","Off-grid","2022",-
"Uzbekistan","Other non-renewable energy","Electricity Installed Capacity (MW)","Off-grid","2023",-
"Uzbekistan","Other non-renewable energy","Electricity Installed Capacity (MW)","Off-grid","2024",-
"Uzbekistan","Other non-renewable energy","Electricity Generation (GWh)","All","2000",-
"Uzbekistan","Other non-renewable energy","Electricity Generation (GWh)","All","2001",-
"Uzbekistan","Other non-renewable energy","Electricity Generation (GWh)","All","2002",-
"Uzbekistan","Other non-renewable energy","Electricity Generation (GWh)","All","2003",-
"Uzbekistan","Other non-renewable energy","Electricity Generation (GWh)","All","2004",-
"Uzbekistan","Other non-renewable energy","Electricity Generation (GWh)","All","2005",-
"Uzbekistan","Other non-renewable energy","Electricity Generation (GWh)","All","2006",-
"Uzbekistan","Other non-renewable energy","Electricity Generation (GWh)","All","2007",-
"Uzbekistan","Other non-renewable energy","Electricity Generation (GWh)","All","2008",-
"Uzbekistan","Other non-renewable energy","Electricity Generation (GWh)","All","2009",-
"Uzbekistan","Other non-renewable energy","Electricity Generation (GWh)","All","2010",-
"Uzbekistan","Other non-renewable energy","Electricity Generation (GWh)","All","2011",-
"Uzbekistan","Other non-renewable energy","Electricity Generation (GWh)","All","2012",-
"Uzbekistan","Other non-renewable energy","Electricity Generation (GWh)","All","2013",-
"Uzbekistan","Other non-renewable energy","Electricity Generation (GWh)","All","2014",-
"Uzbekistan","Other non-renewable energy","Electricity Generation (GWh)","All","2015",-
"Uzbekistan","Other non-renewable energy","Electricity Generation (GWh)","All","2016",-
"Uzbekistan","Other non-renewable energy","Electricity Generation (GWh)","All","2017",-
"Uzbekistan","Other non-renewable energy","Electricity Generation (GWh)","All","2018",-
"Uzbekistan","Other non-renewable energy","Electricity Generation (GWh)","All","2019",-
"Uzbekistan","Other non-renewable energy","Electricity Generation (GWh)","All","2020",-
"Uzbekistan","Other non-renewable energy","Electricity Generation (GWh)","All","2021",-
"Uzbekistan","Other non-renewable energy","Electricity Generation (GWh)","All","2022",-
"Uzbekistan","Other non-renewable energy","Electricity Generation (GWh)","All","2023",-
"Uzbekistan","Other non-renewable energy","Electricity Generation (GWh)","All","2024",-
"Uzbekistan","Other non-renewable energy","Electricity Generation (GWh)","On-grid","2000",-
"Uzbekistan","Other non-renewable energy","Electricity Generation (GWh)","On-grid","2001",-
"Uzbekistan","Other non-renewable energy","Electricity Generation (GWh)","On-grid","2002",-
"Uzbekistan","Other non-renewable energy","Electricity Generation (GWh)","On-grid","2003",-
"Uzbekistan","Other non-renewable energy","Electricity Generation (GWh)","On-grid","2004",-
"Uzbekistan","Other non-renewable energy","Electricity Generation (GWh)","On-grid","2005",-
"Uzbekistan","Other non-renewable energy","Electricity Generation (GWh)","On-grid","2006",-
"Uzbekistan","Other non-renewable energy","Electricity Generation (GWh)","On-grid","2007",-
"Uzbekistan","Other non-renewable energy","Electricity Generation (GWh)","On-grid","2008",-
"Uzbekistan","Other non-renewable energy","Electricity Generation (GWh)","On-grid","2009",-
"Uzbekistan","Other non-renewable energy","Electricity Generation (GWh)","On-grid","2010",-
"Uzbekistan","Other non-renewable energy","Electricity Generation (GWh)","On-grid","2011",-
"Uzbekistan","Other non-renewable energy","Electricity Generation (GWh)","On-grid","2012",-
"Uzbekistan","Other non-renewable energy","Electricity Generation (GWh)","On-grid","2013",-
"Uzbekistan","Other non-renewable energy","Electricity Generation (GWh)","On-grid","2014",-
"Uzbekistan","Other non-renewable energy","Electricity Generation (GWh)","On-grid","2015",-
"Uzbekistan","Other non-renewable energy","Electricity Generation (GWh)","On-grid","2016",-
"Uzbekistan","Other non-renewable energy","Electricity Generation (GWh)","On-grid","2017",-
"Uzbekistan","Other non-renewable energy","Electricity Generation (GWh)","On-grid","2018",-
"Uzbekistan","Other non-renewable energy","Electricity Generation (GWh)","On-grid","2019",-
"Uzbekistan","Other non-renewable energy","Electricity Generation (GWh)","On-grid","2020",-
"Uzbekistan","Other non-renewable energy","Electricity Generation (GWh)","On-grid","2021",-
"Uzbekistan","Other non-renewable energy","Electricity Generation (GWh)","On-grid","2022",-
"Uzbekistan","Other non-renewable energy","Electricity Generation (GWh)","On-grid","2023",-
"Uzbekistan","Other non-renewable energy","Electricity Generation (GWh)","On-grid","2024",-
"Uzbekistan","Other non-renewable energy","Electricity Generation (GWh)","Off-grid","2000",-
"Uzbekistan","Other non-renewable energy","Electricity Generation (GWh)","Off-grid","2001",-
"Uzbekistan","Other non-renewable energy","Electricity Generation (GWh)","Off-grid","2002",-
"Uzbekistan","Other non-renewable energy","Electricity Generation (GWh)","Off-grid","2003",-
"Uzbekistan","Other non-renewable energy","Electricity Generation (GWh)","Off-grid","2004",-
"Uzbekistan","Other non-renewable energy","Electricity Generation (GWh)","Off-grid","2005",-
"Uzbekistan","Other non-renewable energy","Electricity Generation (GWh)","Off-grid","2006",-
"Uzbekistan","Other non-renewable energy","Electricity Generation (GWh)","Off-grid","2007",-
"Uzbekistan","Other non-renewable energy","Electricity Generation (GWh)","Off-grid","2008",-
"Uzbekistan","Other non-renewable energy","Electricity Generation (GWh)","Off-grid","2009",-
"Uzbekistan","Other non-renewable energy","Electricity Generation (GWh)","Off-grid","2010",-
"Uzbekistan","Other non-renewable energy","Electricity Generation (GWh)","Off-grid","2011",-
"Uzbekistan","Other non-renewable energy","Electricity Generation (GWh)","Off-grid","2012",-
"Uzbekistan","Other non-renewable energy","Electricity Generation (GWh)","Off-grid","2013",-
"Uzbekistan","Other non-renewable energy","Electricity Generation (GWh)","Off-grid","2014",-
"Uzbekistan","Other non-renewable energy","Electricity Generation (GWh)","Off-grid","2015",-
"Uzbekistan","Other non-renewable energy","Electricity Generation (GWh)","Off-grid","2016",-
"Uzbekistan","Other non-renewable energy","Electricity Generation (GWh)","Off-grid","2017",-
"Uzbekistan","Other non-renewable energy","Electricity Generation (GWh)","Off-grid","2018",-
"Uzbekistan","Other non-renewable energy","Electricity Generation (GWh)","Off-grid","2019",-
"Uzbekistan","Other non-renewable energy","Electricity Generation (GWh)","Off-grid","2020",-
"Uzbekistan","Other non-renewable energy","Electricity Generation (GWh)","Off-grid","2021",-
"Uzbekistan","Other non-renewable energy","Electricity Generation (GWh)","Off-grid","2022",-
"Uzbekistan","Other non-renewable energy","Electricity Generation (GWh)","Off-grid","2023",-
"Uzbekistan","Other non-renewable energy","Electricity Generation (GWh)","Off-grid","2024",-
