**
(Uzbekistan_Power_Sector_2040.tex
LaTeX2e <2021-11-15> patch level 1
L3 programming layer <2022-02-24> (article.cls
Document Class: article 2021/10/04 v1.4n Standard LaTeX document class
(size10.clo
File: size10.clo 2021/10/04 v1.4n Standard LaTeX file (size option)
)
\c@part=\count181
\c@section=\count182
\c@subsection=\count183
\c@subsubsection=\count184
\c@paragraph=\count185
\c@subparagraph=\count186
\c@figure=\count187
\c@table=\count188
\abovecaptionskip=\skip47
\belowcaptionskip=\skip48
\bibindent=\dimen138
) (fontenc.sty
Package: fontenc 2021/04/29 v2.0v Standard LaTeX package
LaTeX Font Info:    Trying to load font information for T1+lmr on input line 11
2.
 (t1lmr.fd
File: t1lmr.fd 2015/05/01 v1.6.1 Font defs for Latin Modern
)) (inputenc.sty
Package: inputenc 2021/02/14 v1.3d Input encoding file
\inpenc@prehook=\toks16
\inpenc@posthook=\toks17


Package inputenc Warning: inputenc package ignored with utf8 based engines.

) (lato.sty
Package: lato 2019/06/20 Style file for Lato.
 (fontaxes.sty
Package: fontaxes 2020/07/21 v1.0e Font selection axes
LaTeX Info: Redefining \upshape on input line 29.
LaTeX Info: Redefining \itshape on input line 31.
LaTeX Info: Redefining \slshape on input line 33.
LaTeX Info: Redefining \swshape on input line 35.
LaTeX Info: Redefining \scshape on input line 37.
LaTeX Info: Redefining \sscshape on input line 39.
LaTeX Info: Redefining \ulcshape on input line 41.
LaTeX Info: Redefining \textsw on input line 47.
LaTeX Info: Redefining \textssc on input line 48.
LaTeX Info: Redefining \textulc on input line 49.
) (ifluatex.sty
Package: ifluatex 2019/10/25 v1.5 ifluatex legacy package. Use iftex instead.
 (iftex.sty
Package: iftex 2022/02/03 v1.0f TeX engine tests
)) (ifxetex.sty
Package: ifxetex 2019/10/25 v0.7 ifxetex legacy package. Use iftex instead.
)
(xkeyval.sty
Package: xkeyval 2020/11/20 v2.8 package option processing (HA)
 (xkeyval (xkvutils
\XKV@toks=\toks18
\XKV@tempa@toks=\toks19
 (keyval))
\XKV@depth=\count189
File: xkeyval.tex 2014/12/03 v2.7a key=value parser (HA)
)) (fontspec.sty (xparse.sty
(expl3.sty
Package: expl3 2022-02-24 L3 programming layer (loader) 
 (l3backend-xetex.def
File: l3backend-xetex.def 2022-02-07 L3 backend support: XeTeX
\c__kernel_sys_dvipdfmx_version_int=\count190
\l__color_backend_stack_int=\count191
\g__color_backend_stack_int=\count192
\g__graphics_track_int=\count193
\l__pdf_internal_box=\box50
\g__pdf_backend_object_int=\count194
\g__pdf_backend_annotation_int=\count195
\g__pdf_backend_link_int=\count196
))
Package: xparse 2022-01-12 L3 Experimental document command parser
)
Package: fontspec 2022/01/15 v2.8a Font selection for XeLaTeX and LuaLaTeX
 (fontspec-xetex.sty
Package: fontspec-xetex 2022/01/15 v2.8a Font selection for XeLaTeX and LuaLaTe
X
\l__fontspec_script_int=\count197
\l__fontspec_language_int=\count198
\l__fontspec_strnum_int=\count199
\l__fontspec_tmp_int=\count266
\l__fontspec_tmpa_int=\count267
\l__fontspec_tmpb_int=\count268
\l__fontspec_tmpc_int=\count269
\l__fontspec_em_int=\count270
\l__fontspec_emdef_int=\count271
\l__fontspec_strong_int=\count272
\l__fontspec_strongdef_int=\count273
\l__fontspec_tmpa_dim=\dimen139
\l__fontspec_tmpb_dim=\dimen140
\l__fontspec_tmpc_dim=\dimen141
 (fontenc.sty
Package: fontenc 2021/04/29 v2.0v Standard LaTeX package
)
(fontspec.cfg)))
Requested font "[Lato-Regular.ttf]/OT" at 9.99997pt
 -> Lato-Regular.ttf
Requested font "[Lato-Regular.ttf]/OT" at 10.00003pt
 -> Lato-Regular.ttf
Requested font "[Lato-Hairline.ttf]/OT:script=latn;language=dflt;" at 10.00003p
t
 -> Lato-Hairline.ttf
Requested font "[Lato-HairlineItalic.ttf]/OT:script=latn;language=dflt;" at 10.
00003pt
 -> Lato-HairlineItalic.ttf
Requested font "[Lato-Thin.ttf]/OT:script=latn;language=dflt;" at 10.00003pt
 -> Lato-Thin.ttf
Requested font "[Lato-ThinItalic.ttf]/OT:script=latn;language=dflt;" at 10.0000
3pt
 -> Lato-ThinItalic.ttf
Requested font "[Lato-Light.ttf]/OT:script=latn;language=dflt;" at 10.00003pt
 -> Lato-Light.ttf
Requested font "[Lato-LightItalic.ttf]/OT:script=latn;language=dflt;" at 10.000
03pt
 -> Lato-LightItalic.ttf
Requested font "[Lato-Medium.ttf]/OT:script=latn;language=dflt;" at 10.00003pt
 -> Lato-Medium.ttf
Requested font "[Lato-MediumItalic.ttf]/OT:script=latn;language=dflt;" at 10.00
003pt
 -> Lato-MediumItalic.ttf
Requested font "[Lato-Semibold.ttf]/OT:script=latn;language=dflt;" at 10.00003p
t
 -> Lato-Semibold.ttf
Requested font "[Lato-SemiboldItalic.ttf]/OT:script=latn;language=dflt;" at 10.
00003pt
 -> Lato-SemiboldItalic.ttf
Requested font "[Lato-Bold.ttf]/OT:script=latn;language=dflt;" at 10.00003pt
 -> Lato-Bold.ttf
Requested font "[Lato-BoldItalic.ttf]/OT:script=latn;language=dflt;" at 10.0000
3pt
 -> Lato-BoldItalic.ttf
Requested font "[Lato-Heavy.ttf]/OT:script=latn;language=dflt;" at 10.00003pt
 -> Lato-Heavy.ttf
Requested font "[Lato-HeavyItalic.ttf]/OT:script=latn;language=dflt;" at 10.000
03pt
 -> Lato-HeavyItalic.ttf
Requested font "[Lato-Black.ttf]/OT:script=latn;language=dflt;" at 10.00003pt
 -> Lato-Black.ttf
Requested font "[Lato-BlackItalic.ttf]/OT:script=latn;language=dflt;" at 10.000
03pt
 -> Lato-BlackItalic.ttf
Requested font "[Lato-Regular.ttf]/OT:script=latn;language=dflt;" at 10.00003pt
 -> Lato-Regular.ttf
Requested font "[Lato-Italic.ttf]/OT:script=latn;language=dflt;" at 10.00003pt
 -> Lato-Italic.ttf

Package fontspec Info: Font family 'lato-TLF' created for font 'Lato' with
(fontspec)             options
(fontspec)             [Extension=.ttf,Ligatures={TeX,Common},Scale=1,FontFace=
{ul}{n}{*-Hairline},FontFace={ul}{it}{*-HairlineItalic},FontFace={el}{n}{*-Thin
},FontFace={el}{it}{*-ThinItalic},FontFace={l}{n}{*-Light},FontFace={l}{it}{*-L
ightItalic},UprightFont={*-Regular},ItalicFont={*-Italic},FontFace={mb}{n}{*-Me
dium},FontFace={mb}{it}{*-MediumItalic},FontFace={sb}{n}{*-Semibold},FontFace={
sb}{it}{*-SemiboldItalic},FontFace={b}{n}{*-Bold},FontFace={b}{it}{*-BoldItalic
},BoldFont={*-Bold},BoldItalicFont={*-BoldItalic},FontFace={eb}{n}{*-Heavy},Fon
tFace={eb}{it}{*-HeavyItalic},FontFace={ub}{n}{*-Black},FontFace={ub}{it}{*-Bla
ckItalic},Numbers={Monospaced,Lining},NFSSFamily=lato-TLF].
(fontspec)              
(fontspec)              This font family consists of the following NFSS
(fontspec)             series/shapes:
(fontspec)              
(fontspec)             - (ul/n) with NFSS spec.:
(fontspec)             <->s*[1]"[Lato-Hairline.ttf]/OT:script=latn;language=dfl
t;+liga;+tnum;+lnum;mapping=tex-text;"
(fontspec)             -  (ul/sc) with NFSS spec.: 
(fontspec)             - (ul/it) with NFSS spec.:
(fontspec)             <->s*[1]"[Lato-HairlineItalic.ttf]/OT:script=latn;langua
ge=dflt;+liga;+tnum;+lnum;mapping=tex-text;"
(fontspec)             -  (ul/scit) with NFSS spec.: 
(fontspec)             - (el/n) with NFSS spec.:
(fontspec)             <->s*[1]"[Lato-Thin.ttf]/OT:script=latn;language=dflt;+l
iga;+tnum;+lnum;mapping=tex-text;"
(fontspec)             -  (el/sc) with NFSS spec.: 
(fontspec)             - (el/it) with NFSS spec.:
(fontspec)             <->s*[1]"[Lato-ThinItalic.ttf]/OT:script=latn;language=d
flt;+liga;+tnum;+lnum;mapping=tex-text;"
(fontspec)             -  (el/scit) with NFSS spec.: 
(fontspec)             - (l/n) with NFSS spec.:
(fontspec)             <->s*[1]"[Lato-Light.ttf]/OT:script=latn;language=dflt;+
liga;+tnum;+lnum;mapping=tex-text;"
(fontspec)             -  (l/sc) with NFSS spec.: 
(fontspec)             - (l/it) with NFSS spec.:
(fontspec)             <->s*[1]"[Lato-LightItalic.ttf]/OT:script=latn;language=
dflt;+liga;+tnum;+lnum;mapping=tex-text;"
(fontspec)             -  (l/scit) with NFSS spec.: 
(fontspec)             - (mb/n) with NFSS spec.:
(fontspec)             <->s*[1]"[Lato-Medium.ttf]/OT:script=latn;language=dflt;
+liga;+tnum;+lnum;mapping=tex-text;"
(fontspec)             -  (mb/sc) with NFSS spec.: 
(fontspec)             - (mb/it) with NFSS spec.:
(fontspec)             <->s*[1]"[Lato-MediumItalic.ttf]/OT:script=latn;language
=dflt;+liga;+tnum;+lnum;mapping=tex-text;"
(fontspec)             -  (mb/scit) with NFSS spec.: 
(fontspec)             - (sb/n) with NFSS spec.:
(fontspec)             <->s*[1]"[Lato-Semibold.ttf]/OT:script=latn;language=dfl
t;+liga;+tnum;+lnum;mapping=tex-text;"
(fontspec)             -  (sb/sc) with NFSS spec.: 
(fontspec)             - (sb/it) with NFSS spec.:
(fontspec)             <->s*[1]"[Lato-SemiboldItalic.ttf]/OT:script=latn;langua
ge=dflt;+liga;+tnum;+lnum;mapping=tex-text;"
(fontspec)             -  (sb/scit) with NFSS spec.: 
(fontspec)             - 'bold' (b/n) with NFSS spec.:
(fontspec)             <->s*[1]"[Lato-Bold.ttf]/OT:script=latn;language=dflt;+l
iga;+tnum;+lnum;mapping=tex-text;"
(fontspec)             - 'bold small caps'  (b/sc) with NFSS spec.: 
(fontspec)             - 'bold italic' (b/it) with NFSS spec.:
(fontspec)             <->s*[1]"[Lato-BoldItalic.ttf]/OT:script=latn;language=d
flt;+liga;+tnum;+lnum;mapping=tex-text;"
(fontspec)             - 'bold italic small caps'  (b/scit) with NFSS spec.: 
(fontspec)             - (eb/n) with NFSS spec.:
(fontspec)             <->s*[1]"[Lato-Heavy.ttf]/OT:script=latn;language=dflt;+
liga;+tnum;+lnum;mapping=tex-text;"
(fontspec)             -  (eb/sc) with NFSS spec.: 
(fontspec)             - (eb/it) with NFSS spec.:
(fontspec)             <->s*[1]"[Lato-HeavyItalic.ttf]/OT:script=latn;language=
dflt;+liga;+tnum;+lnum;mapping=tex-text;"
(fontspec)             -  (eb/scit) with NFSS spec.: 
(fontspec)             - (ub/n) with NFSS spec.:
(fontspec)             <->s*[1]"[Lato-Black.ttf]/OT:script=latn;language=dflt;+
liga;+tnum;+lnum;mapping=tex-text;"
(fontspec)             -  (ub/sc) with NFSS spec.: 
(fontspec)             - (ub/it) with NFSS spec.:
(fontspec)             <->s*[1]"[Lato-BlackItalic.ttf]/OT:script=latn;language=
dflt;+liga;+tnum;+lnum;mapping=tex-text;"
(fontspec)             -  (ub/scit) with NFSS spec.: 
(fontspec)             - 'normal' (m/n) with NFSS spec.:
(fontspec)             <->s*[1]"[Lato-Regular.ttf]/OT:script=latn;language=dflt
;+liga;+tnum;+lnum;mapping=tex-text;"
(fontspec)             - 'small caps'  (m/sc) with NFSS spec.: 
(fontspec)             - 'italic' (m/it) with NFSS spec.:
(fontspec)             <->s*[1]"[Lato-Italic.ttf]/OT:script=latn;language=dflt;
+liga;+tnum;+lnum;mapping=tex-text;"
(fontspec)             - 'italic small caps'  (m/scit) with NFSS spec.: 


Package fontspec Info: Font family 'lato-LF' created for font 'Lato' with
(fontspec)             options
(fontspec)             [Extension=.ttf,Ligatures={TeX,Common},Scale=1,FontFace=
{ul}{n}{*-Hairline},FontFace={ul}{it}{*-HairlineItalic},FontFace={el}{n}{*-Thin
},FontFace={el}{it}{*-ThinItalic},FontFace={l}{n}{*-Light},FontFace={l}{it}{*-L
ightItalic},UprightFont={*-Regular},ItalicFont={*-Italic},FontFace={mb}{n}{*-Me
dium},FontFace={mb}{it}{*-MediumItalic},FontFace={sb}{n}{*-Semibold},FontFace={
sb}{it}{*-SemiboldItalic},FontFace={b}{n}{*-Bold},FontFace={b}{it}{*-BoldItalic
},BoldFont={*-Bold},BoldItalicFont={*-BoldItalic},FontFace={eb}{n}{*-Heavy},Fon
tFace={eb}{it}{*-HeavyItalic},FontFace={ub}{n}{*-Black},FontFace={ub}{it}{*-Bla
ckItalic},Numbers={Proportional,Lining},NFSSFamily=lato-LF].
(fontspec)              
(fontspec)              This font family consists of the following NFSS
(fontspec)             series/shapes:
(fontspec)              
(fontspec)             - (ul/n) with NFSS spec.:
(fontspec)             <->s*[1]"[Lato-Hairline.ttf]/OT:script=latn;language=dfl
t;+liga;+pnum;+lnum;mapping=tex-text;"
(fontspec)             -  (ul/sc) with NFSS spec.: 
(fontspec)             - (ul/it) with NFSS spec.:
(fontspec)             <->s*[1]"[Lato-HairlineItalic.ttf]/OT:script=latn;langua
ge=dflt;+liga;+pnum;+lnum;mapping=tex-text;"
(fontspec)             -  (ul/scit) with NFSS spec.: 
(fontspec)             - (el/n) with NFSS spec.:
(fontspec)             <->s*[1]"[Lato-Thin.ttf]/OT:script=latn;language=dflt;+l
iga;+pnum;+lnum;mapping=tex-text;"
(fontspec)             -  (el/sc) with NFSS spec.: 
(fontspec)             - (el/it) with NFSS spec.:
(fontspec)             <->s*[1]"[Lato-ThinItalic.ttf]/OT:script=latn;language=d
flt;+liga;+pnum;+lnum;mapping=tex-text;"
(fontspec)             -  (el/scit) with NFSS spec.: 
(fontspec)             - (l/n) with NFSS spec.:
(fontspec)             <->s*[1]"[Lato-Light.ttf]/OT:script=latn;language=dflt;+
liga;+pnum;+lnum;mapping=tex-text;"
(fontspec)             -  (l/sc) with NFSS spec.: 
(fontspec)             - (l/it) with NFSS spec.:
(fontspec)             <->s*[1]"[Lato-LightItalic.ttf]/OT:script=latn;language=
dflt;+liga;+pnum;+lnum;mapping=tex-text;"
(fontspec)             -  (l/scit) with NFSS spec.: 
(fontspec)             - (mb/n) with NFSS spec.:
(fontspec)             <->s*[1]"[Lato-Medium.ttf]/OT:script=latn;language=dflt;
+liga;+pnum;+lnum;mapping=tex-text;"
(fontspec)             -  (mb/sc) with NFSS spec.: 
(fontspec)             - (mb/it) with NFSS spec.:
(fontspec)             <->s*[1]"[Lato-MediumItalic.ttf]/OT:script=latn;language
=dflt;+liga;+pnum;+lnum;mapping=tex-text;"
(fontspec)             -  (mb/scit) with NFSS spec.: 
(fontspec)             - (sb/n) with NFSS spec.:
(fontspec)             <->s*[1]"[Lato-Semibold.ttf]/OT:script=latn;language=dfl
t;+liga;+pnum;+lnum;mapping=tex-text;"
(fontspec)             -  (sb/sc) with NFSS spec.: 
(fontspec)             - (sb/it) with NFSS spec.:
(fontspec)             <->s*[1]"[Lato-SemiboldItalic.ttf]/OT:script=latn;langua
ge=dflt;+liga;+pnum;+lnum;mapping=tex-text;"
(fontspec)             -  (sb/scit) with NFSS spec.: 
(fontspec)             - 'bold' (b/n) with NFSS spec.:
(fontspec)             <->s*[1]"[Lato-Bold.ttf]/OT:script=latn;language=dflt;+l
iga;+pnum;+lnum;mapping=tex-text;"
(fontspec)             - 'bold small caps'  (b/sc) with NFSS spec.: 
(fontspec)             - 'bold italic' (b/it) with NFSS spec.:
(fontspec)             <->s*[1]"[Lato-BoldItalic.ttf]/OT:script=latn;language=d
flt;+liga;+pnum;+lnum;mapping=tex-text;"
(fontspec)             - 'bold italic small caps'  (b/scit) with NFSS spec.: 
(fontspec)             - (eb/n) with NFSS spec.:
(fontspec)             <->s*[1]"[Lato-Heavy.ttf]/OT:script=latn;language=dflt;+
liga;+pnum;+lnum;mapping=tex-text;"
(fontspec)             -  (eb/sc) with NFSS spec.: 
(fontspec)             - (eb/it) with NFSS spec.:
(fontspec)             <->s*[1]"[Lato-HeavyItalic.ttf]/OT:script=latn;language=
dflt;+liga;+pnum;+lnum;mapping=tex-text;"
(fontspec)             -  (eb/scit) with NFSS spec.: 
(fontspec)             - (ub/n) with NFSS spec.:
(fontspec)             <->s*[1]"[Lato-Black.ttf]/OT:script=latn;language=dflt;+
liga;+pnum;+lnum;mapping=tex-text;"
(fontspec)             -  (ub/sc) with NFSS spec.: 
(fontspec)             - (ub/it) with NFSS spec.:
(fontspec)             <->s*[1]"[Lato-BlackItalic.ttf]/OT:script=latn;language=
dflt;+liga;+pnum;+lnum;mapping=tex-text;"
(fontspec)             -  (ub/scit) with NFSS spec.: 
(fontspec)             - 'normal' (m/n) with NFSS spec.:
(fontspec)             <->s*[1]"[Lato-Regular.ttf]/OT:script=latn;language=dflt
;+liga;+pnum;+lnum;mapping=tex-text;"
(fontspec)             - 'small caps'  (m/sc) with NFSS spec.: 
(fontspec)             - 'italic' (m/it) with NFSS spec.:
(fontspec)             <->s*[1]"[Lato-Italic.ttf]/OT:script=latn;language=dflt;
+liga;+pnum;+lnum;mapping=tex-text;"
(fontspec)             - 'italic small caps'  (m/scit) with NFSS spec.: 


Package fontspec Info: Font family 'lato-TOsF' created for font 'Lato' with
(fontspec)             options
(fontspec)             [Extension=.ttf,Ligatures={TeX,Common},Scale=1,FontFace=
{ul}{n}{*-Hairline},FontFace={ul}{it}{*-HairlineItalic},FontFace={el}{n}{*-Thin
},FontFace={el}{it}{*-ThinItalic},FontFace={l}{n}{*-Light},FontFace={l}{it}{*-L
ightItalic},UprightFont={*-Regular},ItalicFont={*-Italic},FontFace={mb}{n}{*-Me
dium},FontFace={mb}{it}{*-MediumItalic},FontFace={sb}{n}{*-Semibold},FontFace={
sb}{it}{*-SemiboldItalic},FontFace={b}{n}{*-Bold},FontFace={b}{it}{*-BoldItalic
},BoldFont={*-Bold},BoldItalicFont={*-BoldItalic},FontFace={eb}{n}{*-Heavy},Fon
tFace={eb}{it}{*-HeavyItalic},FontFace={ub}{n}{*-Black},FontFace={ub}{it}{*-Bla
ckItalic},Numbers={Monospaced,OldStyle},NFSSFamily=lato-TOsF].
(fontspec)              
(fontspec)              This font family consists of the following NFSS
(fontspec)             series/shapes:
(fontspec)              
(fontspec)             - (ul/n) with NFSS spec.:
(fontspec)             <->s*[1]"[Lato-Hairline.ttf]/OT:script=latn;language=dfl
t;+liga;+tnum;+onum;mapping=tex-text;"
(fontspec)             -  (ul/sc) with NFSS spec.: 
(fontspec)             - (ul/it) with NFSS spec.:
(fontspec)             <->s*[1]"[Lato-HairlineItalic.ttf]/OT:script=latn;langua
ge=dflt;+liga;+tnum;+onum;mapping=tex-text;"
(fontspec)             -  (ul/scit) with NFSS spec.: 
(fontspec)             - (el/n) with NFSS spec.:
(fontspec)             <->s*[1]"[Lato-Thin.ttf]/OT:script=latn;language=dflt;+l
iga;+tnum;+onum;mapping=tex-text;"
(fontspec)             -  (el/sc) with NFSS spec.: 
(fontspec)             - (el/it) with NFSS spec.:
(fontspec)             <->s*[1]"[Lato-ThinItalic.ttf]/OT:script=latn;language=d
flt;+liga;+tnum;+onum;mapping=tex-text;"
(fontspec)             -  (el/scit) with NFSS spec.: 
(fontspec)             - (l/n) with NFSS spec.:
(fontspec)             <->s*[1]"[Lato-Light.ttf]/OT:script=latn;language=dflt;+
liga;+tnum;+onum;mapping=tex-text;"
(fontspec)             -  (l/sc) with NFSS spec.: 
(fontspec)             - (l/it) with NFSS spec.:
(fontspec)             <->s*[1]"[Lato-LightItalic.ttf]/OT:script=latn;language=
dflt;+liga;+tnum;+onum;mapping=tex-text;"
(fontspec)             -  (l/scit) with NFSS spec.: 
(fontspec)             - (mb/n) with NFSS spec.:
(fontspec)             <->s*[1]"[Lato-Medium.ttf]/OT:script=latn;language=dflt;
+liga;+tnum;+onum;mapping=tex-text;"
(fontspec)             -  (mb/sc) with NFSS spec.: 
(fontspec)             - (mb/it) with NFSS spec.:
(fontspec)             <->s*[1]"[Lato-MediumItalic.ttf]/OT:script=latn;language
=dflt;+liga;+tnum;+onum;mapping=tex-text;"
(fontspec)             -  (mb/scit) with NFSS spec.: 
(fontspec)             - (sb/n) with NFSS spec.:
(fontspec)             <->s*[1]"[Lato-Semibold.ttf]/OT:script=latn;language=dfl
t;+liga;+tnum;+onum;mapping=tex-text;"
(fontspec)             -  (sb/sc) with NFSS spec.: 
(fontspec)             - (sb/it) with NFSS spec.:
(fontspec)             <->s*[1]"[Lato-SemiboldItalic.ttf]/OT:script=latn;langua
ge=dflt;+liga;+tnum;+onum;mapping=tex-text;"
(fontspec)             -  (sb/scit) with NFSS spec.: 
(fontspec)             - 'bold' (b/n) with NFSS spec.:
(fontspec)             <->s*[1]"[Lato-Bold.ttf]/OT:script=latn;language=dflt;+l
iga;+tnum;+onum;mapping=tex-text;"
(fontspec)             - 'bold small caps'  (b/sc) with NFSS spec.: 
(fontspec)             - 'bold italic' (b/it) with NFSS spec.:
(fontspec)             <->s*[1]"[Lato-BoldItalic.ttf]/OT:script=latn;language=d
flt;+liga;+tnum;+onum;mapping=tex-text;"
(fontspec)             - 'bold italic small caps'  (b/scit) with NFSS spec.: 
(fontspec)             - (eb/n) with NFSS spec.:
(fontspec)             <->s*[1]"[Lato-Heavy.ttf]/OT:script=latn;language=dflt;+
liga;+tnum;+onum;mapping=tex-text;"
(fontspec)             -  (eb/sc) with NFSS spec.: 
(fontspec)             - (eb/it) with NFSS spec.:
(fontspec)             <->s*[1]"[Lato-HeavyItalic.ttf]/OT:script=latn;language=
dflt;+liga;+tnum;+onum;mapping=tex-text;"
(fontspec)             -  (eb/scit) with NFSS spec.: 
(fontspec)             - (ub/n) with NFSS spec.:
(fontspec)             <->s*[1]"[Lato-Black.ttf]/OT:script=latn;language=dflt;+
liga;+tnum;+onum;mapping=tex-text;"
(fontspec)             -  (ub/sc) with NFSS spec.: 
(fontspec)             - (ub/it) with NFSS spec.:
(fontspec)             <->s*[1]"[Lato-BlackItalic.ttf]/OT:script=latn;language=
dflt;+liga;+tnum;+onum;mapping=tex-text;"
(fontspec)             -  (ub/scit) with NFSS spec.: 
(fontspec)             - 'normal' (m/n) with NFSS spec.:
(fontspec)             <->s*[1]"[Lato-Regular.ttf]/OT:script=latn;language=dflt
;+liga;+tnum;+onum;mapping=tex-text;"
(fontspec)             - 'small caps'  (m/sc) with NFSS spec.: 
(fontspec)             - 'italic' (m/it) with NFSS spec.:
(fontspec)             <->s*[1]"[Lato-Italic.ttf]/OT:script=latn;language=dflt;
+liga;+tnum;+onum;mapping=tex-text;"
(fontspec)             - 'italic small caps'  (m/scit) with NFSS spec.: 


Package fontspec Info: Font family 'lato-OsF' created for font 'Lato' with
(fontspec)             options
(fontspec)             [Extension=.ttf,Ligatures={TeX,Common},Scale=1,FontFace=
{ul}{n}{*-Hairline},FontFace={ul}{it}{*-HairlineItalic},FontFace={el}{n}{*-Thin
},FontFace={el}{it}{*-ThinItalic},FontFace={l}{n}{*-Light},FontFace={l}{it}{*-L
ightItalic},UprightFont={*-Regular},ItalicFont={*-Italic},FontFace={mb}{n}{*-Me
dium},FontFace={mb}{it}{*-MediumItalic},FontFace={sb}{n}{*-Semibold},FontFace={
sb}{it}{*-SemiboldItalic},FontFace={b}{n}{*-Bold},FontFace={b}{it}{*-BoldItalic
},BoldFont={*-Bold},BoldItalicFont={*-BoldItalic},FontFace={eb}{n}{*-Heavy},Fon
tFace={eb}{it}{*-HeavyItalic},FontFace={ub}{n}{*-Black},FontFace={ub}{it}{*-Bla
ckItalic},Numbers={Proportional,OldStyle},NFSSFamily=lato-OsF].
(fontspec)              
(fontspec)              This font family consists of the following NFSS
(fontspec)             series/shapes:
(fontspec)              
(fontspec)             - (ul/n) with NFSS spec.:
(fontspec)             <->s*[1]"[Lato-Hairline.ttf]/OT:script=latn;language=dfl
t;+liga;+pnum;+onum;mapping=tex-text;"
(fontspec)             -  (ul/sc) with NFSS spec.: 
(fontspec)             - (ul/it) with NFSS spec.:
(fontspec)             <->s*[1]"[Lato-HairlineItalic.ttf]/OT:script=latn;langua
ge=dflt;+liga;+pnum;+onum;mapping=tex-text;"
(fontspec)             -  (ul/scit) with NFSS spec.: 
(fontspec)             - (el/n) with NFSS spec.:
(fontspec)             <->s*[1]"[Lato-Thin.ttf]/OT:script=latn;language=dflt;+l
iga;+pnum;+onum;mapping=tex-text;"
(fontspec)             -  (el/sc) with NFSS spec.: 
(fontspec)             - (el/it) with NFSS spec.:
(fontspec)             <->s*[1]"[Lato-ThinItalic.ttf]/OT:script=latn;language=d
flt;+liga;+pnum;+onum;mapping=tex-text;"
(fontspec)             -  (el/scit) with NFSS spec.: 
(fontspec)             - (l/n) with NFSS spec.:
(fontspec)             <->s*[1]"[Lato-Light.ttf]/OT:script=latn;language=dflt;+
liga;+pnum;+onum;mapping=tex-text;"
(fontspec)             -  (l/sc) with NFSS spec.: 
(fontspec)             - (l/it) with NFSS spec.:
(fontspec)             <->s*[1]"[Lato-LightItalic.ttf]/OT:script=latn;language=
dflt;+liga;+pnum;+onum;mapping=tex-text;"
(fontspec)             -  (l/scit) with NFSS spec.: 
(fontspec)             - (mb/n) with NFSS spec.:
(fontspec)             <->s*[1]"[Lato-Medium.ttf]/OT:script=latn;language=dflt;
+liga;+pnum;+onum;mapping=tex-text;"
(fontspec)             -  (mb/sc) with NFSS spec.: 
(fontspec)             - (mb/it) with NFSS spec.:
(fontspec)             <->s*[1]"[Lato-MediumItalic.ttf]/OT:script=latn;language
=dflt;+liga;+pnum;+onum;mapping=tex-text;"
(fontspec)             -  (mb/scit) with NFSS spec.: 
(fontspec)             - (sb/n) with NFSS spec.:
(fontspec)             <->s*[1]"[Lato-Semibold.ttf]/OT:script=latn;language=dfl
t;+liga;+pnum;+onum;mapping=tex-text;"
(fontspec)             -  (sb/sc) with NFSS spec.: 
(fontspec)             - (sb/it) with NFSS spec.:
(fontspec)             <->s*[1]"[Lato-SemiboldItalic.ttf]/OT:script=latn;langua
ge=dflt;+liga;+pnum;+onum;mapping=tex-text;"
(fontspec)             -  (sb/scit) with NFSS spec.: 
(fontspec)             - 'bold' (b/n) with NFSS spec.:
(fontspec)             <->s*[1]"[Lato-Bold.ttf]/OT:script=latn;language=dflt;+l
iga;+pnum;+onum;mapping=tex-text;"
(fontspec)             - 'bold small caps'  (b/sc) with NFSS spec.: 
(fontspec)             - 'bold italic' (b/it) with NFSS spec.:
(fontspec)             <->s*[1]"[Lato-BoldItalic.ttf]/OT:script=latn;language=d
flt;+liga;+pnum;+onum;mapping=tex-text;"
(fontspec)             - 'bold italic small caps'  (b/scit) with NFSS spec.: 
(fontspec)             - (eb/n) with NFSS spec.:
(fontspec)             <->s*[1]"[Lato-Heavy.ttf]/OT:script=latn;language=dflt;+
liga;+pnum;+onum;mapping=tex-text;"
(fontspec)             -  (eb/sc) with NFSS spec.: 
(fontspec)             - (eb/it) with NFSS spec.:
(fontspec)             <->s*[1]"[Lato-HeavyItalic.ttf]/OT:script=latn;language=
dflt;+liga;+pnum;+onum;mapping=tex-text;"
(fontspec)             -  (eb/scit) with NFSS spec.: 
(fontspec)             - (ub/n) with NFSS spec.:
(fontspec)             <->s*[1]"[Lato-Black.ttf]/OT:script=latn;language=dflt;+
liga;+pnum;+onum;mapping=tex-text;"
(fontspec)             -  (ub/sc) with NFSS spec.: 
(fontspec)             - (ub/it) with NFSS spec.:
(fontspec)             <->s*[1]"[Lato-BlackItalic.ttf]/OT:script=latn;language=
dflt;+liga;+pnum;+onum;mapping=tex-text;"
(fontspec)             -  (ub/scit) with NFSS spec.: 
(fontspec)             - 'normal' (m/n) with NFSS spec.:
(fontspec)             <->s*[1]"[Lato-Regular.ttf]/OT:script=latn;language=dflt
;+liga;+pnum;+onum;mapping=tex-text;"
(fontspec)             - 'small caps'  (m/sc) with NFSS spec.: 
(fontspec)             - 'italic' (m/it) with NFSS spec.:
(fontspec)             <->s*[1]"[Lato-Italic.ttf]/OT:script=latn;language=dflt;
+liga;+pnum;+onum;mapping=tex-text;"
(fontspec)             - 'italic small caps'  (m/scit) with NFSS spec.: 


Package fontspec Info: Font family 'fla' created for font 'Lato' with options
(fontspec)             [Extension=.ttf,Ligatures={TeX,Common},Scale=1,FontFace=
{ul}{n}{*-Hairline},FontFace={ul}{it}{*-HairlineItalic},FontFace={el}{n}{*-Thin
},FontFace={el}{it}{*-ThinItalic},FontFace={l}{n}{*-Light},FontFace={l}{it}{*-L
ightItalic},UprightFont={*-Regular},ItalicFont={*-Italic},FontFace={mb}{n}{*-Me
dium},FontFace={mb}{it}{*-MediumItalic},FontFace={sb}{n}{*-Semibold},FontFace={
sb}{it}{*-SemiboldItalic},FontFace={b}{n}{*-Bold},FontFace={b}{it}{*-BoldItalic
},BoldFont={*-Bold},BoldItalicFont={*-BoldItalic},FontFace={eb}{n}{*-Heavy},Fon
tFace={eb}{it}{*-HeavyItalic},FontFace={ub}{n}{*-Black},FontFace={ub}{it}{*-Bla
ckItalic},Numbers={Monospaced,Lining},NFSSFamily=fla].
(fontspec)              
(fontspec)              This font family consists of the following NFSS
(fontspec)             series/shapes:
(fontspec)              
(fontspec)             - (ul/n) with NFSS spec.:
(fontspec)             <->s*[1]"[Lato-Hairline.ttf]/OT:script=latn;language=dfl
t;+liga;+tnum;+lnum;mapping=tex-text;"
(fontspec)             -  (ul/sc) with NFSS spec.: 
(fontspec)             - (ul/it) with NFSS spec.:
(fontspec)             <->s*[1]"[Lato-HairlineItalic.ttf]/OT:script=latn;langua
ge=dflt;+liga;+tnum;+lnum;mapping=tex-text;"
(fontspec)             -  (ul/scit) with NFSS spec.: 
(fontspec)             - (el/n) with NFSS spec.:
(fontspec)             <->s*[1]"[Lato-Thin.ttf]/OT:script=latn;language=dflt;+l
iga;+tnum;+lnum;mapping=tex-text;"
(fontspec)             -  (el/sc) with NFSS spec.: 
(fontspec)             - (el/it) with NFSS spec.:
(fontspec)             <->s*[1]"[Lato-ThinItalic.ttf]/OT:script=latn;language=d
flt;+liga;+tnum;+lnum;mapping=tex-text;"
(fontspec)             -  (el/scit) with NFSS spec.: 
(fontspec)             - (l/n) with NFSS spec.:
(fontspec)             <->s*[1]"[Lato-Light.ttf]/OT:script=latn;language=dflt;+
liga;+tnum;+lnum;mapping=tex-text;"
(fontspec)             -  (l/sc) with NFSS spec.: 
(fontspec)             - (l/it) with NFSS spec.:
(fontspec)             <->s*[1]"[Lato-LightItalic.ttf]/OT:script=latn;language=
dflt;+liga;+tnum;+lnum;mapping=tex-text;"
(fontspec)             -  (l/scit) with NFSS spec.: 
(fontspec)             - (mb/n) with NFSS spec.:
(fontspec)             <->s*[1]"[Lato-Medium.ttf]/OT:script=latn;language=dflt;
+liga;+tnum;+lnum;mapping=tex-text;"
(fontspec)             -  (mb/sc) with NFSS spec.: 
(fontspec)             - (mb/it) with NFSS spec.:
(fontspec)             <->s*[1]"[Lato-MediumItalic.ttf]/OT:script=latn;language
=dflt;+liga;+tnum;+lnum;mapping=tex-text;"
(fontspec)             -  (mb/scit) with NFSS spec.: 
(fontspec)             - (sb/n) with NFSS spec.:
(fontspec)             <->s*[1]"[Lato-Semibold.ttf]/OT:script=latn;language=dfl
t;+liga;+tnum;+lnum;mapping=tex-text;"
(fontspec)             -  (sb/sc) with NFSS spec.: 
(fontspec)             - (sb/it) with NFSS spec.:
(fontspec)             <->s*[1]"[Lato-SemiboldItalic.ttf]/OT:script=latn;langua
ge=dflt;+liga;+tnum;+lnum;mapping=tex-text;"
(fontspec)             -  (sb/scit) with NFSS spec.: 
(fontspec)             - 'bold' (b/n) with NFSS spec.:
(fontspec)             <->s*[1]"[Lato-Bold.ttf]/OT:script=latn;language=dflt;+l
iga;+tnum;+lnum;mapping=tex-text;"
(fontspec)             - 'bold small caps'  (b/sc) with NFSS spec.: 
(fontspec)             - 'bold italic' (b/it) with NFSS spec.:
(fontspec)             <->s*[1]"[Lato-BoldItalic.ttf]/OT:script=latn;language=d
flt;+liga;+tnum;+lnum;mapping=tex-text;"
(fontspec)             - 'bold italic small caps'  (b/scit) with NFSS spec.: 
(fontspec)             - (eb/n) with NFSS spec.:
(fontspec)             <->s*[1]"[Lato-Heavy.ttf]/OT:script=latn;language=dflt;+
liga;+tnum;+lnum;mapping=tex-text;"
(fontspec)             -  (eb/sc) with NFSS spec.: 
(fontspec)             - (eb/it) with NFSS spec.:
(fontspec)             <->s*[1]"[Lato-HeavyItalic.ttf]/OT:script=latn;language=
dflt;+liga;+tnum;+lnum;mapping=tex-text;"
(fontspec)             -  (eb/scit) with NFSS spec.: 
(fontspec)             - (ub/n) with NFSS spec.:
(fontspec)             <->s*[1]"[Lato-Black.ttf]/OT:script=latn;language=dflt;+
liga;+tnum;+lnum;mapping=tex-text;"
(fontspec)             -  (ub/sc) with NFSS spec.: 
(fontspec)             - (ub/it) with NFSS spec.:
(fontspec)             <->s*[1]"[Lato-BlackItalic.ttf]/OT:script=latn;language=
dflt;+liga;+tnum;+lnum;mapping=tex-text;"
(fontspec)             -  (ub/scit) with NFSS spec.: 
(fontspec)             - 'normal' (m/n) with NFSS spec.:
(fontspec)             <->s*[1]"[Lato-Regular.ttf]/OT:script=latn;language=dflt
;+liga;+tnum;+lnum;mapping=tex-text;"
(fontspec)             - 'small caps'  (m/sc) with NFSS spec.: 
(fontspec)             - 'italic' (m/it) with NFSS spec.:
(fontspec)             <->s*[1]"[Lato-Italic.ttf]/OT:script=latn;language=dflt;
+liga;+tnum;+lnum;mapping=tex-text;"
(fontspec)             - 'italic small caps'  (m/scit) with NFSS spec.: 


Package fontspec Info: Font family 'Lato(0)' created for font 'Lato' with
(fontspec)             options
(fontspec)             [Ligatures=TeX,Extension=.ttf,Ligatures={TeX,Common},Sca
le=1,FontFace={ul}{n}{*-Hairline},FontFace={ul}{it}{*-HairlineItalic},FontFace=
{el}{n}{*-Thin},FontFace={el}{it}{*-ThinItalic},FontFace={l}{n}{*-Light},FontFa
ce={l}{it}{*-LightItalic},UprightFont={*-Regular},ItalicFont={*-Italic},FontFac
e={mb}{n}{*-Medium},FontFace={mb}{it}{*-MediumItalic},FontFace={sb}{n}{*-Semibo
ld},FontFace={sb}{it}{*-SemiboldItalic},FontFace={b}{n}{*-Bold},FontFace={b}{it
}{*-BoldItalic},BoldFont={*-Bold},BoldItalicFont={*-BoldItalic},FontFace={eb}{n
}{*-Heavy},FontFace={eb}{it}{*-HeavyItalic},FontFace={ub}{n}{*-Black},FontFace=
{ub}{it}{*-BlackItalic},Numbers={Monospaced,Lining}].
(fontspec)              
(fontspec)              This font family consists of the following NFSS
(fontspec)             series/shapes:
(fontspec)              
(fontspec)             - (ul/n) with NFSS spec.:
(fontspec)             <->s*[1]"[Lato-Hairline.ttf]/OT:script=latn;language=dfl
t;+liga;+tnum;+lnum;mapping=tex-text;"
(fontspec)             -  (ul/sc) with NFSS spec.: 
(fontspec)             - (ul/it) with NFSS spec.:
(fontspec)             <->s*[1]"[Lato-HairlineItalic.ttf]/OT:script=latn;langua
ge=dflt;+liga;+tnum;+lnum;mapping=tex-text;"
(fontspec)             -  (ul/scit) with NFSS spec.: 
(fontspec)             - (el/n) with NFSS spec.:
(fontspec)             <->s*[1]"[Lato-Thin.ttf]/OT:script=latn;language=dflt;+l
iga;+tnum;+lnum;mapping=tex-text;"
(fontspec)             -  (el/sc) with NFSS spec.: 
(fontspec)             - (el/it) with NFSS spec.:
(fontspec)             <->s*[1]"[Lato-ThinItalic.ttf]/OT:script=latn;language=d
flt;+liga;+tnum;+lnum;mapping=tex-text;"
(fontspec)             -  (el/scit) with NFSS spec.: 
(fontspec)             - (l/n) with NFSS spec.:
(fontspec)             <->s*[1]"[Lato-Light.ttf]/OT:script=latn;language=dflt;+
liga;+tnum;+lnum;mapping=tex-text;"
(fontspec)             -  (l/sc) with NFSS spec.: 
(fontspec)             - (l/it) with NFSS spec.:
(fontspec)             <->s*[1]"[Lato-LightItalic.ttf]/OT:script=latn;language=
dflt;+liga;+tnum;+lnum;mapping=tex-text;"
(fontspec)             -  (l/scit) with NFSS spec.: 
(fontspec)             - (mb/n) with NFSS spec.:
(fontspec)             <->s*[1]"[Lato-Medium.ttf]/OT:script=latn;language=dflt;
+liga;+tnum;+lnum;mapping=tex-text;"
(fontspec)             -  (mb/sc) with NFSS spec.: 
(fontspec)             - (mb/it) with NFSS spec.:
(fontspec)             <->s*[1]"[Lato-MediumItalic.ttf]/OT:script=latn;language
=dflt;+liga;+tnum;+lnum;mapping=tex-text;"
(fontspec)             -  (mb/scit) with NFSS spec.: 
(fontspec)             - (sb/n) with NFSS spec.:
(fontspec)             <->s*[1]"[Lato-Semibold.ttf]/OT:script=latn;language=dfl
t;+liga;+tnum;+lnum;mapping=tex-text;"
(fontspec)             -  (sb/sc) with NFSS spec.: 
(fontspec)             - (sb/it) with NFSS spec.:
(fontspec)             <->s*[1]"[Lato-SemiboldItalic.ttf]/OT:script=latn;langua
ge=dflt;+liga;+tnum;+lnum;mapping=tex-text;"
(fontspec)             -  (sb/scit) with NFSS spec.: 
(fontspec)             - 'bold' (b/n) with NFSS spec.:
(fontspec)             <->s*[1]"[Lato-Bold.ttf]/OT:script=latn;language=dflt;+l
iga;+tnum;+lnum;mapping=tex-text;"
(fontspec)             - 'bold small caps'  (b/sc) with NFSS spec.: 
(fontspec)             - 'bold italic' (b/it) with NFSS spec.:
(fontspec)             <->s*[1]"[Lato-BoldItalic.ttf]/OT:script=latn;language=d
flt;+liga;+tnum;+lnum;mapping=tex-text;"
(fontspec)             - 'bold italic small caps'  (b/scit) with NFSS spec.: 
(fontspec)             - (eb/n) with NFSS spec.:
(fontspec)             <->s*[1]"[Lato-Heavy.ttf]/OT:script=latn;language=dflt;+
liga;+tnum;+lnum;mapping=tex-text;"
(fontspec)             -  (eb/sc) with NFSS spec.: 
(fontspec)             - (eb/it) with NFSS spec.:
(fontspec)             <->s*[1]"[Lato-HeavyItalic.ttf]/OT:script=latn;language=
dflt;+liga;+tnum;+lnum;mapping=tex-text;"
(fontspec)             -  (eb/scit) with NFSS spec.: 
(fontspec)             - (ub/n) with NFSS spec.:
(fontspec)             <->s*[1]"[Lato-Black.ttf]/OT:script=latn;language=dflt;+
liga;+tnum;+lnum;mapping=tex-text;"
(fontspec)             -  (ub/sc) with NFSS spec.: 
(fontspec)             - (ub/it) with NFSS spec.:
(fontspec)             <->s*[1]"[Lato-BlackItalic.ttf]/OT:script=latn;language=
dflt;+liga;+tnum;+lnum;mapping=tex-text;"
(fontspec)             -  (ub/scit) with NFSS spec.: 
(fontspec)             - 'normal' (m/n) with NFSS spec.:
(fontspec)             <->s*[1]"[Lato-Regular.ttf]/OT:script=latn;language=dflt
;+liga;+tnum;+lnum;mapping=tex-text;"
(fontspec)             - 'small caps'  (m/sc) with NFSS spec.: 
(fontspec)             - 'italic' (m/it) with NFSS spec.:
(fontspec)             <->s*[1]"[Lato-Italic.ttf]/OT:script=latn;language=dflt;
+liga;+tnum;+lnum;mapping=tex-text;"
(fontspec)             - 'italic small caps'  (m/scit) with NFSS spec.: 

LaTeX Font Info:    Font shape `TU/Lato(0)/m/n' will be
(Font)              scaled to size 10.0pt on input line 156.
Requested font "[Lato-Regular.ttf]/OT:script=latn;language=dflt;+liga;+tnum;+ln
um;mapping=tex-text;" at 10.0pt
 -> Lato-Regular.ttf
) (babel.sty
Package: babel 2022/02/26 3.73 The Babel package
\babel@savecnt=\count274
\U@D=\dimen142
\l@unhyphenated=\language87
 (xebabel.def (txtbabel.def))
\bbl@readstream=\read2
\bbl@dirlevel=\count275
 (english.ldf
Language: english 2017/06/06 v3.3r English support from the babel system
Package babel Info: Hyphen rules for 'canadian' set to \l@english
(babel)             (\language0). Reported on input line 102.
Package babel Info: Hyphen rules for 'australian' set to \l@ukenglish
(babel)             (\language21). Reported on input line 105.
Package babel Info: Hyphen rules for 'newzealand' set to \l@ukenglish
(babel)             (\language21). Reported on input line 108.
))
(geometry.sty
Package: geometry 2020/01/02 v5.9 Page Geometry
 (ifvtex.sty
Package: ifvtex 2019/10/25 v1.7 ifvtex legacy package. Use iftex instead.
)
\Gm@cnth=\count276
\Gm@cntv=\count277
\c@Gm@tempcnt=\count278
\Gm@bindingoffset=\dimen143
\Gm@wd@mp=\dimen144
\Gm@odd@mp=\dimen145
\Gm@even@mp=\dimen146
\Gm@layoutwidth=\dimen147
\Gm@layoutheight=\dimen148
\Gm@layouthoffset=\dimen149
\Gm@layoutvoffset=\dimen150
\Gm@dimlist=\toks20
) (graphicx.sty
Package: graphicx 2021/09/16 v1.2d Enhanced LaTeX Graphics (DPC,SPQR)
 (graphics.sty
Package: graphics 2021/03/04 v1.4d Standard LaTeX Graphics (DPC,SPQR)
 (trig.sty
Package: trig 2021/08/11 v1.11 sin cos tan (DPC)
)
(graphics.cfg
File: graphics.cfg 2016/06/04 v1.11 sample graphics configuration
)
Package graphics Info: Driver file: xetex.def on input line 107.
 (xetex.def
File: xetex.def 2021/03/18 v5.0k Graphics/color driver for xetex
))
\Gin@req@height=\dimen151
\Gin@req@width=\dimen152
) (booktabs.sty
Package: booktabs 2020/01/12 v1.61803398 Publication quality tables
\heavyrulewidth=\dimen153
\lightrulewidth=\dimen154
\cmidrulewidth=\dimen155
\belowrulesep=\dimen156
\belowbottomsep=\dimen157
\aboverulesep=\dimen158
\abovetopsep=\dimen159
\cmidrulesep=\dimen160
\cmidrulekern=\dimen161
\defaultaddspace=\dimen162
\@cmidla=\count279
\@cmidlb=\count280
\@aboverulesep=\dimen163
\@belowrulesep=\dimen164
\@thisruleclass=\count281
\@lastruleclass=\count282
\@thisrulewidth=\dimen165
) (array.sty
Package: array 2021/10/04 v2.5f Tabular extension package (FMi)
\col@sep=\dimen166
\ar@mcellbox=\box51
\extrarowheight=\dimen167
\NC@list=\toks21
\extratabsurround=\skip49
\backup@length=\skip50
\ar@cellbox=\box52
) (tabularx.sty
Package: tabularx 2020/01/15 v2.11c `tabularx' package (DPC)
\TX@col@width=\dimen168
\TX@old@table=\dimen169
\TX@old@col=\dimen170
\TX@target=\dimen171
\TX@delta=\dimen172
\TX@cols=\count283
\TX@ftn=\toks22
)
(amsmath.sty
Package: amsmath 2021/10/15 v2.17l AMS math features
\@mathmargin=\skip51

For additional information on amsmath, use the `?' option.
(amstext.sty
Package: amstext 2021/08/26 v2.01 AMS text
 (amsgen.sty
File: amsgen.sty 1999/11/30 v2.0 generic functions
\@emptytoks=\toks23
\ex@=\dimen173
)) (amsbsy.sty
Package: amsbsy 1999/11/29 v1.2d Bold Symbols
\pmbraise@=\dimen174
) (amsopn.sty
Package: amsopn 2021/08/26 v2.02 operator names
)
\inf@bad=\count284
LaTeX Info: Redefining \frac on input line 234.
\uproot@=\count285
\leftroot@=\count286
LaTeX Info: Redefining \overline on input line 399.
\classnum@=\count287
\DOTSCASE@=\count288
LaTeX Info: Redefining \ldots on input line 496.
LaTeX Info: Redefining \dots on input line 499.
LaTeX Info: Redefining \cdots on input line 620.
\Mathstrutbox@=\box53
\strutbox@=\box54
\big@size=\dimen175
LaTeX Font Info:    Redeclaring font encoding OML on input line 743.
LaTeX Font Info:    Redeclaring font encoding OMS on input line 744.
\macc@depth=\count289
\c@MaxMatrixCols=\count290
\dotsspace@=\muskip16
\c@parentequation=\count291
\dspbrk@lvl=\count292
\tag@help=\toks24
\row@=\count293
\column@=\count294
\maxfields@=\count295
\andhelp@=\toks25
\eqnshift@=\dimen176
\alignsep@=\dimen177
\tagshift@=\dimen178
\tagwidth@=\dimen179
\totwidth@=\dimen180
\lineht@=\dimen181
\@envbody=\toks26
\multlinegap=\skip52
\multlinetaggap=\skip53
\mathdisplay@stack=\toks27
LaTeX Info: Redefining \[ on input line 2938.
LaTeX Info: Redefining \] on input line 2939.
) (amssymb.sty
Package: amssymb 2013/01/14 v3.01 AMS font symbols

(amsfonts.sty
Package: amsfonts 2013/01/14 v3.01 Basic AMSFonts support
\symAMSa=\mathgroup4
\symAMSb=\mathgroup5
LaTeX Font Info:    Redeclaring math symbol \hbar on input line 98.
LaTeX Font Info:    Overwriting math alphabet `\mathfrak' in version `bold'
(Font)                  U/euf/m/n --> U/euf/b/n on input line 106.
)) (siunitx.sty
Package: siunitx 2022-02-15 v3.0.49 A comprehensive (SI) units package
\l__siunitx_angle_tmp_dim=\dimen182
\l__siunitx_angle_marker_box=\box55
\l__siunitx_angle_unit_box=\box56
\l__siunitx_compound_count_int=\count296
 (translations.sty
Package: translations 2022/02/05 v1.12 internationalization of LaTeX2e packages
 (CN)
 (etoolbox.sty
Package: etoolbox 2020/10/05 v2.5k e-TeX tools for LaTeX (JAW)
\etb@tempcnta=\count297
) (pdftexcmds.sty
Package: pdftexcmds 2020-06-27 v0.33 Utility functions of pdfTeX for LuaTeX (HO
)

(infwarerr.sty
Package: infwarerr 2019/12/03 v1.5 Providing info/warning/error messages (HO)
) (ltxcmds.sty
Package: ltxcmds 2020-05-10 v1.25 LaTeX kernel commands for general use (HO)
)
Package pdftexcmds Info: \pdf@primitive is available.
Package pdftexcmds Info: \pdf@ifprimitive is available.
Package pdftexcmds Info: \pdfdraftmode not found.
))
\l__siunitx_number_exponent_fixed_int=\count298
\l__siunitx_number_min_decimal_int=\count299
\l__siunitx_number_min_integer_int=\count300
\l__siunitx_number_round_precision_int=\count301
\l__siunitx_number_group_minimum_int=\count302
\l__siunitx_table_tmp_box=\box57
\l__siunitx_table_tmp_dim=\dimen183
\l__siunitx_table_column_width_dim=\dimen184
\l__siunitx_table_integer_box=\box58
\l__siunitx_table_decimal_box=\box59
\l__siunitx_table_before_box=\box60
\l__siunitx_table_after_box=\box61
\l__siunitx_table_before_dim=\dimen185
\l__siunitx_table_carry_dim=\dimen186
\l__siunitx_unit_tmp_int=\count303
\l__siunitx_unit_position_int=\count304
\l__siunitx_unit_total_int=\count305
 (l3keys2e.sty
Package: l3keys2e 2022-01-12 LaTeX2e option processing using LaTeX3 keys
)) (textcomp.sty
Package: textcomp 2020/02/02 v2.0n Standard LaTeX package
) (xcolor.sty
Package: xcolor 2021/10/31 v2.13 LaTeX color extensions (UK)

(color.cfg
File: color.cfg 2016/01/02 v1.6 sample color configuration
)
Package xcolor Info: Driver file: xetex.def on input line 227.
Package xcolor Info: Model `cmy' substituted by `cmy0' on input line 1352.
Package xcolor Info: Model `RGB' extended on input line 1368.
Package xcolor Info: Model `HTML' substituted by `rgb' on input line 1370.
Package xcolor Info: Model `Hsb' substituted by `hsb' on input line 1371.
Package xcolor Info: Model `tHsb' substituted by `hsb' on input line 1372.
Package xcolor Info: Model `HSB' substituted by `hsb' on input line 1373.
Package xcolor Info: Model `Gray' substituted by `gray' on input line 1374.
Package xcolor Info: Model `wave' substituted by `hsb' on input line 1375.
) (caption.sty
Package: caption 2022/03/01 v3.6b Customizing captions (AR)
 (caption3.sty
Package: caption3 2022/03/17 v2.3b caption3 kernel (AR)
\caption@tempdima=\dimen187
\captionmargin=\dimen188
\caption@leftmargin=\dimen189
\caption@rightmargin=\dimen190
\caption@width=\dimen191
\caption@indent=\dimen192
\caption@parindent=\dimen193
\caption@hangindent=\dimen194
Package caption Info: Standard document class detected.
)
\c@caption@flags=\count306
\c@continuedfloat=\count307
) (titlesec.sty
Package: titlesec 2021/07/05 v2.14 Sectioning titles
\ttl@box=\box62
\beforetitleunit=\skip54
\aftertitleunit=\skip55
\ttl@plus=\dimen195
\ttl@minus=\dimen196
\ttl@toksa=\toks28
\titlewidth=\dimen197
\titlewidthlast=\dimen198
\titlewidthfirst=\dimen199
) (titletoc.sty
Package: titletoc 2021/07/05 v2.14 TOC entries
\ttl@leftsep=\dimen256
)
(enumitem.sty
Package: enumitem 2019/06/20 v3.9 Customized lists
\enitkv@toks@=\toks29
\labelindent=\skip56
\enit@outerparindent=\dimen257
\enit@toks=\toks30
\enit@inbox=\box63
\enit@count@id=\count308
\enitdp@description=\count309
) (fancyhdr.sty
Package: fancyhdr 2021/01/28 v4.0.1 Extensive control of page headers and foote
rs
\f@nch@headwidth=\skip57
\f@nch@O@elh=\skip58
\f@nch@O@erh=\skip59
\f@nch@O@olh=\skip60
\f@nch@O@orh=\skip61
\f@nch@O@elf=\skip62
\f@nch@O@erf=\skip63
\f@nch@O@olf=\skip64
\f@nch@O@orf=\skip65
) (lastpage.sty
Package: lastpage 2021/09/03 v1.2n Refers to last page's name (HMM; JPG)
) (tcolorbox.sty
Package: tcolorbox 2022/01/07 version 5.0.2 text color boxes
 (pgf.sty
(pgfrcs.sty (pgfutil-common.tex
\pgfutil@everybye=\toks31
\pgfutil@tempdima=\dimen258
\pgfutil@tempdimb=\dimen259
 (pgfutil-common-lists.tex)) (pgfutil-latex.def
\pgfutil@abb=\box64
) (pgfrcs.code.tex (pgf.revision.tex)
Package: pgfrcs 2021/05/15 v3.1.9a (3.1.9a)
))
Package: pgf 2021/05/15 v3.1.9a (3.1.9a)
 (pgfcore.sty (pgfsys.sty
(pgfsys.code.tex
Package: pgfsys 2021/05/15 v3.1.9a (3.1.9a)
 (pgfkeys.code.tex
\pgfkeys@pathtoks=\toks32
\pgfkeys@temptoks=\toks33
 (pgfkeysfiltered.code.tex
\pgfkeys@tmptoks=\toks34
))
\pgf@x=\dimen260
\pgf@y=\dimen261
\pgf@xa=\dimen262
\pgf@ya=\dimen263
\pgf@xb=\dimen264
\pgf@yb=\dimen265
\pgf@xc=\dimen266
\pgf@yc=\dimen267
\pgf@xd=\dimen268
\pgf@yd=\dimen269
\w@pgf@writea=\write3
\r@pgf@reada=\read3
\c@pgf@counta=\count310
\c@pgf@countb=\count311
\c@pgf@countc=\count312
\c@pgf@countd=\count313
\t@pgf@toka=\toks35
\t@pgf@tokb=\toks36
\t@pgf@tokc=\toks37
\pgf@sys@id@count=\count314
 (pgf.cfg
File: pgf.cfg 2021/05/15 v3.1.9a (3.1.9a)
)
Driver file for pgf: pgfsys-xetex.def

(pgfsys-xetex.def
File: pgfsys-xetex.def 2021/05/15 v3.1.9a (3.1.9a)
 (pgfsys-dvipdfmx.def
File: pgfsys-dvipdfmx.def 2021/05/15 v3.1.9a (3.1.9a)
 (pgfsys-common-pdf.def
File: pgfsys-common-pdf.def 2021/05/15 v3.1.9a (3.1.9a)
)
\pgfsys@objnum=\count315
)))
(pgfsyssoftpath.code.tex
File: pgfsyssoftpath.code.tex 2021/05/15 v3.1.9a (3.1.9a)
\pgfsyssoftpath@smallbuffer@items=\count316
\pgfsyssoftpath@bigbuffer@items=\count317
) (pgfsysprotocol.code.tex
File: pgfsysprotocol.code.tex 2021/05/15 v3.1.9a (3.1.9a)
)) (pgfcore.code.tex
Package: pgfcore 2021/05/15 v3.1.9a (3.1.9a)

(pgfmath.code.tex (pgfmathcalc.code.tex (pgfmathutil.code.tex)
(pgfmathparser.code.tex
\pgfmath@dimen=\dimen270
\pgfmath@count=\count318
\pgfmath@box=\box65
\pgfmath@toks=\toks38
\pgfmath@stack@operand=\toks39
\pgfmath@stack@operation=\toks40
) (pgfmathfunctions.code.tex
(pgfmathfunctions.basic.code.tex) (pgfmathfunctions.trigonometric.code.tex)
(pgfmathfunctions.random.code.tex) (pgfmathfunctions.comparison.code.tex)
(pgfmathfunctions.base.code.tex) (pgfmathfunctions.round.code.tex)
(pgfmathfunctions.misc.code.tex) (pgfmathfunctions.integerarithmetics.code.tex)
)) (pgfmathfloat.code.tex
\c@pgfmathroundto@lastzeros=\count319
)) (pgfint.code.tex) (pgfcorepoints.code.tex
File: pgfcorepoints.code.tex 2021/05/15 v3.1.9a (3.1.9a)
\pgf@picminx=\dimen271
\pgf@picmaxx=\dimen272
\pgf@picminy=\dimen273
\pgf@picmaxy=\dimen274
\pgf@pathminx=\dimen275
\pgf@pathmaxx=\dimen276
\pgf@pathminy=\dimen277
\pgf@pathmaxy=\dimen278
\pgf@xx=\dimen279
\pgf@xy=\dimen280
\pgf@yx=\dimen281
\pgf@yy=\dimen282
\pgf@zx=\dimen283
\pgf@zy=\dimen284
)
(pgfcorepathconstruct.code.tex
File: pgfcorepathconstruct.code.tex 2021/05/15 v3.1.9a (3.1.9a)
\pgf@path@lastx=\dimen285
\pgf@path@lasty=\dimen286
) (pgfcorepathusage.code.tex
File: pgfcorepathusage.code.tex 2021/05/15 v3.1.9a (3.1.9a)
\pgf@shorten@end@additional=\dimen287
\pgf@shorten@start@additional=\dimen288
)
(pgfcorescopes.code.tex
File: pgfcorescopes.code.tex 2021/05/15 v3.1.9a (3.1.9a)
\pgfpic=\box66
\pgf@hbox=\box67
\pgf@layerbox@main=\box68
\pgf@picture@serial@count=\count320
) (pgfcoregraphicstate.code.tex
File: pgfcoregraphicstate.code.tex 2021/05/15 v3.1.9a (3.1.9a)
\pgflinewidth=\dimen289
)
(pgfcoretransformations.code.tex
File: pgfcoretransformations.code.tex 2021/05/15 v3.1.9a (3.1.9a)
\pgf@pt@x=\dimen290
\pgf@pt@y=\dimen291
\pgf@pt@temp=\dimen292
) (pgfcorequick.code.tex
File: pgfcorequick.code.tex 2021/05/15 v3.1.9a (3.1.9a)
)
(pgfcoreobjects.code.tex
File: pgfcoreobjects.code.tex 2021/05/15 v3.1.9a (3.1.9a)
) (pgfcorepathprocessing.code.tex
File: pgfcorepathprocessing.code.tex 2021/05/15 v3.1.9a (3.1.9a)
)
(pgfcorearrows.code.tex
File: pgfcorearrows.code.tex 2021/05/15 v3.1.9a (3.1.9a)
\pgfarrowsep=\dimen293
) (pgfcoreshade.code.tex
File: pgfcoreshade.code.tex 2021/05/15 v3.1.9a (3.1.9a)
\pgf@max=\dimen294
\pgf@sys@shading@range@num=\count321
\pgf@shadingcount=\count322
) (pgfcoreimage.code.tex
File: pgfcoreimage.code.tex 2021/05/15 v3.1.9a (3.1.9a)

(pgfcoreexternal.code.tex
File: pgfcoreexternal.code.tex 2021/05/15 v3.1.9a (3.1.9a)
\pgfexternal@startupbox=\box69
)) (pgfcorelayers.code.tex
File: pgfcorelayers.code.tex 2021/05/15 v3.1.9a (3.1.9a)
)
(pgfcoretransparency.code.tex
File: pgfcoretransparency.code.tex 2021/05/15 v3.1.9a (3.1.9a)
) (pgfcorepatterns.code.tex
File: pgfcorepatterns.code.tex 2021/05/15 v3.1.9a (3.1.9a)
) (pgfcorerdf.code.tex
File: pgfcorerdf.code.tex 2021/05/15 v3.1.9a (3.1.9a)
))) (pgfmoduleshapes.code.tex
File: pgfmoduleshapes.code.tex 2021/05/15 v3.1.9a (3.1.9a)
\pgfnodeparttextbox=\box70
) (pgfmoduleplot.code.tex
File: pgfmoduleplot.code.tex 2021/05/15 v3.1.9a (3.1.9a)
)
(pgfcomp-version-0-65.sty
Package: pgfcomp-version-0-65 2021/05/15 v3.1.9a (3.1.9a)
\pgf@nodesepstart=\dimen295
\pgf@nodesepend=\dimen296
) (pgfcomp-version-1-18.sty
Package: pgfcomp-version-1-18 2021/05/15 v3.1.9a (3.1.9a)
)) (verbatim.sty
Package: verbatim 2020-07-07 v1.5u LaTeX2e package for verbatim enhancements
\every@verbatim=\toks41
\verbatim@line=\toks42
\verbatim@in@stream=\read4
)
(environ.sty
Package: environ 2014/05/04 v0.3 A new way to define environments
 (trimspaces.sty
Package: trimspaces 2009/09/17 v1.1 Trim spaces around a token list
))
\tcb@titlebox=\box71
\tcb@upperbox=\box72
\tcb@lowerbox=\box73
\tcb@phantombox=\box74
\c@tcbbreakpart=\count323
\c@tcblayer=\count324
\c@tcolorbox@number=\count325
\tcb@temp=\box75
\tcb@temp=\box76
\tcb@temp=\box77
\tcb@temp=\box78
 (tcbraster.code.tex
Library (tcolorbox): 'tcbraster.code.tex' version '5.0.2'
\c@tcbrastercolumn=\count326
\c@tcbrasterrow=\count327
\c@tcbrasternum=\count328
\c@tcbraster=\count329
) (tcbskins.code.tex
Library (tcolorbox): 'tcbskins.code.tex' version '5.0.2'
(tikz.sty (pgffor.sty (pgfkeys.sty (pgfkeys.code.tex)) (pgfmath.sty
(pgfmath.code.tex)) (pgffor.code.tex
Package: pgffor 2021/05/15 v3.1.9a (3.1.9a)
 (pgfmath.code.tex)
\pgffor@iter=\dimen297
\pgffor@skip=\dimen298
\pgffor@stack=\toks43
\pgffor@toks=\toks44
)) (tikz.code.tex
Package: tikz 2021/05/15 v3.1.9a (3.1.9a)

(pgflibraryplothandlers.code.tex
File: pgflibraryplothandlers.code.tex 2021/05/15 v3.1.9a (3.1.9a)
\pgf@plot@mark@count=\count330
\pgfplotmarksize=\dimen299
)
\tikz@lastx=\dimen300
\tikz@lasty=\dimen301
\tikz@lastxsaved=\dimen302
\tikz@lastysaved=\dimen303
\tikz@lastmovetox=\dimen304
\tikz@lastmovetoy=\dimen305
\tikzleveldistance=\dimen306
\tikzsiblingdistance=\dimen307
\tikz@figbox=\box79
\tikz@figbox@bg=\box80
\tikz@tempbox=\box81
\tikz@tempbox@bg=\box82
\tikztreelevel=\count331
\tikznumberofchildren=\count332
\tikznumberofcurrentchild=\count333
\tikz@fig@count=\count334
 (pgfmodulematrix.code.tex
File: pgfmodulematrix.code.tex 2021/05/15 v3.1.9a (3.1.9a)
\pgfmatrixcurrentrow=\count335
\pgfmatrixcurrentcolumn=\count336
\pgf@matrix@numberofcolumns=\count337
)
\tikz@expandcount=\count338

(tikzlibrarytopaths.code.tex
File: tikzlibrarytopaths.code.tex 2021/05/15 v3.1.9a (3.1.9a)
)))
\tcb@waterbox=\box83
 (tcbskinsjigsaw.code.tex
Library (tcolorbox): 'tcbskinsjigsaw.code.tex' version '5.0.2'
)) (tcbbreakable.code.tex
Library (tcolorbox): 'tcbbreakable.code.tex' version '5.0.2'
(pdfcol.sty
Package: pdfcol 2019/12/29 v1.6 Handle new color stacks for pdfTeX (HO)
Package pdfcol Info: Interface disabled because of missing PDF mode of pdfTeX.
)
Package pdfcol Info: pdfTeX's color stacks are not available.
\tcb@testbox=\box84
\tcb@totalupperbox=\box85
\tcb@totallowerbox=\box86
) (tcbhooks.code.tex
Library (tcolorbox): 'tcbhooks.code.tex' version '5.0.2'
) (tcbtheorems.code.tex
Library (tcolorbox): 'tcbtheorems.code.tex' version '5.0.2'
) (tcbfitting.code.tex
Library (tcolorbox): 'tcbfitting.code.tex' version '5.0.2'
\tcbfitdim=\dimen308
\tcb@lowerfitdim=\dimen309
\tcb@upperfitdim=\dimen310
\tcb@cur@hbadness=\count339
) (tcbxparse.code.tex
Library (tcolorbox): 'tcbxparse.code.tex' version '5.0.2'
) (tcblistingsutf8.code.tex
Library (tcolorbox): 'tcblistingsutf8.code.tex' version '5.0.2'
(tcblistings.code.tex
Library (tcolorbox): 'tcblistings.code.tex' version '5.0.2'
(listings.sty
\lst@mode=\count340
\lst@gtempboxa=\box87
\lst@token=\toks45
\lst@length=\count341
\lst@currlwidth=\dimen311
\lst@column=\count342
\lst@pos=\count343
\lst@lostspace=\dimen312
\lst@width=\dimen313
\lst@newlines=\count344
\lst@lineno=\count345
\lst@maxwidth=\dimen314
 (lstmisc.sty
File: lstmisc.sty 2020/03/24 1.8d (Carsten Heinz)
\c@lstnumber=\count346
\lst@skipnumbers=\count347
\lst@framebox=\box88
) (listings.cfg
File: listings.cfg 2020/03/24 1.8d listings configuration
))
Package: listings 2020/03/24 1.8d (Carsten Heinz)
 (tcblistingscore.code.tex
Library (tcolorbox): 'tcblistingscore.code.tex' version '5.0.2'
(tcbprocessing.code.tex
Library (tcolorbox): 'tcbprocessing.code.tex' version '5.0.2'
(shellesc.sty
Package: shellesc 2019/11/08 v1.0c unified shell escape interface for LaTeX


Package shellesc Warning: Shell escape disabled on input line 73.

))
\c@tcblisting=\count348
))
Package tcolorbox Info: Library `listingsutf8' is compatible with pdftex only. 
Library `listings` is loaded instead. on input line 29.
) (tcbexternal.code.tex
Library (tcolorbox): 'tcbexternal.code.tex' version '5.0.2'
) (tcbmagazine.code.tex
Library (tcolorbox): 'tcbmagazine.code.tex' version '5.0.2'
) (tcbvignette.code.tex
Library (tcolorbox): 'tcbvignette.code.tex' version '5.0.2'
(tikzlibraryfadings.code.tex
File: tikzlibraryfadings.code.tex 2021/05/15 v3.1.9a (3.1.9a)
 (pgflibraryfadings.code.tex
File: pgflibraryfadings.code.tex 2021/05/15 v3.1.9a (3.1.9a)
))) (tcbposter.code.tex
Library (tcolorbox): 'tcbposter.code.tex' version '5.0.2'
)) (hyperref.sty
Package: hyperref 2022-02-21 v7.00n Hypertext links for LaTeX
 (kvsetkeys.sty
Package: kvsetkeys 2019/12/15 v1.18 Key value parser (HO)
) (kvdefinekeys.sty
Package: kvdefinekeys 2019-12-19 v1.6 Define keys (HO)
) (pdfescape.sty
Package: pdfescape 2019/12/09 v1.15 Implements pdfTeX's escape features (HO)
)
(hycolor.sty
Package: hycolor 2020-01-27 v1.10 Color options for hyperref/bookmark (HO)
) (letltxmacro.sty
Package: letltxmacro 2019/12/03 v1.6 Let assignment for LaTeX macros (HO)
) (auxhook.sty
Package: auxhook 2019-12-17 v1.6 Hooks for auxiliary files (HO)
) (kvoptions.sty
Package: kvoptions 2020-10-07 v3.14 Key value format for package options (HO)
)
\@linkdim=\dimen315
\Hy@linkcounter=\count349
\Hy@pagecounter=\count350
 (pd1enc.def
File: pd1enc.def 2022-02-21 v7.00n Hyperref: PDFDocEncoding definition (HO)
)
(intcalc.sty
Package: intcalc 2019/12/15 v1.3 Expandable calculations with integers (HO)
) (etexcmds.sty
Package: etexcmds 2019/12/15 v1.7 Avoid name clashes with e-TeX commands (HO)
)
\Hy@SavedSpaceFactor=\count351
 (puenc.def
File: puenc.def 2022-02-21 v7.00n Hyperref: PDF Unicode definition (HO)
)
Package hyperref Info: Hyper figures OFF on input line 4137.
Package hyperref Info: Link nesting OFF on input line 4142.
Package hyperref Info: Hyper index ON on input line 4145.
Package hyperref Info: Plain pages OFF on input line 4152.
Package hyperref Info: Backreferencing OFF on input line 4157.
Package hyperref Info: Implicit mode ON; LaTeX internals redefined.
Package hyperref Info: Bookmarks ON on input line 4390.
\c@Hy@tempcnt=\count352
 (url.sty
\Urlmuskip=\muskip17
Package: url 2013/09/16  ver 3.4  Verb mode for urls, etc.
)
LaTeX Info: Redefining \url on input line 4749.
\XeTeXLinkMargin=\dimen316
Requested font "pzdr" at 0.00002pt
 -> pzdr
 (bitset.sty
Package: bitset 2019/12/09 v1.3 Handle bit-vector datatype (HO)
 (bigintcalc.sty
Package: bigintcalc 2019/12/15 v1.5 Expandable calculations on big integers (HO
)
))
\Fld@menulength=\count353
\Field@Width=\dimen317
\Fld@charsize=\dimen318
Package hyperref Info: Hyper figures OFF on input line 6027.
Package hyperref Info: Link nesting OFF on input line 6032.
Package hyperref Info: Hyper index ON on input line 6035.
Package hyperref Info: backreferencing OFF on input line 6042.
Package hyperref Info: Link coloring OFF on input line 6047.
Package hyperref Info: Link coloring with OCG OFF on input line 6052.
Package hyperref Info: PDF/A mode OFF on input line 6057.
LaTeX Info: Redefining \ref on input line 6097.
LaTeX Info: Redefining \pageref on input line 6101.
 (atbegshi-ltx.sty
Package: atbegshi-ltx 2021/01/10 v1.0c Emulation of the original atbegshi
package with kernel methods
)
\Hy@abspage=\count354
\c@Item=\count355
\c@Hfootnote=\count356
)
Package hyperref Info: Driver (autodetected): hxetex.
 (hxetex.def
File: hxetex.def 2022-02-21 v7.00n Hyperref driver for XeTeX
 (stringenc.sty
Package: stringenc 2019/11/29 v1.12 Convert strings between diff. encodings (HO
)
)
\pdfm@box=\box89
\c@Hy@AnnotLevel=\count357
\HyField@AnnotCount=\count358
\Fld@listcount=\count359
\c@bookmark@seq@number=\count360
 (rerunfilecheck.sty
Package: rerunfilecheck 2019/12/05 v1.9 Rerun checks for auxiliary files (HO)

(atveryend-ltx.sty
Package: atveryend-ltx 2020/08/19 v1.0a Emulation of the original atveryend pac
kage
with kernel methods
) (uniquecounter.sty
Package: uniquecounter 2019/12/15 v1.4 Provide unlimited unique counter (HO)
)
Package uniquecounter Info: New unique counter `rerunfilecheck' on input line 2
86.
)
\Hy@SectionHShift=\skip66
) (xurl.sty
Package: xurl 2022/01/09 v 0.10 modify URL breaks
)
Package hyperref Info: Option `colorlinks' set `true' on input line 59.

(Uzbekistan_Power_Sector_2040.aux)
\openout1 = `Uzbekistan_Power_Sector_2040.aux'.

LaTeX Font Info:    Checking defaults for OML/cmm/m/it on input line 170.
LaTeX Font Info:    ... okay on input line 170.
LaTeX Font Info:    Checking defaults for OMS/cmsy/m/n on input line 170.
LaTeX Font Info:    ... okay on input line 170.
LaTeX Font Info:    Checking defaults for OT1/cmr/m/n on input line 170.
LaTeX Font Info:    ... okay on input line 170.
LaTeX Font Info:    Checking defaults for T1/cmr/m/n on input line 170.
LaTeX Font Info:    ... okay on input line 170.
LaTeX Font Info:    Checking defaults for TS1/cmr/m/n on input line 170.
LaTeX Font Info:    Trying to load font information for TS1+cmr on input line 1
70.
 (ts1cmr.fd
File: ts1cmr.fd 2019/12/16 v2.5j Standard LaTeX font definitions
)
LaTeX Font Info:    ... okay on input line 170.
LaTeX Font Info:    Checking defaults for TU/lmr/m/n on input line 170.
LaTeX Font Info:    ... okay on input line 170.
LaTeX Font Info:    Checking defaults for OMX/cmex/m/n on input line 170.
LaTeX Font Info:    ... okay on input line 170.
LaTeX Font Info:    Checking defaults for U/cmr/m/n on input line 170.
LaTeX Font Info:    ... okay on input line 170.
LaTeX Font Info:    Checking defaults for PD1/pdf/m/n on input line 170.
LaTeX Font Info:    ... okay on input line 170.
LaTeX Font Info:    Checking defaults for PU/pdf/m/n on input line 170.
LaTeX Font Info:    ... okay on input line 170.
\c@mv@tabular=\count361
\c@mv@boldtabular=\count362

Package fontspec Info: Adjusting the maths setup (use [no-math] to avoid
(fontspec)             this).

\symlegacymaths=\mathgroup6
LaTeX Font Info:    Overwriting symbol font `legacymaths' in version `bold'
(Font)                  OT1/cmr/m/n --> OT1/cmr/bx/n on input line 170.
LaTeX Font Info:    Redeclaring math accent \acute on input line 170.
LaTeX Font Info:    Redeclaring math accent \grave on input line 170.
LaTeX Font Info:    Redeclaring math accent \ddot on input line 170.
LaTeX Font Info:    Redeclaring math accent \tilde on input line 170.
LaTeX Font Info:    Redeclaring math accent \bar on input line 170.
LaTeX Font Info:    Redeclaring math accent \breve on input line 170.
LaTeX Font Info:    Redeclaring math accent \check on input line 170.
LaTeX Font Info:    Redeclaring math accent \hat on input line 170.
LaTeX Font Info:    Redeclaring math accent \dot on input line 170.
LaTeX Font Info:    Redeclaring math accent \mathring on input line 170.
LaTeX Font Info:    Redeclaring math symbol \Gamma on input line 170.
LaTeX Font Info:    Redeclaring math symbol \Delta on input line 170.
LaTeX Font Info:    Redeclaring math symbol \Theta on input line 170.
LaTeX Font Info:    Redeclaring math symbol \Lambda on input line 170.
LaTeX Font Info:    Redeclaring math symbol \Xi on input line 170.
LaTeX Font Info:    Redeclaring math symbol \Pi on input line 170.
LaTeX Font Info:    Redeclaring math symbol \Sigma on input line 170.
LaTeX Font Info:    Redeclaring math symbol \Upsilon on input line 170.
LaTeX Font Info:    Redeclaring math symbol \Phi on input line 170.
LaTeX Font Info:    Redeclaring math symbol \Psi on input line 170.
LaTeX Font Info:    Redeclaring math symbol \Omega on input line 170.
LaTeX Font Info:    Redeclaring math symbol \mathdollar on input line 170.
LaTeX Font Info:    Redeclaring symbol font `operators' on input line 170.
LaTeX Font Info:    Encoding `OT1' has changed to `TU' for symbol font
(Font)              `operators' in the math version `normal' on input line 170.

LaTeX Font Info:    Overwriting symbol font `operators' in version `normal'
(Font)                  OT1/cmr/m/n --> TU/Lato(0)/m/n on input line 170.
LaTeX Font Info:    Encoding `OT1' has changed to `TU' for symbol font
(Font)              `operators' in the math version `bold' on input line 170.
LaTeX Font Info:    Overwriting symbol font `operators' in version `bold'
(Font)                  OT1/cmr/bx/n --> TU/Lato(0)/m/n on input line 170.
LaTeX Font Info:    Encoding `OT1' has changed to `TU' for symbol font
(Font)              `operators' in the math version `tabular' on input line 170
.
LaTeX Font Info:    Overwriting symbol font `operators' in version `tabular'
(Font)                  OT1/cmr/m/n --> TU/Lato(0)/m/n on input line 170.
LaTeX Font Info:    Encoding `OT1' has changed to `TU' for symbol font
(Font)              `operators' in the math version `boldtabular' on input line
 170.
LaTeX Font Info:    Overwriting symbol font `operators' in version `boldtabular
'
(Font)                  OT1/cmr/bx/n --> TU/Lato(0)/m/n on input line 170.
LaTeX Font Info:    Overwriting symbol font `operators' in version `normal'
(Font)                  TU/Lato(0)/m/n --> TU/Lato(0)/m/n on input line 170.
LaTeX Font Info:    Overwriting math alphabet `\mathit' in version `normal'
(Font)                  OT1/cmr/m/it --> TU/Lato(0)/m/it on input line 170.
LaTeX Font Info:    Overwriting math alphabet `\mathbf' in version `normal'
(Font)                  OT1/cmr/bx/n --> TU/Lato(0)/b/n on input line 170.
LaTeX Font Info:    Overwriting math alphabet `\mathsf' in version `normal'
(Font)                  OT1/cmss/m/n --> TU/lmss/m/n on input line 170.
LaTeX Font Info:    Overwriting math alphabet `\mathtt' in version `normal'
(Font)                  OT1/cmtt/m/n --> TU/lmtt/m/n on input line 170.
LaTeX Font Info:    Overwriting symbol font `operators' in version `bold'
(Font)                  TU/Lato(0)/m/n --> TU/Lato(0)/b/n on input line 170.
LaTeX Font Info:    Overwriting math alphabet `\mathit' in version `bold'
(Font)                  OT1/cmr/bx/it --> TU/Lato(0)/b/it on input line 170.
LaTeX Font Info:    Overwriting math alphabet `\mathsf' in version `bold'
(Font)                  OT1/cmss/bx/n --> TU/lmss/b/n on input line 170.
LaTeX Font Info:    Overwriting math alphabet `\mathtt' in version `bold'
(Font)                  OT1/cmtt/m/n --> TU/lmtt/b/n on input line 170.

*geometry* driver: auto-detecting
*geometry* detected driver: xetex
*geometry* verbose mode - [ preamble ] result:
* driver: xetex
* paper: letterpaper
* layout: <same size as paper>
* layoutoffset:(h,v)=(0.0pt,0.0pt)
* modes: 
* h-part:(L,W,R)=(61.42993pt, 491.43513pt, 61.42993pt)
* v-part:(T,H,B)=(52.03448pt, 690.90102pt, 52.03448pt)
* \paperwidth=614.295pt
* \paperheight=794.96999pt
* \textwidth=491.43513pt
* \textheight=690.90102pt
* \oddsidemargin=-10.84006pt
* \evensidemargin=-10.84006pt
* \topmargin=-42.2355pt
* \headheight=13.0pt
* \headsep=9.0pt
* \topskip=10.0pt
* \footskip=30.0pt
* \marginparwidth=4.0pt
* \marginparsep=10.0pt
* \columnsep=20.2355pt
* \skip\footins=9.0pt plus 4.0pt minus 2.0pt
* \hoffset=0.0pt
* \voffset=0.0pt
* \mag=1000
* \@twocolumntrue
* \@twosidefalse
* \@mparswitchfalse
* \@reversemarginfalse
* (1in=72.27pt=25.4mm, 1cm=28.453pt)

(translations-basic-dictionary-english.trsl
File: translations-basic-dictionary-english.trsl (english translation file `tra
nslations-basic-dictionary')
)
Package translations Info: loading dictionary `translations-basic-dictionary' f
or `english'. on input line 170.
Package caption Info: Begin \AtBeginDocument code.
Package caption Info: hyperref package is loaded.
Package caption Info: listings package is loaded.
Package caption Info: End \AtBeginDocument code.
Package lastpage Info: Please have a look at the pageslts package at
(lastpage)             https://www.ctan.org/pkg/pageslts
(lastpage)             ! on input line 170.
\c@lstlisting=\count363
Package hyperref Info: Link coloring ON on input line 170.
 (nameref.sty
Package: nameref 2021-04-02 v2.47 Cross-referencing by name of section
 (refcount.sty
Package: refcount 2019/12/15 v3.6 Data extraction from label references (HO)
)
(gettitlestring.sty
Package: gettitlestring 2019/12/15 v1.6 Cleanup title references (HO)
)
\c@section@level=\count364
)
LaTeX Info: Redefining \ref on input line 170.
LaTeX Info: Redefining \pageref on input line 170.
LaTeX Info: Redefining \nameref on input line 170.
 (Uzbekistan_Power_Sector_2040.out)
(Uzbekistan_Power_Sector_2040.out)
\@outlinefile=\write4
\openout4 = `Uzbekistan_Power_Sector_2040.out'.

LaTeX Font Info:    Font shape `TU/Lato(0)/m/n' will be
(Font)              scaled to size 8.0pt on input line 179.
Requested font "[Lato-Regular.ttf]/OT:script=latn;language=dflt;+liga;+tnum;+ln
um;mapping=tex-text;" at 8.0pt
 -> Lato-Regular.ttf


LaTeX Font Warning: Font shape `TU/Lato(0)/m/sc' undefined
(Font)              using `TU/Lato(0)/m/n' instead on input line 179.

LaTeX Font Info:    Font shape `TU/Lato(0)/m/n' will be
(Font)              scaled to size 24.88pt on input line 181.
Requested font "[Lato-Regular.ttf]/OT:script=latn;language=dflt;+liga;+tnum;+ln
um;mapping=tex-text;" at 24.88pt
 -> Lato-Regular.ttf
LaTeX Font Info:    Font shape `TU/Lato(0)/b/n' will be
(Font)              scaled to size 24.88pt on input line 181.
Requested font "[Lato-Bold.ttf]/OT:script=latn;language=dflt;+liga;+tnum;+lnum;
mapping=tex-text;" at 24.88pt
 -> Lato-Bold.ttf
LaTeX Font Info:    Font shape `TU/Lato(0)/m/n' will be
(Font)              scaled to size 12.0pt on input line 183.
Requested font "[Lato-Regular.ttf]/OT:script=latn;language=dflt;+liga;+tnum;+ln
um;mapping=tex-text;" at 12.0pt
 -> Lato-Regular.ttf
LaTeX Font Info:    Font shape `TU/Lato(0)/m/it' will be
(Font)              scaled to size 12.0pt on input line 183.
Requested font "[Lato-Italic.ttf]/OT:script=latn;language=dflt;+liga;+tnum;+lnu
m;mapping=tex-text;" at 12.0pt
 -> Lato-Italic.ttf
LaTeX Font Info:    Font shape `TU/Lato(0)/m/n' will be
(Font)              scaled to size 14.4pt on input line 184.
Requested font "[Lato-Regular.ttf]/OT:script=latn;language=dflt;+liga;+tnum;+ln
um;mapping=tex-text;" at 14.4pt
 -> Lato-Regular.ttf
LaTeX Font Info:    Font shape `TU/Lato(0)/b/n' will be
(Font)              scaled to size 14.4pt on input line 184.
Requested font "[Lato-Bold.ttf]/OT:script=latn;language=dflt;+liga;+tnum;+lnum;
mapping=tex-text;" at 14.4pt
 -> Lato-Bold.ttf
LaTeX Font Info:    Font shape `TU/Lato(0)/m/n' will be
(Font)              scaled to size 7.0pt on input line 187.
Requested font "[Lato-Regular.ttf]/OT:script=latn;language=dflt;+liga;+tnum;+ln
um;mapping=tex-text;" at 7.0pt
 -> Lato-Regular.ttf
LaTeX Font Info:    Font shape `TU/Lato(0)/m/n' will be
(Font)              scaled to size 5.0pt on input line 187.
Requested font "[Lato-Regular.ttf]/OT:script=latn;language=dflt;+liga;+tnum;+ln
um;mapping=tex-text;" at 5.0pt
 -> Lato-Regular.ttf
Requested font "cmex7" at 7.0pt
 -> cmex7
Requested font "cmex7" at 5.0pt
 -> cmex7
LaTeX Font Info:    Trying to load font information for U+msa on input line 187
.
(umsa.fd
File: umsa.fd 2013/01/14 v3.01 AMS symbols A
)
Requested font "msam10" at 10.0pt
 -> msam10
Requested font "msam7" at 7.0pt
 -> msam7
Requested font "msam5" at 5.0pt
 -> msam5
LaTeX Font Info:    Trying to load font information for U+msb on input line 187
.
 (umsb.fd
File: umsb.fd 2013/01/14 v3.01 AMS symbols B
)
Requested font "msbm10" at 10.0pt
 -> msbm10
Requested font "msbm7" at 7.0pt
 -> msbm7
Requested font "msbm5" at 5.0pt
 -> msbm5
LaTeX Font Info:    Font shape `TU/Lato(0)/b/n' will be
(Font)              scaled to size 10.0pt on input line 188.
Requested font "[Lato-Bold.ttf]/OT:script=latn;language=dflt;+liga;+tnum;+lnum;
mapping=tex-text;" at 10.0pt
 -> Lato-Bold.ttf
LaTeX Font Info:    Font shape `TU/Lato(0)/m/it' will be
(Font)              scaled to size 8.0pt on input line 190.
Requested font "[Lato-Italic.ttf]/OT:script=latn;language=dflt;+liga;+tnum;+lnu
m;mapping=tex-text;" at 8.0pt
 -> Lato-Italic.ttf
 [1


]
LaTeX Font Info:    Font shape `TU/Lato(0)/m/it' will be
(Font)              scaled to size 10.0pt on input line 202.
Requested font "[Lato-Italic.ttf]/OT:script=latn;language=dflt;+liga;+tnum;+lnu
m;mapping=tex-text;" at 10.0pt
 -> Lato-Italic.ttf
LaTeX Font Info:    Font shape `TU/Lato(0)/m/n' will be
(Font)              scaled to size 9.0pt on input line 208.
Requested font "[Lato-Regular.ttf]/OT:script=latn;language=dflt;+liga;+tnum;+ln
um;mapping=tex-text;" at 9.0pt
 -> Lato-Regular.ttf
 (Uzbekistan_Power_Sector_2040.toc
LaTeX Font Info:    Font shape `TU/Lato(0)/b/n' will be
(Font)              scaled to size 9.0pt on input line 2.
Requested font "[Lato-Bold.ttf]/OT:script=latn;language=dflt;+liga;+tnum;+lnum;
mapping=tex-text;" at 9.0pt
 -> Lato-Bold.ttf
)
\tf@toc=\write5
\openout5 = `Uzbekistan_Power_Sector_2040.toc'.

 [2

]
Underfull \hbox (badness 1881) in paragraph at lines 218--219
\TU/Lato(0)/m/n/10 Uzbekistan is rebuilding the machine that powers
 []


Underfull \hbox (badness 1092) in paragraph at lines 226--227
[]\TU/Lato(0)/m/n/10 The second feature is direction. The government
 []


Underfull \hbox (badness 2261) in paragraph at lines 226--227
\TU/Lato(0)/m/n/10 27 GW of renewable capacity and a 40 percent
 []


Underfull \hbox (badness 2310) in paragraph at lines 234--235
[]\TU/Lato(0)/m/n/10 It forecasts electricity demand to 2040 from the
 []


Underfull \hbox (badness 1194) in paragraph at lines 236--237
\TU/Lato(0)/m/n/10 questions of combustion efficiency and gas-supply
 []


Underfull \hbox (badness 1019) in paragraph at lines 236--237
\TU/Lato(0)/m/n/10 security. A thin renewable share beneath a large
 []


Underfull \hbox (badness 5175) in paragraph at lines 244--245
\TU/Lato(0)/m/n/10 only in how quickly renewables are built; they
 []


Underfull \hbox (badness 10000) in paragraph at lines 246--247
[]\TU/Lato(0)/m/n/10 The coefficients are not elasticities. Income,
 []


Underfull \hbox (badness 4328) in paragraph at lines 246--247
\TU/Lato(0)/m/n/10 of how a one-percent change in income moves
 []


Underfull \hbox (badness 1824) in paragraph at lines 252--253
\TU/Lato(0)/m/n/10 Chapter 5 presents the demand forecast and the
 []

[1


]
Underfull \hbox (badness 10000) in paragraph at lines 260--261
[]\TU/Lato(0)/m/n/10 Electrification began under early Soviet
 []


Underfull \hbox (badness 1173) in paragraph at lines 260--261
\TU/Lato(0)/m/n/10 build-out was hydropower: the Farhad plant (126
 []


Underfull \hbox (badness 3536) in paragraph at lines 260--261
\TU/Lato(0)/m/n/10 1953 (Eurasian Research Institute, n.d.), and the
 []


Underfull \hbox (badness 6412) in paragraph at lines 260--261
\TU/Lato(0)/m/n/10 Charvak cascade ($\OMS/cmsy/m/n/10 ^^X$\TU/Lato(0)/m/n/10 60
0 MW) followed between
 []


Underfull \hbox (badness 1286) in paragraph at lines 260--261
\TU/Lato(0)/m/n/10 Construction of the Syrdarya thermal power plant
 []


Underfull \hbox (badness 1348) in paragraph at lines 262--263
\TU/Lato(0)/m/n/10 Asian Power System, built in the 1970s, tied the
 []


Underfull \hbox (badness 2318) in paragraph at lines 262--263
\TU/Lato(0)/m/n/10 grids of all five republics together and ran them
 []


Underfull \hbox (badness 1577) in paragraph at lines 262--263
\TU/Lato(0)/m/n/10 monopoly, JSC Uzbekenergo, spanning generation,
 []


Underfull \hbox (badness 4291) in paragraph at lines 262--263
\TU/Lato(0)/m/n/10 Foundation, n.d.). Only in 2018–2019 did the
 []

File: figures/history_timeline_uzbekistan.png Graphic file (type bmp)
<figures/history_timeline_uzbekistan.png>
LaTeX Font Info:    Font shape `TU/Lato(0)/m/it' will be
(Font)              scaled to size 9.0pt on input line 267.
Requested font "[Lato-Italic.ttf]/OT:script=latn;language=dflt;+liga;+tnum;+lnu
m;mapping=tex-text;" at 9.0pt
 -> Lato-Italic.ttf
LaTeX Font Info:    Font shape `TU/Lato(0)/m/n' will be
(Font)              scaled to size 6.0pt on input line 267.
Requested font "[Lato-Regular.ttf]/OT:script=latn;language=dflt;+liga;+tnum;+ln
um;mapping=tex-text;" at 6.0pt
 -> Lato-Regular.ttf
Requested font "cmmi9" at 9.0pt
 -> cmmi9
Requested font "cmmi6" at 6.0pt
 -> cmmi6
Requested font "cmsy9" at 9.0pt
 -> cmsy9
Requested font "cmsy6" at 6.0pt
 -> cmsy6
Requested font "cmex9" at 9.0pt
 -> cmex9
Requested font "cmex7" at 6.0pt
 -> cmex7
Requested font "msam10" at 9.0pt
 -> msam10
Requested font "msam7" at 6.0pt
 -> msam7
Requested font "msbm10" at 9.0pt
 -> msbm10
Requested font "msbm7" at 6.0pt
 -> msbm7
Requested font "cmr9" at 9.0pt
 -> cmr9
Requested font "cmr6" at 6.0pt
 -> cmr6

Underfull \hbox (badness 3138) in paragraph at lines 272--273
\TU/Lato(0)/m/n/10 gas supplied 78.1% of generation — comfortably
 []


Underfull \hbox (badness 1184) in paragraph at lines 274--275
\TU/Lato(0)/m/n/10 Across the confirmed record gas grew faster than
 []


Underfull \hbox (badness 1199) in paragraph at lines 276--277
\TU/Lato(0)/m/n/10 TWh in 2024 — a 10% rise in a single year, the
 []

File: figures/energy_mix_evolution.png Graphic file (type bmp)
<figures/energy_mix_evolution.png>

Underfull \hbox (badness 3407) in paragraph at lines 286--287
\TU/Lato(0)/m/n/10 “Central Asia” is not one electricity market, and
 []


Underfull \hbox (badness 1097) in paragraph at lines 286--287
\TU/Lato(0)/m/n/10 the difference decides which comparisons are fair.
 []


Underfull \hbox (badness 7907) in paragraph at lines 286--287
\TU/Lato(0)/m/n/10 Renewable share across the five systems splits
 []


Underfull \hbox (badness 5260) in paragraph at lines 286--287
\TU/Lato(0)/m/n/10 Tajikistan (95%) run on hydropower and face a
 []


Underfull \hbox (badness 2903) in paragraph at lines 286--287
\TU/Lato(0)/m/n/10 problem of seasonality and flexibility; Uzbekistan
 []


Underfull \hbox (badness 4072) in paragraph at lines 286--287
\TU/Lato(0)/m/n/10 (16%), Kazakhstan (15%) and Turkmenistan (near
 []


Underfull \hbox (badness 3333) in paragraph at lines 286--287
\TU/Lato(0)/m/n/10 zero) run on fossil fuels and face a problem of
 []

[2] [3]
Underfull \hbox (badness 2351) in paragraph at lines 288--289
[]\TU/Lato(0)/m/n/10 This matters beyond description. A forecast for
 []


Underfull \hbox (badness 2452) in paragraph at lines 288--289
\TU/Lato(0)/m/n/10 a different transition, while one pooled with the
 []


Underfull \hbox (badness 1248) in paragraph at lines 288--289
\TU/Lato(0)/m/n/10 actually enter the pool, and on what rationale, is
 []


Underfull \hbox (badness 4072) in paragraph at lines 288--289
\TU/Lato(0)/m/n/10 settled in the methodology. In the event, the
 []


Underfull \hbox (badness 4832) in paragraph at lines 288--289
\TU/Lato(0)/m/n/10 pool is the four countries with complete driver
 []


Underfull \hbox (badness 1158) in paragraph at lines 288--289
\TU/Lato(0)/m/n/10 coverage — Kazakhstan, Kyrgyzstan, Tajikistan and
 []


Underfull \hbox (badness 1057) in paragraph at lines 288--289
\TU/Lato(0)/m/n/10 systems, and the leave-one-country-out test (§4.5)
 []


Underfull \hbox (badness 3989) in paragraph at lines 292--293
\TU/Lato(0)/m/n/10 catalogue) records 34 operational assets totalling
 []


Underfull \hbox (badness 1565) in paragraph at lines 292--293
\TU/Lato(0)/m/n/10 about 19 GW of capacity, six under construction
 []


Underfull \hbox (badness 1297) in paragraph at lines 292--293
\TU/Lato(0)/m/n/10 first nuclear plant — a 2.1 GW integrated station
 []


Underfull \hbox (badness 2088) in paragraph at lines 292--293
\TU/Lato(0)/m/n/10 at Jizzakh, pairing two large VVER-1000 reactors
 []


Underfull \hbox (badness 1377) in paragraph at lines 292--293
\TU/Lato(0)/m/n/10 with two RITM-200N small modular units — now
 []


Underfull \hbox (badness 2662) in paragraph at lines 292--293
\TU/Lato(0)/m/n/10 under construction (Rosatom, 2025). (The asset
 []


Underfull \hbox (badness 2221) in paragraph at lines 294--295
\TU/Lato(0)/m/n/10 projects appear almost every year. The forward
 []


Underfull \hbox (badness 1648) in paragraph at lines 294--295
\TU/Lato(0)/m/n/10 pipeline carries the next turn of the story: from
 []


Underfull \hbox (badness 1910) in paragraph at lines 294--295
\TU/Lato(0)/m/n/10 constraint is shifting from raw megawatts to grid
 []

File: figures/fleet_evolution_4panel.png Graphic file (type bmp)
<figures/fleet_evolution_4panel.png>
File: figures/oblast_resource_map.png Graphic file (type bmp)
<figures/oblast_resource_map.png>
LaTeX Font Info:    Font shape `TU/Lato(0)/m/it' will be
(Font)              scaled to size 6.0pt on input line 311.
Requested font "[Lato-Italic.ttf]/OT:script=latn;language=dflt;+liga;+tnum;+lnu
m;mapping=tex-text;" at 6.0pt
 -> Lato-Italic.ttf

Underfull \hbox (badness 1472) in paragraph at lines 316--317
\TU/Lato(0)/m/n/10 Two further facts complete the picture, and both
 []


Underfull \hbox (badness 1052) in paragraph at lines 316--317
\TU/Lato(0)/m/n/10 happened unit by unit inside still-running stations.
 []


Underfull \hbox (badness 1635) in paragraph at lines 316--317
\TU/Lato(0)/m/n/10 still to replace. The grid, meanwhile, runs tight.
 []


Underfull \hbox (badness 1038) in paragraph at lines 316--317
\TU/Lato(0)/m/n/10 returns to in Chapter 6. (The 2023 figure is the
 []


Underfull \hbox (badness 1454) in paragraph at lines 320--321
\TU/Lato(0)/m/n/10 Put together, these facts define what the rest of
 []


Underfull \hbox (badness 1616) in paragraph at lines 320--321
\TU/Lato(0)/m/n/10 for renewable share, fossil generation and carbon
 []

[4] [5]
File: figures/data_coverage_provenance.png Graphic file (type bmp)
<figures/data_coverage_provenance.png>

Underfull \hbox (badness 1147) in paragraph at lines 334--335
\TU/Lato(0)/m/n/10 is also assembled from sources that do not agree
 []


Underfull \hbox (badness 3954) in paragraph at lines 334--335
\TU/Lato(0)/m/n/10 by construction — different boundaries, different
 []


Underfull \hbox (badness 5036) in paragraph at lines 338--339
\TU/Lato(0)/m/n/10 gas flows and the power-sector carbon-intensity
 []


Underfull \hbox (badness 3333) in paragraph at lines 338--339
\TU/Lato(0)/m/n/10 canonical renewable-capacity and renewable-share
 []


Underfull \hbox (badness 6461) in paragraph at lines 338--339
\TU/Lato(0)/m/n/10 2024) supply the macroeconomic covariates the
 []


Underfull \hbox (badness 10000) in paragraph at lines 338--339
\TU/Lato(0)/m/n/10 demand model needs — real GDP, population,
 []


Underfull \hbox (badness 1668) in paragraph at lines 340--341
\TU/Lato(0)/m/n/10 way, and the difference that matters most is the
 []


Underfull \hbox (badness 1648) in paragraph at lines 340--341
\TU/Lato(0)/m/n/10 the consumption boundary — energy delivered to
 []


Underfull \hbox (badness 1629) in paragraph at lines 340--341
\TU/Lato(0)/m/n/10 that mixed them without accounting for that gap
 []


Underfull \hbox (badness 1117) in paragraph at lines 342--343
\TU/Lato(0)/m/n/10 World Economic Outlook (IMF, 2026) supplies the
 []


Underfull \hbox (badness 1281) in paragraph at lines 342--343
\TU/Lato(0)/m/n/10 forward GDP and population path that drives the
 []


Underfull \hbox (badness 1264) in paragraph at lines 346--347
\TU/Lato(0)/m/n/10 Before anything is compared, everything is placed
 []


Underfull \hbox (badness 1173) in paragraph at lines 346--347
\TU/Lato(0)/m/n/10 source can silently shorten the record. Units are
 []

[6]
Underfull \hbox (badness 10000) in paragraph at lines 350--351
\TU/Lato(0)/m/n/10 The most recent year is also the most
 []


Underfull \hbox (badness 1831) in paragraph at lines 350--351
\TU/Lato(0)/m/n/10 decision-relevant, and it is the one the reference
 []


Underfull \hbox (badness 2753) in paragraph at lines 350--351
\TU/Lato(0)/m/n/10 — swapping a consumption-boundary number for
 []


Underfull \hbox (badness 1286) in paragraph at lines 352--353
[]\TU/Lato(0)/m/n/10 The pipeline uses ratio scaling instead. For each
 []


Underfull \hbox (badness 2443) in paragraph at lines 354--354
|\TU/Lato(0)/b/n/10 3.5 Where the sources disagree — and why the
 []


Underfull \hbox (badness 3735) in paragraph at lines 356--357
\TU/Lato(0)/m/n/10 A multi-source dataset is only trustworthy if its
 []


Underfull \hbox (badness 1688) in paragraph at lines 356--357
\TU/Lato(0)/m/n/10 away. Two disagreements in this record deserve
 []


Underfull \hbox (badness 10000) in paragraph at lines 356--357
\TU/Lato(0)/m/n/10 stating plainly, because both are convention
 []


Underfull \hbox (badness 3746) in paragraph at lines 358--359
\TU/Lato(0)/m/n/10 narrows to about eight percent, but this is not
 []


Underfull \hbox (badness 1173) in paragraph at lines 358--359
\TU/Lato(0)/m/n/10 evidence that losses fell: independent figures still
 []


Underfull \hbox (badness 3333) in paragraph at lines 358--359
\TU/Lato(0)/m/n/10 to thirteen percent through the early 2020s, so
 []


Underfull \hbox (badness 1796) in paragraph at lines 358--359
\TU/Lato(0)/m/n/10 the narrowing most likely reflects the two series’
 []


Underfull \hbox (badness 2671) in paragraph at lines 358--359
\TU/Lato(0)/m/n/10 boundaries partly realigning after the 2017–2019
 []


Underfull \hbox (badness 4765) in paragraph at lines 358--359
\TU/Lato(0)/m/n/10 improvement in the grid. The disagreement is
 []

[7]
Underfull \hbox (badness 1394) in paragraph at lines 360--361
\TU/Lato(0)/m/n/10 artefact. The IEA balance reports oil as a single
 []


Underfull \hbox (badness 10000) in paragraph at lines 362--363
[]\TU/Lato(0)/m/n/10 A third source closes the anchor year. The
 []


Underfull \hbox (badness 5832) in paragraph at lines 362--363
\TU/Lato(0)/m/n/10 Eurasian Development Bank’s 2026 Central Asia
 []


Underfull \hbox (badness 1436) in paragraph at lines 362--363
\TU/Lato(0)/m/n/10 independently: its figures for demand, generation
 []


Underfull \hbox (badness 1609) in paragraph at lines 366--367
\OMS/cmsy/m/n/10 ^^X$\TU/Lato(0)/m/n/10 9% that surfaces elsewhere in the proje
ct — in
 []


Underfull \hbox (badness 1931) in paragraph at lines 368--369
\TU/Lato(0)/m/n/10 is provisional — so the methodology that follows
 []


Underfull \hbox (badness 2189) in paragraph at lines 374--375
\TU/Lato(0)/m/n/10 report: the usable sample is about thirty annual
 []

LaTeX Font Info:    Font shape `TU/Lato(0)/b/n' will be
(Font)              scaled to size 7.0pt on input line 380.
Requested font "[Lato-Bold.ttf]/OT:script=latn;language=dflt;+liga;+tnum;+lnum;
mapping=tex-text;" at 7.0pt
 -> Lato-Bold.ttf
LaTeX Font Info:    Font shape `TU/Lato(0)/b/n' will be
(Font)              scaled to size 5.0pt on input line 380.
Requested font "[Lato-Bold.ttf]/OT:script=latn;language=dflt;+liga;+tnum;+lnum;
mapping=tex-text;" at 5.0pt
 -> Lato-Bold.ttf
Requested font "cmmib10" at 10.0pt
 -> cmmib10
Requested font "cmmib7" at 7.0pt
 -> cmmib7
Requested font "cmmib5" at 5.0pt
 -> cmmib5
Requested font "cmbsy10" at 10.0pt
 -> cmbsy10
Requested font "cmbsy7" at 7.0pt
 -> cmbsy7
Requested font "cmbsy5" at 5.0pt
 -> cmbsy5
Requested font "cmbx10" at 10.0pt
 -> cmbx10
Requested font "cmbx7" at 7.0pt
 -> cmbx7
Requested font "cmbx5" at 5.0pt
 -> cmbx5

Underfull \hbox (badness 1253) in paragraph at lines 378--383
\TU/Lato(0)/m/n/10 The exploratory screen leaves the demand drivers
 []


Underfull \hbox (badness 4391) in paragraph at lines 378--383
\TU/Lato(0)/m/n/10 mutually collinear at $\OML/cmm/m/it/10 r \OMS/cmsy/m/n/10 ^
^Y \OT1/cmr/m/n/10 0\OML/cmm/m/it/10 :\OT1/cmr/m/n/10 99$\TU/Lato(0)/m/n/10 , w
hich inflates
 []


Underfull \hbox (badness 5260) in paragraph at lines 378--383
\TU/Lato(0)/m/n/10 the ordinary-least-squares variance $[]\OT1/cmr/m/n/10 ([][]
) =
 []


Underfull \hbox (badness 6188) in paragraph at lines 378--383
\OML/cmm/m/it/10 ^^[[]\OT1/cmr/m/n/10 ([][][])[]$ \TU/Lato(0)/m/n/10 toward ins
tability. Ridge regression
 []

[8]
Underfull \hbox (badness 1675) in paragraph at lines 392--396
\TU/Lato(0)/m/n/10 The Bayesian ridge places a Gaussian prior $[] \OMS/cmsy/m/n
/10 ^^X
 []


Underfull \hbox (badness 2521) in paragraph at lines 409--414
\TU/Lato(0)/m/n/10 with the reported band $[] \OMS/cmsy/m/n/10 ^^F \OT1/cmr/m/n
/10 1\OML/cmm/m/it/10 :\OT1/cmr/m/n/10 645 \OML/cmm/m/it/10 ^^[[]$\TU/Lato(0)/m
/n/10 . Because
 []


Underfull \hbox (badness 3977) in paragraph at lines 415--416
[]\TU/Lato(0)/m/n/10 The driver set is inherited from the exploratory
 []


Underfull \hbox (badness 7030) in paragraph at lines 415--416
\TU/Lato(0)/m/n/10 analysis, not chosen for convenience, and that
 []


Underfull \hbox (badness 3068) in paragraph at lines 415--416
\TU/Lato(0)/m/n/10 inheritance is load-bearing. Each candidate was
 []


Underfull \hbox (badness 1953) in paragraph at lines 415--416
\TU/Lato(0)/m/n/10 1974). Four drivers survive that screen and are
 []


Underfull \hbox (badness 1655) in paragraph at lines 417--418
\TU/Lato(0)/m/n/10 and services move almost in lockstep — mutually
 []


Underfull \hbox (badness 4543) in paragraph at lines 417--418
\TU/Lato(0)/m/n/10 needs (Tipping, 2001; Hoerl & Kennard, 1970).
 []


Underfull \hbox (badness 1515) in paragraph at lines 419--420
[]\TU/Lato(0)/m/n/10 The cooling driver, finally, is kept not as a static
 []


Underfull \hbox (badness 2096) in paragraph at lines 419--420
\TU/Lato(0)/m/n/10 shows why (Figure 4.1). Across 1990–2024 the
 []


Underfull \hbox (badness 10000) in paragraph at lines 419--420
\TU/Lato(0)/m/n/10 population-weighted cooling degree-days rise by
 []


Underfull \hbox (badness 1701) in paragraph at lines 419--420
\TU/Lato(0)/m/n/10 roughly \TU/Lato(0)/b/n/10 71 per decade \TU/Lato(0)/m/n/10 
while heating degree-days
 []


Underfull \hbox (badness 10000) in paragraph at lines 419--420
\TU/Lato(0)/m/n/10 warming signal rather than year-to-year noise.
 []


Underfull \hbox (badness 7081) in paragraph at lines 419--420
\TU/Lato(0)/m/n/10 Summer cooling load is therefore a structurally
 []


Underfull \hbox (badness 10000) in paragraph at lines 419--420
\TU/Lato(0)/m/n/10 growing component of demand, which is the
 []


Underfull \hbox (badness 5022) in paragraph at lines 419--420
\TU/Lato(0)/m/n/10 substantive reason cooling degree-days, and not
 []


Underfull \hbox (badness 1281) in paragraph at lines 419--420
\TU/Lato(0)/m/n/10 heating, earn a place in the driver set; the same
 []

File: figures/climate_drivers.png Graphic file (type bmp)
<figures/climate_drivers.png>
LaTeX Font Info:    Font shape `TU/Lato(0)/b/n' will be
(Font)              scaled to size 6.0pt on input line 424.
Requested font "[Lato-Bold.ttf]/OT:script=latn;language=dflt;+liga;+tnum;+lnum;
mapping=tex-text;" at 6.0pt
 -> Lato-Bold.ttf

Overfull \hbox (2.76366pt too wide) detected at line 443
[][]\OT1/cmr/m/n/10 (1 \OMS/cmsy/m/n/10 ^^@ \OML/cmm/m/it/10 ^^^[]L\OT1/cmr/m/n
/10 )(1 \OMS/cmsy/m/n/10 ^^@ \OML/cmm/m/it/10 L\OT1/cmr/m/n/10 ) \OML/cmm/m/it/
10 y[] \OT1/cmr/m/n/10 = \OML/cmm/m/it/10 c \OT1/cmr/m/n/10 + \OML/cmm/m/it/10 
"[]  \OMS/cmsy/m/n/10 ([])  \OT1/cmr/m/n/10 ^^A\OML/cmm/m/it/10 y[] \OT1/cmr/m/
n/10 = \OML/cmm/m/it/10 c \OT1/cmr/m/n/10 + \OML/cmm/m/it/10 ^^^[] \OT1/cmr/m/n
/10 ^^A\OML/cmm/m/it/10 y[] \OT1/cmr/m/n/10 + \OML/cmm/m/it/10 "[]:
 []

Requested font "cmmi8" at 8.0pt
 -> cmmi8
Requested font "cmsy8" at 8.0pt
 -> cmsy8
Requested font "cmex8" at 8.0pt
 -> cmex8
LaTeX Font Info:    Font shape `TU/Lato(0)/b/n' will be
(Font)              scaled to size 8.0pt on input line 445.
Requested font "[Lato-Bold.ttf]/OT:script=latn;language=dflt;+liga;+tnum;+lnum;
mapping=tex-text;" at 8.0pt
 -> Lato-Bold.ttf
Requested font "msam10" at 8.0pt
 -> msam10
Requested font "msbm10" at 8.0pt
 -> msbm10
Requested font "cmr8" at 8.0pt
 -> cmr8

Underfull \hbox (badness 10000) in paragraph at lines 445--445
[][][]\TU/Lato(0)/m/n/8 From the project’s GitHub repository:
 []


Underfull \hbox (badness 7832) in paragraph at lines 445--446
[]\TU/Lato(0)/m/n/10 The advanced models are required to beat an
 []


Underfull \hbox (badness 4229) in paragraph at lines 445--446
\TU/Lato(0)/m/n/10 following standard forecasting practice (Hyndman
 []


Underfull \hbox (badness 10000) in paragraph at lines 445--446
\TU/Lato(0)/m/n/10 & Athanasopoulos, 2021): a naïve last-value
 []


Underfull \hbox (badness 7468) in paragraph at lines 445--446
\TU/Lato(0)/m/n/10 carry-forward, a linear trend, a first-differenced
 []


Underfull \hbox (badness 1264) in paragraph at lines 445--446
\TU/Lato(0)/m/n/10 regression, an AICc-selected ARIMA, Prophet, and
 []


Underfull \hbox (badness 1424) in paragraph at lines 445--446
\TU/Lato(0)/m/n/10 a frequentist ridge[][][][][]. The naïve model floors the
 []


Underfull \hbox (badness 1762) in paragraph at lines 445--446
\TU/Lato(0)/m/n/10 bench at about 13.9% error and the linear trend
 []


Underfull \hbox (badness 1147) in paragraph at lines 445--446
\TU/Lato(0)/m/n/10 — rests on three converging lines rather than the
 []


Underfull \hbox (badness 1953) in paragraph at lines 445--446
\TU/Lato(0)/m/n/10 the parsimony argument that a second difference
 []


Underfull \hbox (badness 6592) in paragraph at lines 445--446
\TU/Lato(0)/m/n/10 inflate forecast variance. The post-differencing
 []

[9]
Underfull \hbox (badness 2150) in paragraph at lines 447--448
[]\TU/Lato(0)/m/n/10 The same short sample is the reason this report
 []


Underfull \hbox (badness 1490) in paragraph at lines 451--454
\TU/Lato(0)/m/n/10 and feeds the demand lag from the model’s own
 []


Underfull \hbox (badness 2057) in paragraph at lines 476--477
\TU/Lato(0)/m/n/10 window contains the post-2018 demand surge —
 []


Underfull \hbox (badness 2326) in paragraph at lines 476--477
\TU/Lato(0)/m/n/10 model trained only on 1990–2018 under-predicts
 []


Underfull \hbox (badness 2443) in paragraph at lines 476--477
\TU/Lato(0)/m/n/10 it, and most post a \TU/Lato(0)/b/n/10 negative \TU/Lato(0)/
m/n/10 hold-out R$[]$. The
 []


Underfull \hbox (badness 2512) in paragraph at lines 476--477
\TU/Lato(0)/m/n/10 in 2020 — a contraction with no parallel in the
 []


Underfull \hbox (badness 1735) in paragraph at lines 476--477
\TU/Lato(0)/m/n/10 surrounding 2015–2023 demand run-up — before
 []


Underfull \hbox (badness 2245) in paragraph at lines 476--477
\TU/Lato(0)/m/n/10 rebounding roughly 23% in 2021. The hold-out
 []


Underfull \hbox (badness 1067) in paragraph at lines 476--477
\TU/Lato(0)/m/n/10 difficulty rather than relieving it, and is one more
 []


Underfull \hbox (badness 4328) in paragraph at lines 476--477
\TU/Lato(0)/m/n/10 reason the headline $\OMS/cmsy/m/n/10 ^^X$\TU/Lato(0)/m/n/10
 9–10% ex-ante error is a
 []


Underfull \hbox (badness 1917) in paragraph at lines 476--477
\TU/Lato(0)/m/n/10 model anticipates a structural break it was never
 []


Underfull \hbox (badness 4846) in paragraph at lines 476--477
\TU/Lato(0)/m/n/10 is selected by expanding-window one-step-ahead
 []


Underfull \hbox (badness 1194) in paragraph at lines 476--477
\TU/Lato(0)/m/n/10 cross-validation on the training years alone, never
 []

[10]
File: figures/forecast_scoreboard_exante.png Graphic file (type bmp)
<figures/forecast_scoreboard_exante.png>
Requested font "[Lato-BoldItalic.ttf]/OT:script=latn;language=dflt;+liga;+tnum;
+lnum;mapping=tex-text;" at 9.0pt
 -> Lato-BoldItalic.ttf

Underfull \hbox (badness 2932) in paragraph at lines 504--505
[]\TU/Lato(0)/m/n/10 Figure 4.3 makes that negative R$[]$ legible rather
 []


Underfull \hbox (badness 1097) in paragraph at lines 504--505
\TU/Lato(0)/m/n/10 surge compounded by the 2021 rebound — while
 []


Underfull \hbox (badness 2384) in paragraph at lines 504--505
\TU/Lato(0)/m/n/10 the 2023 actual by roughly \TU/Lato(0)/b/n/10 9 TWh, about 1
2%\TU/Lato(0)/m/n/10 .
 []

File: figures/forecast_holdout_actuals.png Graphic file (type bmp)
<figures/forecast_holdout_actuals.png>

Underfull \hbox (badness 1019) in paragraph at lines 514--515
\TU/Lato(0)/m/n/10 cannot span a regime they never contained. The
 []


Underfull \hbox (badness 10000) in paragraph at lines 514--515
\TU/Lato(0)/m/n/10 with complete driver coverage — Kazakhstan,
 []


Underfull \hbox (badness 10000) in paragraph at lines 514--515
\TU/Lato(0)/m/n/10 Kyrgyzstan, Tajikistan and Uzbekistan — giving
 []


Underfull \hbox (badness 10000) in paragraph at lines 514--515
\TU/Lato(0)/m/n/10 thirty-four, with Kazakhstan as the fixed-effect
 []


Underfull \hbox (badness 1005) in paragraph at lines 514--515
\TU/Lato(0)/m/n/10 the \TU/Lato(0)/m/it/10 response structure \TU/Lato(0)/m/n/1
0 linking income, industry and
 []


Underfull \hbox (badness 1509) in paragraph at lines 514--515
\TU/Lato(0)/m/n/10 climate to demand is broadly common across the
 []


Underfull \hbox (badness 2894) in paragraph at lines 514--515
\TU/Lato(0)/m/n/10 region, while persistent \TU/Lato(0)/m/it/10 level \TU/Lato(
0)/m/n/10 differences between
 []


Underfull \hbox (badness 1067) in paragraph at lines 514--515
\TU/Lato(0)/m/n/10 The payoff is decisive in the one place it matters
 []


Underfull \hbox (badness 1226) in paragraph at lines 514--515
\TU/Lato(0)/m/n/10 country-years available become about seventy-two
 []


Underfull \hbox (badness 1024) in paragraph at lines 516--517
\TU/Lato(0)/m/n/10 a common income–industry–climate response does
 []


Underfull \hbox (badness 3219) in paragraph at lines 518--519
[]\TU/Lato(0)/m/n/10 That the regularised-linear class is the right one
 []


Underfull \hbox (badness 1112) in paragraph at lines 518--519
\TU/Lato(0)/m/n/10 is itself tested, not assumed. A gradient-boosted
 []


Underfull \hbox (badness 10000) in paragraph at lines 518--519
\TU/Lato(0)/m/n/10 regression-tree ensemble (XGBoost) — the one
 []


Underfull \hbox (badness 10000) in paragraph at lines 518--519
\TU/Lato(0)/m/n/10 machine-learning model tested against the
 []


Underfull \hbox (badness 1242) in paragraph at lines 518--519
\TU/Lato(0)/m/n/10 regularised-linear class — scores far worse on the
 []


Underfull \hbox (badness 1466) in paragraph at lines 518--519
\TU/Lato(0)/m/n/10 same pooled panel, about 13% MAPE, because a
 []


Underfull \hbox (badness 10000) in paragraph at lines 518--519
\TU/Lato(0)/m/n/10 high-variance learner cannot exploit ninety-odd
 []


Underfull \hbox (badness 1629) in paragraph at lines 518--519
\TU/Lato(0)/m/n/10 country-years and over-reacts to Tajikistan’s small,
 []


Underfull \hbox (badness 1259) in paragraph at lines 520--521
[]\TU/Lato(0)/m/n/10 Why, then, is the deployed model a \TU/Lato(0)/m/it/10 dri
ver \TU/Lato(0)/m/n/10 model
 []


Underfull \hbox (badness 2197) in paragraph at lines 520--521
\TU/Lato(0)/m/n/10 at all, when the best ex-ante score in Table 4.1
 []


Underfull \hbox (badness 2277) in paragraph at lines 520--521
\TU/Lato(0)/m/n/10 belongs to the ARIMA(1,1,0) — 9.2% against the
 []


Underfull \hbox (badness 1189) in paragraph at lines 520--521
\TU/Lato(0)/m/n/10 product is not a single demand number; it is the
 []


Underfull \hbox (badness 1178) in paragraph at lines 520--521
\TU/Lato(0)/b/n/10 a driver model can generate either. \TU/Lato(0)/m/n/10 A uni
variate
 []

[11] [12]
Underfull \hbox (badness 10000) in paragraph at lines 522--523
[]\TU/Lato(0)/m/n/10 Among the driver models, the \TU/Lato(0)/m/it/10 single-co
untry
 []


Underfull \hbox (badness 6063) in paragraph at lines 522--523
\TU/Lato(0)/m/n/10 The single-country models forecast the project’s
 []


Underfull \hbox (badness 3460) in paragraph at lines 522--523
\TU/Lato(0)/m/n/10 own reported series — the bridged IEA–StatSUZ
 []


Underfull \hbox (badness 4441) in paragraph at lines 522--523
\TU/Lato(0)/m/n/10 consumption path of Chapter 3 — whereas the
 []


Underfull \hbox (badness 3492) in paragraph at lines 522--523
\TU/Lato(0)/m/n/10 series, comparable across the four countries but
 []


Underfull \hbox (badness 1117) in paragraph at lines 522--523
\TU/Lato(0)/m/n/10 defined on a different basis. The pooled model’s
 []


Underfull \hbox (badness 1442) in paragraph at lines 522--523
\TU/Lato(0)/m/n/10 6% is therefore earned on a different target; the
 []


Underfull \hbox (badness 5302) in paragraph at lines 522--523
\TU/Lato(0)/m/n/10 cross-family comparison is indicative rather than
 []


Underfull \hbox (badness 6592) in paragraph at lines 522--523
\TU/Lato(0)/m/n/10 the single-country hold-out cannot itself supply,
 []


Underfull \hbox (badness 2856) in paragraph at lines 522--523
\TU/Lato(0)/m/n/10 that the structural relationship survives once the
 []


Underfull \hbox (badness 1668) in paragraph at lines 522--523
\TU/Lato(0)/m/n/10 validated as structural and because it returns the
 []


Underfull \hbox (badness 4144) in paragraph at lines 526--527
\TU/Lato(0)/m/n/10 The advisory question is finally about supply —
 []


Underfull \hbox (badness 1577) in paragraph at lines 526--527
\TU/Lato(0)/m/n/10 intensity — so the method closes the chain from
 []


Underfull \hbox (badness 1237) in paragraph at lines 526--527
\TU/Lato(0)/m/n/10 emissions, regenerated from the live model rather
 []


Underfull \hbox (badness 2005) in paragraph at lines 526--527
\TU/Lato(0)/m/n/10 demand path: total generation is set to demand
 []


Underfull \hbox (badness 2744) in paragraph at lines 526--527
\TU/Lato(0)/m/n/10 then differ \TU/Lato(0)/b/n/10 only \TU/Lato(0)/m/n/10 in re
newable build-out ambition,
 []


Underfull \hbox (badness 1226) in paragraph at lines 528--529
\TU/Lato(0)/m/n/10 the demand path combines the model’s predictive
 []


Underfull \hbox (badness 7832) in paragraph at lines 528--529
\TU/Lato(0)/m/n/10 standard deviation — which captures parameter
 []


Underfull \hbox (badness 4168) in paragraph at lines 528--529
\TU/Lato(0)/m/n/10 and residual uncertainty — with three calibrated
 []


Underfull \hbox (badness 2042) in paragraph at lines 528--529
\TU/Lato(0)/m/n/10 trajectories, which turn on policy and investment
 []

[13]
Underfull \hbox (badness 1142) in paragraph at lines 534--535
\TU/Lato(0)/m/n/10 scenarios that turn that demand into a renewable
 []

Requested font "cmmi12" at 14.4pt
 -> cmmi12
Requested font "cmsy10" at 14.4pt
 -> cmsy10
Requested font "cmex10" at 14.4pt
 -> cmex10
Requested font "msam10" at 14.4pt
 -> msam10
Requested font "msbm10" at 14.4pt
 -> msbm10
Requested font "cmr12" at 14.4pt
 -> cmr12

Underfull \hbox (badness 2762) in paragraph at lines 544--545
[]\TU/Lato(0)/m/n/10 The exploratory analysis predicted that electricity
 []


Underfull \hbox (badness 2134) in paragraph at lines 544--545
\TU/Lato(0)/m/n/10 on top. Nothing in the data suggested demand
 []


Underfull \hbox (badness 1292) in paragraph at lines 544--545
\TU/Lato(0)/m/n/10 was near saturation. The forecast bears this out
 []


Underfull \hbox (badness 1675) in paragraph at lines 544--545
\TU/Lato(0)/m/n/10 Bayesian-ridge model projects demand rising from
 []


Underfull \hbox (badness 1721) in paragraph at lines 546--547
\TU/Lato(0)/m/n/10 growth-optimistic end of a plausible range, not a
 []


Underfull \hbox (badness 1360) in paragraph at lines 546--547
\TU/Lato(0)/m/n/10 that lifts demand rather than letting it taper, and
 []


Underfull \hbox (badness 3657) in paragraph at lines 546--547
\TU/Lato(0)/m/n/10 on: a higher demand denominator makes every
 []


Underfull \hbox (badness 7685) in paragraph at lines 546--547
\TU/Lato(0)/m/n/10 renewable-\TU/Lato(0)/m/it/10 share \TU/Lato(0)/m/n/10 targe
t harder to reach, so the
 []

File: figures/forecast_demand_bayes_ridge.png Graphic file (type bmp)
<figures/forecast_demand_bayes_ridge.png>

Underfull \hbox (badness 1253) in paragraph at lines 556--556
[][][]\TU/Lato(0)/m/n/8 From the project’s GitHub repository: forecast_demand.c
sv
 []


Underfull \hbox (badness 1205) in paragraph at lines 556--557
\TU/Lato(0)/m/n/10 in 2017–18, and drivers that must themselves be
 []


Underfull \hbox (badness 3250) in paragraph at lines 558--559
[]\TU/Lato(0)/m/n/10 What matters more than the width is what the
 []


Underfull \hbox (badness 5637) in paragraph at lines 558--559
\TU/Lato(0)/m/n/10 the fan appears. The band is built from the
 []


Underfull \hbox (badness 1077) in paragraph at lines 558--559
\TU/Lato(0)/m/n/10 model’s predictive standard deviation — parameter
 []


Underfull \hbox (badness 5331) in paragraph at lines 558--559
\TU/Lato(0)/m/n/10 scenarios. It does not propagate the error in
 []

[14]
Underfull \hbox (badness 1360) in paragraph at lines 567--572
\TU/Lato(0)/m/n/10 scenarios ($\OT1/cmr/m/n/10 80\OML/cmm/m/it/10 :\OT1/cmr/m/n
/10 6 \OMS/cmsy/m/n/10 ! \OT1/cmr/m/n/10 135\OML/cmm/m/it/10 :\OT1/cmr/m/n/10 1
$ \TU/Lato(0)/m/n/10 TWh). Each renewable
 []


Underfull \hbox (badness 8189) in paragraph at lines 580--580
[][][]\TU/Lato(0)/m/n/8 From the project’s GitHub repository: scenario engine,
 []


Underfull \hbox (badness 1158) in paragraph at lines 580--581
[]\TU/Lato(0)/m/n/10 The supply scenarios begin by converting demand
 []


Underfull \hbox (badness 2213) in paragraph at lines 580--581
\TU/Lato(0)/m/n/10 it. That conversion grosses demand up for grid
 []


Underfull \hbox (badness 1377) in paragraph at lines 580--581
\TU/Lato(0)/m/n/10 loss-reconciliation Chapter 6 opens with), so total
 []


Underfull \hbox (badness 2065) in paragraph at lines 580--581
\TU/Lato(0)/m/n/10 of interest — build-out ambition — from demand
 []


Underfull \hbox (badness 8189) in paragraph at lines 588--588
[][][]\TU/Lato(0)/m/n/8 From the project’s GitHub repository: scenario engine,
 []


Underfull \hbox (badness 1038) in paragraph at lines 588--589
\TU/Lato(0)/m/n/10 rise only as fast as new solar and wind are built,
 []


Underfull \hbox (badness 1092) in paragraph at lines 588--589
\TU/Lato(0)/m/n/10 because hydropower is already fully used and gas
 []

[15]
Underfull \hbox (badness 1194) in paragraph at lines 590--591
\TU/Lato(0)/m/it/10 a technology capacity factor\TU/Lato(0)/m/n/10 . The 2024 v
alue this
 []


Underfull \hbox (badness 1412) in paragraph at lines 590--591
\TU/Lato(0)/m/n/10 produces — about 22.6% total renewables (10.3%
 []


Underfull \hbox (badness 2359) in paragraph at lines 590--591
\TU/Lato(0)/m/n/10 non-hydro) — runs \TU/Lato(0)/m/it/10 higher \TU/Lato(0)/m/n
/10 than the independently
 []


Underfull \hbox (badness 6220) in paragraph at lines 590--591
\TU/Lato(0)/m/n/10 basis), because the reconstruction credits newly
 []

File: figures/forecast_scenarios.png Graphic file (type bmp)
<figures/forecast_scenarios.png>

Underfull \hbox (badness 8189) in paragraph at lines 600--600
[][][]\TU/Lato(0)/m/n/8 From the project’s GitHub repository: scenario engine,
 []


Underfull \hbox (badness 3942) in paragraph at lines 600--601
\TU/Lato(0)/m/n/10 show that pattern either breaking or continuing,
 []


Underfull \hbox (badness 2111) in paragraph at lines 600--601
\TU/Lato(0)/b/n/10 — higher than today \TU/Lato(0)/m/n/10 — against 54.0 TWh un
der
 []


Underfull \hbox (badness 4792) in paragraph at lines 604--606
\TU/Lato(0)/m/n/10 Grid carbon intensity is the generation-weighted
 []


Underfull \hbox (badness 8189) in paragraph at lines 615--615
[][][]\TU/Lato(0)/m/n/8 From the project’s GitHub repository: scenario engine,
 []


Underfull \hbox (badness 8189) in paragraph at lines 615--615
[][][]\TU/Lato(0)/m/n/8 From the project’s GitHub repository: scenario engine,
 []


Underfull \hbox (badness 2173) in paragraph at lines 615--616
\TU/Lato(0)/m/n/10 mix held steady (project Notebook 03 §8). The
 []


Underfull \hbox (badness 2762) in paragraph at lines 615--616
\TU/Lato(0)/m/n/10 2024 mix is implied from capacity figures rather
 []


Underfull \hbox (badness 1762) in paragraph at lines 615--616
\TU/Lato(0)/m/n/10 regrows, so the business-as-usual grid in 2040 is
 []


Underfull \hbox (badness 1189) in paragraph at lines 615--616
\TU/Lato(0)/m/n/10 dirtier per kilowatt-hour than it was in 2030. In
 []


Underfull \hbox (badness 1072) in paragraph at lines 615--616
\TU/Lato(0)/m/n/10 — a factor of nearly five in carbon intensity — is
 []

File: figures/forecast_co2.png Graphic file (type bmp)
<figures/forecast_co2.png>
[16] [17]
Underfull \hbox (badness 1102) in paragraph at lines 629--629
[][][]\TU/Lato(0)/m/n/8 From the project’s GitHub repository: capacity columns 
of
 []


Underfull \hbox (badness 1622) in paragraph at lines 629--630
\TU/Lato(0)/m/n/10 binding. The legislated goal is a 40% renewable
 []


Underfull \hbox (badness 1122) in paragraph at lines 629--630
\TU/Lato(0)/m/n/10 headline share target is not, on these projections,
 []


Underfull \hbox (badness 2591) in paragraph at lines 629--630
\TU/Lato(0)/m/n/10 the demanding constraint. The harder tests are
 []


Underfull \hbox (badness 2245) in paragraph at lines 629--630
\TU/Lato(0)/m/n/10 two. First, the \TU/Lato(0)/m/it/10 capacity \TU/Lato(0)/m/n
/10 target: total renewable
 []


Underfull \hbox (badness 2057) in paragraph at lines 629--630
\TU/Lato(0)/b/n/10 Accelerated\TU/Lato(0)/m/n/10 , so only the Accelerated buil
d meets
 []


Underfull \hbox (badness 2617) in paragraph at lines 629--630
\TU/Lato(0)/m/n/10 trajectory are where ambition actually has to be
 []


Underfull \hbox (badness 1005) in paragraph at lines 629--630
\TU/Lato(0)/m/n/10 financed — and that is precisely where Chapter 6
 []


Underfull \hbox (badness 3049) in paragraph at lines 633--633
|\TU/Lato(0)/b/n/10 6.1 The loss-rate reconciliation, and the prize it
 []


Underfull \hbox (badness 4726) in paragraph at lines 639--640
\TU/Lato(0)/m/n/10 in this chapter can be read, because two very
 []


Underfull \hbox (badness 10000) in paragraph at lines 639--640
\TU/Lato(0)/m/n/10 Uzbekistan’s realized transmission-and-distribution
 []


Underfull \hbox (badness 2538) in paragraph at lines 639--640
\TU/Lato(0)/m/n/10 pre-2001 narrow-basis loss series (§3.6), and the
 []


Underfull \hbox (badness 1303) in paragraph at lines 639--640
\TU/Lato(0)/m/n/10 government’s forward loss-\TU/Lato(0)/m/it/10 reduction targ
et \TU/Lato(0)/m/n/10 used to
 []


Underfull \hbox (badness 1546) in paragraph at lines 639--640
\TU/Lato(0)/m/n/10 gross demand up into generation (§4.6 and §5.4).
 []


Underfull \hbox (badness 1701) in paragraph at lines 639--640
\TU/Lato(0)/b/n/10 them is the modernization prize. \TU/Lato(0)/m/n/10 Roughly 
seven
 []

File: figures/eda_td_losses.png Graphic file (type bmp)
<figures/eda_td_losses.png>

Underfull \hbox (badness 1178) in paragraph at lines 647--647
|\TU/Lato(0)/b/n/10 6.2 Signal 1 — Reserve headroom, not a forecast
 []


Underfull \hbox (badness 1983) in paragraph at lines 649--650
\TU/Lato(0)/m/n/10 to make. The deficit analysis compares required
 []


Underfull \hbox (badness 1286) in paragraph at lines 649--650
\TU/Lato(0)/m/n/10 generation (demand grossed up for losses) against
 []


Underfull \hbox (badness 1365) in paragraph at lines 649--650
\TU/Lato(0)/m/n/10 margin the build-out must carry to stay adequate
 []


Underfull \hbox (badness 1874) in paragraph at lines 653--654
\TU/Lato(0)/b/n/10 Accelerated\TU/Lato(0)/m/n/10 , where it plateaus from 2030 
(gas is
 []

[18]
Underfull \hbox (badness 3168) in paragraph at lines 655--656
[]\TU/Lato(0)/m/n/10 That power-sector draw lands on a national gas
 []


Underfull \hbox (badness 5970) in paragraph at lines 655--656
\TU/Lato(0)/m/n/10 balance that is itself tightening, and the wider
 []


Underfull \hbox (badness 1845) in paragraph at lines 655--656
\TU/Lato(0)/m/n/10 picture sharpens the signal (Figure 6.2). On the
 []


Underfull \hbox (badness 1983) in paragraph at lines 655--656
\TU/Lato(0)/m/n/10 StatSUZ energy-balance basis, gas production has
 []

File: figures/gas_production_consumption.png Graphic file (type bmp)
<figures/gas_production_consumption.png>

Underfull \hbox (badness 7221) in paragraph at lines 665--666
\TU/Lato(0)/m/n/10 The third signal is the loss rate of §6.1 read
 []


Underfull \hbox (badness 2951) in paragraph at lines 665--666
\TU/Lato(0)/m/n/10 as a \TU/Lato(0)/m/it/10 trend \TU/Lato(0)/m/n/10 rather tha
n a level: losses have not
 []


Underfull \hbox (badness 4792) in paragraph at lines 665--666
\TU/Lato(0)/m/n/10 near 16% for two decades, with no downward
 []


Underfull \hbox (badness 3428) in paragraph at lines 665--666
\TU/Lato(0)/m/n/10 trajectory in the confirmed record (Figure 6.1)[][][][][].
 []


Underfull \hbox (badness 2205) in paragraph at lines 665--666
\TU/Lato(0)/m/n/10 Persistence is itself the signal. A loss rate that
 []


Underfull \hbox (badness 1460) in paragraph at lines 665--666
\TU/Lato(0)/m/n/10 drifted down would suggest the problem is being
 []


Underfull \hbox (badness 5862) in paragraph at lines 665--666
\TU/Lato(0)/m/n/10 solved by incremental maintenance; a loss rate
 []


Underfull \hbox (badness 3657) in paragraph at lines 665--666
\TU/Lato(0)/m/n/10 indicates chronic underinvestment in transmission
 []


Underfull \hbox (badness 2662) in paragraph at lines 665--666
\TU/Lato(0)/m/n/10 and distribution that ordinary operations will not
 []


Underfull \hbox (badness 1721) in paragraph at lines 665--666
\TU/Lato(0)/m/n/10 fix. This is the demand-side complement to the
 []


Underfull \hbox (badness 3838) in paragraph at lines 665--666
\TU/Lato(0)/m/n/10 supply-side opportunity: the same network that
 []


Underfull \hbox (badness 6708) in paragraph at lines 667--667
|\TU/Lato(0)/b/n/10 6.5 Capital envelopes, mapped to the advisory
 []


Underfull \hbox (badness 2608) in paragraph at lines 669--670
\TU/Lato(0)/b/n/10 upper-bound envelopes\TU/Lato(0)/m/n/10 : unit costs multipl
ied by
 []

[19]
File: figures/forecast_investment.png Graphic file (type bmp)
<figures/forecast_investment.png>

Underfull \hbox (badness 1968) in paragraph at lines 674--674
[]|\TU/Lato(0)/m/it/9 Figure 6.3. Capital envelope by technology and scenario,
 []


Underfull \hbox (badness 2285) in paragraph at lines 677--678
[]\TU/Lato(0)/m/n/10 Mapped to the five categories through which an
 []


Underfull \hbox (badness 7667) in paragraph at lines 677--678
\TU/Lato(0)/m/n/10 engineering-advisory practice would engage, the
 []


Underfull \hbox (badness 3668) in paragraph at lines 677--678
\TU/Lato(0)/m/n/10 Government-path programme falls out as follows
 []


Underfull \hbox (badness 6741) in paragraph at lines 696--697
\TU/Lato(0)/m/n/10 commercially; grid modernization and renewable
 []


Underfull \hbox (badness 1102) in paragraph at lines 696--697
\TU/Lato(0)/m/n/10 and PPP-structuring categories are where advisory
 []


Underfull \hbox (badness 4441) in paragraph at lines 700--700
[][][]\TU/Lato(0)/m/n/8 From the project’s GitHub repository: Plan-B sensitivit
y,
 []


Underfull \hbox (badness 3240) in paragraph at lines 700--700
[][][]\TU/Lato(0)/m/n/8 From the project’s GitHub repository: Plan-B cost range

 []


Underfull \hbox (badness 1231) in paragraph at lines 700--701
\TU/Lato(0)/m/n/10 One contingency sits outside the three renewable
 []


Underfull \hbox (badness 1189) in paragraph at lines 700--701
\TU/Lato(0)/m/n/10 scenarios and is modelled as a parametric overlay
 []


Underfull \hbox (badness 2680) in paragraph at lines 700--701
\TU/Lato(0)/m/n/10 rather than folded into the baseline, because its
 []


Underfull \hbox (badness 1769) in paragraph at lines 700--701
\TU/Lato(0)/m/n/10 plant — a 2.1 GW integrated station pairing two
 []


Underfull \hbox (badness 4608) in paragraph at lines 700--701
\TU/Lato(0)/m/n/10 VVER-1000 reactors with two RITM-200N small
 []


Underfull \hbox (badness 5847) in paragraph at lines 700--701
\TU/Lato(0)/m/n/10 close to load and reducing how much western
 []


Underfull \hbox (badness 1888) in paragraph at lines 700--701
\TU/Lato(0)/m/n/10 (Figure 6.4). At the 1.2 GW grid point, nuclear
 []


Underfull \hbox (badness 2717) in paragraph at lines 702--703
\TU/Lato(0)/m/n/10 would be the most consequential single asset in
 []


Underfull \hbox (badness 1424) in paragraph at lines 702--703
\TU/Lato(0)/m/n/10 in Central Asia. The value is locational as much
 []


Underfull \hbox (badness 2941) in paragraph at lines 702--703
\TU/Lato(0)/m/n/10 modular reactors following (World Nuclear News,
 []


Underfull \hbox (badness 1668) in paragraph at lines 702--703
\TU/Lato(0)/m/n/10 a projection without importing the false precision
 []

[20]
File: figures/signal_planb_nuclear.png Graphic file (type bmp)
<figures/signal_planb_nuclear.png>

Underfull \hbox (badness 6842) in paragraph at lines 712--712
[][][]\TU/Lato(0)/m/n/8 From the project’s GitHub repository: interactive clien
t
 []


Underfull \hbox (badness 2426) in paragraph at lines 712--713
\TU/Lato(0)/m/n/10 four areas — an overview (country snapshot and
 []


Underfull \hbox (badness 1009) in paragraph at lines 712--713
\TU/Lato(0)/m/n/10 renders the historical 1990–2023 record alongside
 []


Underfull \hbox (badness 1360) in paragraph at lines 712--713
\TU/Lato(0)/m/n/10 the deployed Bayesian-ridge demand path — 86.0
 []


Underfull \hbox (badness 1253) in paragraph at lines 712--713
\TU/Lato(0)/m/n/10 TWh in 2030 rising toward 124 TWh in 2040 —
 []


Underfull \hbox (badness 2384) in paragraph at lines 712--713
\TU/Lato(0)/m/n/10 target. The renewable-share, carbon and capital
 []


Underfull \hbox (badness 5637) in paragraph at lines 712--713
\TU/Lato(0)/m/n/10 page — a 58.4% renewable share, 22.9 Mt of
 []


Underfull \hbox (badness 5726) in paragraph at lines 712--713
\TU/Lato(0)/m/n/10 by 2030 — are the Chapter 5 and Chapter 6
 []


Underfull \hbox (badness 1688) in paragraph at lines 712--713
\TU/Lato(0)/m/n/10 numbers rather than a separate calculation. The
 []


Underfull \hbox (badness 1502) in paragraph at lines 712--713
\TU/Lato(0)/m/n/10 the earlier forecasting bench. The tracker is the
 []


Underfull \hbox (badness 1152) in paragraph at lines 718--719
[]\TU/Lato(0)/b/n/10 The sample is small, and one break dominates it.
 []


Underfull \hbox (badness 2856) in paragraph at lines 720--721
[]\TU/Lato(0)/b/n/10 The intervals are lower bounds. \TU/Lato(0)/m/n/10 The pre
dictive
 []


Underfull \hbox (badness 3758) in paragraph at lines 720--721
\TU/Lato(0)/m/n/10 fan captures the model’s parameter and residual
 []


Underfull \hbox (badness 1132) in paragraph at lines 720--721
\TU/Lato(0)/m/n/10 the compounding of the recursive demand lag, or
 []

[21]
Underfull \hbox (badness 1062) in paragraph at lines 722--723
[]\TU/Lato(0)/b/n/10 The coefficients are not elasticities. \TU/Lato(0)/m/n/10 
Because the
 []


Underfull \hbox (badness 1077) in paragraph at lines 722--723
\TU/Lato(0)/m/n/10 The appendix tables that report them are labelled
 []


Underfull \hbox (badness 1939) in paragraph at lines 724--725
\TU/Lato(0)/m/n/10 relationship cannot be reliably estimated at thirty
 []


Underfull \hbox (badness 6078) in paragraph at lines 724--725
\TU/Lato(0)/m/n/10 observations — the test is badly underpowered
 []


Underfull \hbox (badness 4217) in paragraph at lines 724--725
\TU/Lato(0)/m/n/10 — so the report declines to fit an ECM rather
 []


Underfull \hbox (badness 1215) in paragraph at lines 724--725
\TU/Lato(0)/m/n/10 than manufacture a long-run equilibrium it cannot
 []


Underfull \hbox (badness 10000) in paragraph at lines 726--727
[]\TU/Lato(0)/b/n/10 Pooling validates structure but does not make
 []


Underfull \hbox (badness 1946) in paragraph at lines 726--727
\TU/Lato(0)/b/n/10 Uzbekistan easy. \TU/Lato(0)/m/n/10 The leave-one-country-ou
t test
 []


Underfull \hbox (badness 1102) in paragraph at lines 726--727
\TU/Lato(0)/m/n/10 shows that the large fossil systems transfer worst
 []


Underfull \hbox (badness 2970) in paragraph at lines 726--727
\TU/Lato(0)/m/n/10 (Uzbekistan 19.6%, Kazakhstan 23.4% MAPE), so
 []


Underfull \hbox (badness 5345) in paragraph at lines 726--727
\TU/Lato(0)/m/n/10 the pooled 6% is a panel average that flatters
 []


Underfull \hbox (badness 2096) in paragraph at lines 726--727
\TU/Lato(0)/m/n/10 the Uzbek-specific case; pooling corroborates the
 []


Underfull \hbox (badness 8170) in paragraph at lines 728--729
[]\TU/Lato(0)/b/n/10 The scenario base year is unreconciled. \TU/Lato(0)/m/n/10
 The
 []


Underfull \hbox (badness 7308) in paragraph at lines 728--729
\TU/Lato(0)/m/n/10 supply scenarios begin from a 2024 renewable
 []


Underfull \hbox (badness 10000) in paragraph at lines 728--729
\TU/Lato(0)/m/n/10 share ($\OMS/cmsy/m/n/10 ^^Y$\TU/Lato(0)/m/n/10 22.6%) highe
r than Chapter 2’s
 []


Underfull \hbox (badness 3058) in paragraph at lines 728--729
\TU/Lato(0)/m/n/10 independently sourced figure ($\OMS/cmsy/m/n/10 ^^Y$\TU/Lato
(0)/m/n/10 16%), most likely
 []


Underfull \hbox (badness 6047) in paragraph at lines 730--731
\TU/Lato(0)/m/n/10 series — constructible from the tariff schedules
 []


Underfull \hbox (badness 4954) in paragraph at lines 730--731
\TU/Lato(0)/m/n/10 with a genuine price term and would turn the
 []


Underfull \hbox (badness 2237) in paragraph at lines 730--731
\TU/Lato(0)/m/n/10 environment permits. Second, an oblast-level or
 []


Underfull \hbox (badness 1147) in paragraph at lines 730--731
\TU/Lato(0)/m/n/10 and let the spatial east–west mismatch (§2.5) and
 []


Underfull \hbox (badness 2644) in paragraph at lines 730--731
\TU/Lato(0)/m/n/10 the cross-country pool beyond Central Asia to a
 []


Underfull \hbox (badness 2384) in paragraph at lines 730--731
\TU/Lato(0)/m/n/10 analysis found only partly transferable within the
 []


Underfull \hbox (badness 1694) in paragraph at lines 732--733
[]\TU/Lato(0)/m/n/10 These same extensions would also widen the set
 []


Underfull \hbox (badness 3514) in paragraph at lines 732--733
\TU/Lato(0)/m/n/10 of model classes the data can bear. At about
 []


Underfull \hbox (badness 2538) in paragraph at lines 732--733
\TU/Lato(0)/m/n/10 thirty observations the analysis cannot support a
 []


Underfull \hbox (badness 2165) in paragraph at lines 732--733
\TU/Lato(0)/m/n/10 high-capacity learner — the gradient-boosted tree
 []


Underfull \hbox (badness 6978) in paragraph at lines 732--733
\TU/Lato(0)/m/n/10 (XGBoost) of §4.5 was tested and lost to the
 []


Underfull \hbox (badness 5403) in paragraph at lines 732--733
\TU/Lato(0)/m/n/10 regularised-linear models for exactly this reason,
 []


Underfull \hbox (badness 7433) in paragraph at lines 732--733
\TU/Lato(0)/m/n/10 over-fitting a sample too small to discipline it.
 []


Underfull \hbox (badness 3547) in paragraph at lines 732--733
\TU/Lato(0)/m/n/10 would multiply the effective observations to the
 []

[22]
Underfull \hbox (badness 1406) in paragraph at lines 736--737
\TU/Lato(0)/m/n/10 sector and found a system whose structure is its
 []


Underfull \hbox (badness 1616) in paragraph at lines 736--737
\TU/Lato(0)/m/n/10 its throughput must absorb whatever transition is
 []


Underfull \hbox (badness 1400) in paragraph at lines 738--739
\TU/Lato(0)/m/n/10 Accelerated path carries to the legislated capacity
 []


Underfull \hbox (badness 2799) in paragraph at lines 738--739
\TU/Lato(0)/m/n/10 a $\OMS/cmsy/m/n/10 ^^X$\TU/Lato(0)/m/n/10 9% target, define
 a modernization prize that
 []


Underfull \hbox (badness 6188) in paragraph at lines 738--739
\TU/Lato(0)/m/n/10 is simultaneously a decarbonisation lever and a
 []


Underfull \hbox (badness 1990) in paragraph at lines 738--739
\TU/Lato(0)/m/n/10 cost recovery; a west-to-east evacuation problem
 []


Underfull \hbox (badness 4518) in paragraph at lines 738--739
\TU/Lato(0)/m/n/10 that new transmission must solve; a gas-import
 []


Underfull \hbox (badness 5681) in paragraph at lines 738--739
\TU/Lato(0)/m/n/10 exposure that renewable build-out converts into
 []


Underfull \hbox (badness 10000) in paragraph at lines 738--739
\TU/Lato(0)/m/n/10 energy security; and a firm-capacity hedge at
 []


Underfull \hbox (badness 4328) in paragraph at lines 738--739
\TU/Lato(0)/m/n/10 is the modernization-and-integration layer, where
 []


Underfull \hbox (badness 2158) in paragraph at lines 738--739
\TU/Lato(0)/m/n/10 pace, because the BAU trajectory shows that an
 []


Underfull \hbox (badness 4765) in paragraph at lines 738--739
\TU/Lato(0)/m/n/10 unsustained transition does not merely stall but
 []


Underfull \hbox (badness 1931) in paragraph at lines 738--739
\TU/Lato(0)/m/n/10 reverses. A forecast built on thirty observations
 []


Underfull \hbox (badness 1859) in paragraph at lines 744--745
[]\TU/Lato(0)/m/n/10 Asian Development Bank. (n.d.). \TU/Lato(0)/m/it/10 Centra
l Asia
 []


Underfull \hbox (badness 5970) in paragraph at lines 744--745
\TU/Lato(0)/m/it/10 Power System: Operational history and thermal
 []


Underfull \hbox (badness 10000) in paragraph at lines 748--749
[]\TU/Lato(0)/m/n/10 Central Asia Regional Economic Cooperation
 []

Requested font "[lmmono10-regular]:" at 10.0pt
 -> lmmono10-regular

Underfull \hbox (badness 1742) in paragraph at lines 756--757
[]\TU/Lato(0)/m/n/10 Eurasian Research Institute. (n.d.). \TU/Lato(0)/m/it/10 U
zbekistan
 []


Underfull \hbox (badness 10000) in paragraph at lines 758--759
[]\TU/Lato(0)/m/n/10 European Bank for Reconstruction and
 []


Underfull \hbox (badness 1596) in paragraph at lines 762--763
[]\TU/Lato(0)/m/n/10 Global Solar Atlas. (n.d.). \TU/Lato(0)/m/it/10 Solar reso
urce data:
 []


Underfull \hbox (badness 5696) in paragraph at lines 764--765
\TU/Lato(0)/m/it/10 resolution PP-3981 on measures for the further
 []


Underfull \hbox (badness 10000) in paragraph at lines 764--765
\TU/Lato(0)/m/it/10 development of renewable energy \TU/Lato(0)/m/n/10 [locator
 to
 []


Underfull \hbox (badness 7486) in paragraph at lines 766--767
\TU/Lato(0)/m/it/10 resolution PP-4249 on the restructuring of JSC
 []


Underfull \hbox (badness 10000) in paragraph at lines 770--771
[]\TU/Lato(0)/m/n/10 Granger, C. W. J., & Newbold, P. (1974).
 []


Underfull \hbox (badness 3568) in paragraph at lines 770--771
\TU/Lato(0)/m/n/10 Spurious regressions in econometrics. \TU/Lato(0)/m/it/10 Jo
urnal
 []


Underfull \hbox (badness 1460) in paragraph at lines 772--773
[]\TU/Lato(0)/m/n/10 Hoerl, A. E., & Kennard, R. W. (1970). Ridge
 []


Underfull \hbox (badness 2600) in paragraph at lines 776--777
[]\TU/Lato(0)/m/n/10 Hyndman, R. J., & Athanasopoulos, G. (2021).
 []


Underfull \hbox (badness 2126) in paragraph at lines 780--781
\TU/Lato(0)/m/it/10 gas emissions from energy \TU/Lato(0)/m/n/10 [Data set; loc
ator to
 []


Underfull \hbox (badness 3118) in paragraph at lines 788--789
[]\TU/Lato(0)/m/n/10 International Monetary Fund. (2026). \TU/Lato(0)/m/it/10 W
orld
 []

[23]
Underfull \hbox (badness 6461) in paragraph at lines 794--795
[]\TU/Lato(0)/m/n/10 Lewis, C. D. (1982). \TU/Lato(0)/m/it/10 Industrial and bu
siness
 []


Underfull \hbox (badness 1448) in paragraph at lines 796--797
\TU/Lato(0)/m/n/10 approach to interpreting model predictions. In
 []


Underfull \hbox (badness 10000) in paragraph at lines 798--799
\TU/Lato(0)/m/n/10 Joint Research Centre, European Commission
 []


Underfull \hbox (badness 6110) in paragraph at lines 800--801
\TU/Lato(0)/m/it/10 and fuel–energy balance \TU/Lato(0)/m/n/10 [Data set; locat
or to
 []


Underfull \hbox (badness 6859) in paragraph at lines 802--803
[]\TU/Lato(0)/m/n/10 Open-Meteo. (n.d.). \TU/Lato(0)/m/it/10 Historical weather
 API
 []


Underfull \hbox (badness 1571) in paragraph at lines 808--809
[]\TU/Lato(0)/m/n/10 Rosatom. (2025). \TU/Lato(0)/m/it/10 Jizzakh nuclear power
 plant:
 []


Underfull \hbox (badness 5622) in paragraph at lines 818--819
[]\TU/Lato(0)/m/n/10 World Bank. (2025). \TU/Lato(0)/m/it/10 Electricity Distri
bution
 []


Underfull \hbox (badness 10000) in paragraph at lines 849--849
|\TU/Lato(0)/b/n/10 Appendix B — Leave-one-country-out (LOCO)
 []


Underfull \hbox (badness 2837) in paragraph at lines 851--852
\TU/Lato(0)/m/n/10 of the pooled structure (§4.5). Source: project
 []


Underfull \hbox (badness 5091) in paragraph at lines 871--872
\TU/Lato(0)/m/n/10 The fitted weights below are \TU/Lato(0)/b/n/10 regularised 
partial
 []


Underfull \hbox (badness 1418) in paragraph at lines 871--872
\TU/Lato(0)/m/n/10 for transparency only; their signs and magnitudes
 []


Underfull \hbox (badness 1303) in paragraph at lines 871--872
\TU/Lato(0)/m/n/10 the income term carries a \TU/Lato(0)/m/it/10 negative \TU/L
ato(0)/m/n/10 point estimate
 []


Underfull \hbox (badness 1237) in paragraph at lines 871--872
\TU/Lato(0)/m/n/10 why the coefficients are not interpreted. Source:
 []


Underfull \hbox (badness 10000) in paragraph at lines 871--872
\TU/Lato(0)/m/n/10 forecast_drivers_v2_coefs.csv (first-differenced log
 []


Underfull \hbox (badness 10000) in paragraph at lines 950--950
|\TU/Lato(0)/b/n/10 Appendix E — Dashboard description and
 []


Underfull \hbox (badness 3291) in paragraph at lines 952--953
\TU/Lato(0)/m/n/10 10) renders the analysis interactively across four
 []


Underfull \hbox (badness 1253) in paragraph at lines 952--953
\TU/Lato(0)/m/n/10 path ($\OMS/cmsy/m/n/10 ^^Y$\TU/Lato(0)/m/n/10 124 TWh by 20
40), names that model as
 []


Underfull \hbox (badness 10000) in paragraph at lines 958--959
[]\TU/Lato(0)/b/n/10 Confirmed electricity record: \TU/Lato(0)/m/n/10 1990–2023
,
 []


Underfull \hbox (badness 1082) in paragraph at lines 958--959
\TU/Lato(0)/m/n/10 IEA-consumption basis; $\OMS/cmsy/m/n/10 ^^X$\TU/Lato(0)/m/n
/10 30 effective modelling
 []


Underfull \hbox (badness 1308) in paragraph at lines 960--961
\TU/Lato(0)/m/n/10 generation factor $\OMS/cmsy/m/n/10 ^^Y$ \TU/Lato(0)/m/n/10 
0.99); $\OMS/cmsy/m/n/10 ^^X$\TU/Lato(0)/m/n/10 77.7 TWh bridged
 []


Underfull \hbox (badness 10000) in paragraph at lines 962--963
[]\TU/Lato(0)/b/n/10 Provisional: \TU/Lato(0)/m/n/10 2024–2026 flagged prelimin
ary;
 []

[24]
Overfull \hbox (0.51183pt too wide) in paragraph at lines 970--971
[]\TU/Lato(0)/b/n/10 Key output files: \TU/Lato(0)/m/n/10 forecast_demand_bayes
_ridge.csv,
 []


Underfull \hbox (badness 10000) in paragraph at lines 970--971
\TU/Lato(0)/m/n/10 forecast_demand.csv,
 []


Underfull \hbox (badness 10000) in paragraph at lines 970--971
\TU/Lato(0)/m/n/10 forecast_scenarios.csv, forecast_co2.csv,
 []


Underfull \hbox (badness 10000) in paragraph at lines 970--971
\TU/Lato(0)/m/n/10 forecast_scenarios_with_nuclear.csv,
 []


Underfull \hbox (badness 10000) in paragraph at lines 970--971
\TU/Lato(0)/m/n/10 forecast_scoreboard_advanced.csv,
 []


Underfull \hbox (badness 10000) in paragraph at lines 970--971
\TU/Lato(0)/m/n/10 investment_signals.csv,
 []


Underfull \hbox (badness 10000) in paragraph at lines 970--971
\TU/Lato(0)/m/n/10 investment_signal_{deficit,gas,td}.csv (all project
 []


Underfull \hbox (badness 1112) in paragraph at lines 976--977
\TU/Lato(0)/m/n/10 This appendix collects four economy-wide exhibits
 []


Underfull \hbox (badness 3536) in paragraph at lines 976--977
\TU/Lato(0)/m/n/10 place its central findings in their national-energy
 []

File: figures/appendixG_co2_economy.png Graphic file (type bmp)
<figures/appendixG_co2_economy.png>

Underfull \hbox (badness 10000) in paragraph at lines 986--987
[]\TU/Lato(0)/b/n/10 Liquids: a shrinking, condensate-tilting pool.
 []


Underfull \hbox (badness 7047) in paragraph at lines 986--987
\TU/Lato(0)/m/n/10 upstream that pushes gas self-sufficiency below
 []

File: figures/appendixG_liquids.png Graphic file (type bmp)
<figures/appendixG_liquids.png>
File: figures/appendixG_primary_energy.png Graphic file (type bmp)
<figures/appendixG_primary_energy.png>
File: figures/appendixG_energy_intensity.png Graphic file (type bmp)
<figures/appendixG_energy_intensity.png>

Underfull \hbox (badness 10000) in paragraph at lines 1008--1009
[]\TU/Lato(0)/b/n/10 Energy intensity: a steep, sustained
 []


Underfull \hbox (badness 1184) in paragraph at lines 1008--1009
\TU/Lato(0)/m/n/10 the per-capita emissions decline of G.1 to coexist
 []


Underfull \hbox (badness 1412) in paragraph at lines 1008--1009
\TU/Lato(0)/m/n/10 backdrop against which the report’s $\OMS/cmsy/m/n/10 ^^X$\T
U/Lato(0)/m/n/10 9% forward
 []

[25] [26] [27] 
AED: lastpage setting LastPage
[28

] (Uzbekistan_Power_Sector_2040.aux)

LaTeX Font Warning: Some font shapes were not available, defaults substituted.

Package rerunfilecheck Info: File `Uzbekistan_Power_Sector_2040.out' has not ch
anged.
(rerunfilecheck)             Checksum: 1A19DE43301F28034FE32C01EA88CA26;1898.
 )
Output written on Uzbekistan_Power_Sector_2040.xdv (30 pages, 1220660 bytes).
